kode_barang	isi_excel	kemasan_excel	isi_db_before	kemasan_db_before	status
AABAC01	10.00	1000.00	10.00	1000.00	SAME
AABAC02	0.00	0.00	0.00	0.00	SAME
AABAC03	20.00	500.00	20.00	500.00	SAME
AABAC04	40.00	250.00	40.00	250.00	SAME
AABAC05	48.00	100.00	48.00	100.00	SAME
AABAC06	24.00	200.00	24.00	200.00	SAME
AABAC07	50.00	100.00	0.00	0.00	CHANGE
AABAC08	1.00	100.00	0.00	0.00	CHANGE
AABAC09	50.00	100.00	50.00	100.00	SAME
AABAD01	120.00	40.00	120.00	40.00	SAME
AABAD02	400.00	10.00	400.00	10.00	SAME
AABEN01	100.00	100.00	100.00	100.00	SAME
AABEN02	40.00	250.00	40.00	250.00	SAME
AABOJ01	100.00	100.00	100.00	100.00	SAME
AABOJ02	200.00	50.00	200.00	50.00	SAME
AABOJO01	100.00	100.00	100.00	100.00	SAME
AABUK01	20.00	500.00	20.00	500.00	SAME
AACAP01	40.00	100.00	40.00	100.00	SAME
AACAP02	50.00	100.00	50.00	100.00	SAME
AACCO01	50.00	100.00	50.00	100.00	SAME
AACCO02	15.00	1000.00	15.00	1000.00	SAME
AACCO03	15.00	1000.00	0.00	0.00	CHANGE
AACCO04	20.00	500.00	20.00	500.00	SAME
AACCU01	1.00	0.00	0.00	0.00	CHANGE
AACCU02	1.00	0.00	1.00	1.00	CHANGE
AACEM01	80.00	100.00	80.00	100.00	SAME
AACEM02	20.00	400.00	20.00	400.00	SAME
AACEO01	100.00	100.00	0.00	0.00	CHANGE
AACEO02	25.00	400.00	25.00	400.00	SAME
AACEO03	20.00	400.00	0.00	0.00	CHANGE
AACEO04	25.00	400.00	0.00	0.00	CHANGE
AACRO01	120.00	40.00	120.00	40.00	SAME
AACRO02	320.00	10.00	320.00	10.00	SAME
AACTA01	100.00	10.00	100.00	10.00	SAME
AACTE01	10.00	1000.00	10.00	1000.00	SAME
AACTI01	25.00	500.00	25.00	500.00	SAME
AACTI02	30.00	250.00	30.00	250.00	SAME
AACTI03	20.00	500.00	1.00	1.00	CHANGE
AACTI04	20.00	1000.00	1.00	1.00	CHANGE
AADEN01	100.00	100.00	100.00	100.00	SAME
AADMI01	200.00	50.00	200.00	50.00	SAME
AADOC01	100.00	100.00	100.00	100.00	SAME
AADOC02	100.00	50.00	100.00	50.00	SAME
AADRI01	40.00	100.00	0.00	0.00	CHANGE
AADRI02	50.00	100.00	50.00	100.00	SAME
AAFON01	40.00	250.00	40.00	250.00	SAME
AAGEN01	50.00	100.00	50.00	100.00	SAME
AAGIL01	100.00	100.00	100.00	100.00	SAME
AAGIL02	40.00	250.00	40.00	250.00	SAME
AAGRI01	100.00	50.00	100.00	50.00	SAME
AAGRI02	50.00	100.00	50.00	100.00	SAME
AAGRI03	12.00	1000.00	0.00	0.00	CHANGE
AAGRI04	1.00	25000.00	0.00	0.00	CHANGE
AAGRI05	1.00	25000.00	0.00	0.00	CHANGE
AAGRI06	4.00	5000.00	0.00	0.00	CHANGE
AAGRI07	1.00	500.00	0.00	0.00	CHANGE
AAGRI08	0.00	0.00	0.00	0.00	SAME
AAGRI09	0.00	0.00	0.00	0.00	SAME
AAGRI10	0.00	0.00	0.00	0.00	SAME
AAGRI11	0.00	0.00	0.00	0.00	SAME
AAGRI12	0.00	0.00	0.00	0.00	SAME
AAGRI13	0.00	0.00	0.00	0.00	SAME
AAGRI14	12.00	1000.00	12.00	1000.00	SAME
AAGRO01	50.00	5.00	50.00	5.00	SAME
AAGRO02	120.00	100.00	0.00	0.00	CHANGE
AAGRO03	24.00	500.00	0.00	0.00	CHANGE
AAGRO04	120.00	100.00	0.00	0.00	CHANGE
AAGRO05	24.00	500.00	0.00	0.00	CHANGE
AAGRO06	25.00	500.00	25.00	500.00	SAME
AAGRO07	10.00	1000.00	10.00	1000.00	SAME
AAGRO08	450.00	35.00	450.00	35.00	SAME
AAGRO09	20.00	500.00	20.00	500.00	SAME
AAGRO10	20.00	500.00	20.00	500.00	SAME
AAGRO11	40.00	250.00	40.00	250.00	SAME
AAGROM01	0.00	0.00	0.00	0.00	SAME
AAGUS01	40.00	250.00	40.00	250.00	SAME
AAGUS02	100.00	100.00	100.00	100.00	SAME
AAGUS03	100.00	100.00	100.00	100.00	SAME
AAGUS04	40.00	250.00	40.00	250.00	SAME
AAGXA01	50.00	100.00	1.00	1.00	CHANGE
AAGXA02	20.00	250.00	1.00	1.00	CHANGE
AAIPI01	24.00	500.00	24.00	500.00	SAME
AAIPI02	12.00	1000.00	12.00	1000.00	SAME
AAIPI03	6.00	2000.00	6.00	2000.00	SAME
AAKAL01	20.00	500.00	20.00	500.00	SAME
AAKAL02	40.00	250.00	40.00	250.00	SAME
AAKAL03	10.00	1000.00	10.00	1000.00	SAME
AAKAR01	400.00	25.00	400.00	25.00	SAME
AAKAR02	100.00	100.00	100.00	100.00	SAME
AAKOD01	50.00	100.00	0.00	0.00	CHANGE
AAKRO01	50.00	40.00	0.00	0.00	CHANGE
AAKRO02	0.00	0.00	0.00	0.00	SAME
AAKRO03	100.00	100.00	100.00	100.00	SAME
AALAD01	0.00	0.00	0.00	0.00	SAME
AALAM01	20.00	500.00	20.00	500.00	SAME
AALAM02	48.00	100.00	48.00	100.00	SAME
AALAS01	1.00	100.00	0.00	0.00	CHANGE
AALAT01	1.00	0.00	1.00	1.00	CHANGE
AALAT02	1.00	0.00	1.00	1.00	CHANGE
AALAT03	1.00	1.00	1.00	1.00	SAME
AALAT04	20.00	0.00	20.00	1.00	CHANGE
AALAT05	1.00	0.00	1.00	1.00	CHANGE
AALAT06	1.00	0.00	0.00	0.00	CHANGE
AALAT07	1.00	0.00	0.00	0.00	CHANGE
AALAT08	1.00	0.00	0.00	0.00	CHANGE
AALAT09	1.00	0.00	0.00	0.00	CHANGE
AALEX02	15.00	800.00	15.00	800.00	SAME
AALFA01	50.00	80.00	0.00	0.00	CHANGE
AALFA02	20.00	400.00	20.00	400.00	SAME
AALFA03	40.00	200.00	0.00	0.00	CHANGE
AALFA04	20.00	400.00	0.00	0.00	CHANGE
AALFA05	50.00	200.00	0.00	0.00	CHANGE
AALFA06	40.00	200.00	40.00	200.00	SAME
AALI-01	200.00	5.00	200.00	5.00	SAME
AALIK01	50.00	100.00	50.00	100.00	SAME
AALIK02	40.00	250.00	40.00	250.00	SAME
AALIK03	100.00	50.00	100.00	50.00	SAME
AALLY01	200.00	40.00	200.00	40.00	SAME
AALLY02	200.00	5.00	200.00	5.00	SAME
AALMI01	40.00	250.00	40.00	250.00	SAME
AALPH01	10.00	1000.00	0.00	0.00	CHANGE
AALPH02	45.00	200.00	0.00	0.00	CHANGE
AALTA01	40.00	250.00	40.00	250.00	SAME
AALTR01	20.00	500.00	0.00	0.00	CHANGE
AAMAB01	20.00	400.00	20.00	400.00	SAME
AAMAB02	16.00	1000.00	16.00	1000.00	SAME
AAMAZ01	40.00	200.00	40.00	200.00	SAME
AAMAZ02	50.00	80.00	50.00	80.00	SAME
AAMAZ03	1.00	50.00	0.00	0.00	CHANGE
AAMB03	50.00	100.00	50.00	100.00	SAME
AAMBE01	40.00	250.00	40.00	250.00	SAME
AAMBE02	50.00	100.00	50.00	100.00	SAME
AAMCO01	4.00	5000.00	0.00	0.00	CHANGE
AAMCO02	20.00	1000.00	0.00	0.00	CHANGE
AAMCO03	1.00	20000.00	0.00	0.00	CHANGE
AAMCO04	40.00	250.00	40.00	250.00	SAME
AAMCO05	20.00	1000.00	20.00	1000.00	SAME
AAMCO06	0.00	0.00	0.00	0.00	SAME
AAMCO07	20.00	1000.00	20.00	1000.00	SAME
AAMEG01	20.00	1000.00	20.00	1000.00	SAME
AAMET01	10.00	1000.00	10.00	1000.00	SAME
AAMIB01	0.00	0.00	0.00	0.00	SAME
AAMIB02	0.00	0.00	0.00	0.00	SAME
AAMIB03	20.00	250.00	0.00	0.00	CHANGE
AAMIB04	10.00	1000.00	0.00	0.00	CHANGE
AAMIB05	10.00	1000.00	0.00	0.00	CHANGE
AAMIB06	20.00	500.00	0.00	0.00	CHANGE
AAMIB07	20.00	500.00	0.00	0.00	CHANGE
AAMIC01	1.00	100.00	0.00	0.00	CHANGE
AAMIN01	20.00	500.00	20.00	500.00	SAME
AAMIN04	0.00	0.00	0.00	0.00	SAME
AAMIN05	0.00	0.00	1.00	1.00	CHANGE
AAMIS01	100.00	50.00	100.00	50.00	SAME
AAMIS02	20.00	250.00	20.00	250.00	SAME
AAMIS03	50.00	100.00	50.00	100.00	SAME
AAMIS04	50.00	100.00	50.00	100.00	SAME
AAMIS05	20.00	250.00	20.00	250.00	SAME
AAMIT01	20.00	500.00	20.00	500.00	SAME
AAMMA01	20.00	50.00	20.00	50.00	SAME
AAMMA02	40.00	50.00	40.00	50.00	SAME
AAMMA03	20.00	100.00	20.00	100.00	SAME
AAMOL01	100.00	100.00	100.00	100.00	SAME
AAMOL02	40.00	250.00	40.00	250.00	SAME
AAMOT01	40.00	250.00	40.00	250.00	SAME
AAMOT02	100.00	100.00	100.00	100.00	SAME
AAMPA02	20.00	1000.00	20.00	1000.00	SAME
AAMUR01	40.00	250.00	40.00	250.00	SAME
AAMUR02	100.00	100.00	100.00	100.00	SAME
AAMUR03	40.00	250.00	40.00	250.00	SAME
AAMUR04	100.00	100.00	100.00	100.00	SAME
AANDR01	20.00	200.00	20.00	200.00	SAME
AANDR02	20.00	400.00	20.00	400.00	SAME
AANDR03	50.00	80.00	50.00	80.00	SAME
AANET01	10.00	1000.00	10.00	1000.00	SAME
AANET02	10.00	1000.00	0.00	0.00	CHANGE
AANET022	0.00	0.00	0.00	0.00	SAME
AANET03	30.00	500.00	30.00	500.00	SAME
AANET04	50.00	80.00	0.00	0.00	CHANGE
AANET05	30.00	500.00	30.00	500.00	SAME
AANET06	50.00	100.00	50.00	100.00	SAME
AANET07	50.00	250.00	50.00	250.00	SAME
AANET08	10.00	1000.00	10.00	1000.00	SAME
AANET09	50.00	50.00	0.00	0.00	CHANGE
AANET10	10.00	1000.00	0.00	0.00	CHANGE
AANET11	30.00	500.00	30.00	500.00	SAME
AANPH01	20.00	250.00	20.00	250.00	SAME
AANTA01	30.00	400.00	0.00	0.00	CHANGE
AANTA02	40.00	200.00	0.00	0.00	CHANGE
AANTA03	20.00	1000.00	0.00	0.00	CHANGE
AANTA04	60.00	250.00	0.00	0.00	CHANGE
AANTA05	16.00	1000.00	0.00	0.00	CHANGE
AANTA06	60.00	80.00	0.00	0.00	CHANGE
AANTA07	1.00	0.00	0.00	0.00	CHANGE
AANTR01	12.00	1000.00	12.00	1000.00	SAME
AANTR02	20.00	500.00	20.00	500.00	SAME
AANTR03	40.00	250.00	40.00	250.00	SAME
AANTR04	100.00	100.00	1.00	1.00	CHANGE
AANTR05	40.00	250.00	40.00	250.00	SAME
AANVI01	40.00	250.00	40.00	250.00	SAME
AANVI02	10.00	1000.00	10.00	1000.00	SAME
AANWA01	16.00	1000.00	16.00	1000.00	SAME
AAPIS01	100.00	100.00	100.00	100.00	SAME
AAPLU01	20.00	250.00	1.00	1.00	CHANGE
AAPOG01	30.00	250.00	0.00	0.00	CHANGE
AAPPL01	20.00	500.00	0.00	0.00	CHANGE
AAPPL02	25.00	400.00	25.00	400.00	SAME
AAPPL03	100.00	100.00	100.00	100.00	SAME
AAPPL04	1.00	20.00	0.00	0.00	CHANGE
AAPRO01	100.00	100.00	100.00	100.00	SAME
AAPRO02	40.00	250.00	40.00	250.00	SAME
AAPRO03	40.00	250.00	40.00	250.00	SAME
AAREN01	20.00	1500.00	0.00	0.00	CHANGE
AAREN02	400.00	25.00	400.00	25.00	SAME
AARIZ01	1.00	80.00	0.00	0.00	CHANGE
AARIZ02	40.00	200.00	40.00	200.00	SAME
AARIZ03	50.00	80.00	50.00	80.00	SAME
AARJU01	20.00	250.00	20.00	250.00	SAME
AARJU02	20.00	500.00	20.00	500.00	SAME
AARJU03	50.00	80.00	50.00	80.00	SAME
AARJU04	20.00	250.00	20.00	250.00	SAME
AARMA01	20.00	500.00	0.00	0.00	CHANGE
AARMA02	20.00	500.00	20.00	500.00	SAME
AARME01	200.00	50.00	200.00	50.00	SAME
AARTO01	30.00	100.00	0.00	0.00	CHANGE
AARTO02	40.00	100.00	0.00	0.00	CHANGE
AARTO03	0.00	0.00	0.00	0.00	SAME
AASAM01	0.00	0.00	0.00	0.00	SAME
AASET01	50.00	80.00	50.00	80.00	SAME
AASET02	40.00	250.00	40.00	250.00	SAME
AASET03	20.00	500.00	20.00	500.00	SAME
AASET04	40.00	100.00	40.00	100.00	SAME
AASIA01	1.00	100.00	0.00	0.00	CHANGE
AASIA02	1.00	20000.00	1.00	20000.00	SAME
AASIA03	20.00	1000.00	20.00	1000.00	SAME
AASIA04	1.00	100.00	0.00	0.00	CHANGE
AASIA05	1.00	110.00	0.00	0.00	CHANGE
AASIA06	12.00	1000.00	0.00	0.00	CHANGE
AASIA07	20.00	250.00	0.00	0.00	CHANGE
AASIA08	20.00	500.00	0.00	0.00	CHANGE
AASLI01	100.00	25.00	100.00	25.00	SAME
AASME01	1.00	50.00	0.00	0.00	CHANGE
AASSO01	20.00	250.00	0.00	0.00	CHANGE
AASSO02	50.00	80.00	0.00	0.00	CHANGE
AASSO03	20.00	250.00	20.00	250.00	SAME
AASSO04	50.00	80.00	50.00	80.00	SAME
AASSO05	50.00	80.00	0.00	0.00	CHANGE
AASTA01	80.00	100.00	0.00	0.00	CHANGE
AASTA02	50.00	100.00	0.00	0.00	CHANGE
AASTA04	50.00	100.00	0.00	0.00	CHANGE
AATHO01	100.00	100.00	100.00	100.00	SAME
AATHO02	40.00	250.00	40.00	250.00	SAME
AATON01	15.00	500.00	15.00	500.00	SAME
AATON02	25.00	100.00	25.00	100.00	SAME
AATON03	30.00	250.00	0.00	0.00	CHANGE
AATON04	15.00	1000.00	15.00	1000.00	SAME
AATON05	15.00	500.00	15.00	500.00	SAME
AATON06	15.00	1000.00	15.00	1000.00	SAME
AATON07	30.00	250.00	30.00	250.00	SAME
AATON08	50.00	100.00	50.00	100.00	SAME
AATON10	30.00	250.00	30.00	250.00	SAME
AATON11	50.00	100.00	50.00	100.00	SAME
AATRA01	20.00	500.00	20.00	500.00	SAME
AATRI01	20.00	400.00	0.00	0.00	CHANGE
AATRI02	15.00	800.00	0.00	0.00	CHANGE
AATRI03	24.00	500.00	24.00	500.00	SAME
AATRI04	40.00	250.00	40.00	250.00	SAME
AAURO01	16.00	800.00	16.00	800.00	SAME
AAURO02	20.00	1000.00	20.00	1000.00	SAME
AAURO03	20.00	800.00	20.00	800.00	SAME
AAVIA01	40.00	300.00	40.00	300.00	SAME
AAVID01	100.00	100.00	100.00	100.00	SAME
AAVID03	100.00	100.00	100.00	100.00	SAME
AAVOR01	40.00	100.00	40.00	100.00	SAME
AAZAT01	40.00	250.00	40.00	250.00	SAME
AAZOM01	20.00	1000.00	20.00	1000.00	SAME
AAZOX01	50.00	200.00	50.00	200.00	SAME
AAZTR01	100.00	50.00	0.00	0.00	CHANGE
ABACT01	100.00	80.00	0.00	0.00	CHANGE
ABACT02	50.00	200.00	50.00	200.00	SAME
ABACT03	80.00	80.00	0.00	0.00	CHANGE
ABACT04	100.00	100.00	100.00	100.00	SAME
ABAFI01	12.00	500.00	0.00	0.00	CHANGE
ABAFI02	0.00	0.00	0.00	0.00	SAME
ABAGJ01	1.00	1000.00	0.00	0.00	CHANGE
ABAGN01	1.00	1000.00	1.00	1000.00	SAME
ABALE01	40.00	100.00	0.00	0.00	CHANGE
ABAMB01	400.00	12.00	400.00	12.00	SAME
ABAME01	50.00	100.00	0.00	0.00	CHANGE
ABAME02	50.00	100.00	50.00	100.00	SAME
ABAME03	100.00	50.00	100.00	50.00	SAME
ABAME04	20.00	200.00	20.00	200.00	SAME
ABAME05	50.00	100.00	0.00	0.00	CHANGE
ABAME06	100.00	50.00	0.00	0.00	CHANGE
ABAME07	10.00	900.00	10.00	900.00	SAME
ABAND01	20.00	450.00	20.00	450.00	SAME
ABANN01	1.00	0.00	0.00	0.00	CHANGE
ABASF01	20.00	500.00	20.00	500.00	SAME
ABASF02	20.00	500.00	20.00	500.00	SAME
ABASF03	20.00	500.00	20.00	500.00	SAME
ABASF04	32.00	500.00	32.00	500.00	SAME
ABASF05	20.00	500.00	20.00	500.00	SAME
ABASG01	100.00	50.00	100.00	50.00	SAME
ABASR01	50.00	250.00	50.00	250.00	SAME
ABASR02	0.00	0.00	0.00	0.00	SAME
ABASR03	20.00	1000.00	20.00	1000.00	SAME
ABAST01	12.00	1000.00	12.00	1000.00	SAME
ABAST02	0.00	0.00	0.00	0.00	SAME
ABASV01	50.00	200.00	0.00	0.00	CHANGE
ABATE01	1.00	0.00	0.00	0.00	CHANGE
ABATER01	0.00	0.00	0.00	0.00	SAME
ABATT01	1.00	1.00	1.00	1.00	SAME
ABAUT01	1.00	0.00	0.00	0.00	CHANGE
ABAUT02	1.00	17000.00	0.00	0.00	CHANGE
ABAUT03	1.00	0.00	0.00	0.00	CHANGE
ABAYA01	40.00	500.00	0.00	0.00	CHANGE
ABAYA02	30.00	500.00	30.00	500.00	SAME
ABAYA03	90.00	100.00	90.00	100.00	SAME
ABAYA04	48.00	500.00	0.00	0.00	CHANGE
ABAYA05	30.00	500.00	30.00	500.00	SAME
ABAYA06	30.00	500.00	30.00	500.00	SAME
ABAYC01	20.00	500.00	20.00	500.00	SAME
ABAYC02	100.00	100.00	100.00	100.00	SAME
ABAYF01	20.00	500.00	20.00	500.00	SAME
ABAYL01	100.00	100.00	100.00	100.00	SAME
ABAZO01	20.00	1000.00	20.00	1000.00	SAME
ABEEN01	20.00	1000.00	20.00	1000.00	SAME
ABEEN02	20.00	1000.00	20.00	1000.00	SAME
ABEEN03	30.00	400.00	30.00	400.00	SAME
ABEET01	100.00	100.00	100.00	100.00	SAME
ABEET02	40.00	250.00	40.00	250.00	SAME
ABELL01	20.00	100.00	20.00	100.00	SAME
ABELL02	25.00	200.00	1.00	1.00	CHANGE
ABELO01	20.00	1000.00	0.00	0.00	CHANGE
ABELO02	30.00	500.00	30.00	500.00	SAME
ABELT01	40.00	250.00	0.00	0.00	CHANGE
ABELT02	1.00	0.00	0.00	0.00	CHANGE
ABELT03	100.00	100.00	100.00	100.00	SAME
ABENA01	1.00	1000.00	1.00	1000.00	SAME
ABENC01	20.00	200.00	20.00	200.00	SAME
ABENC02	50.00	100.00	50.00	100.00	SAME
ABENC03	20.00	400.00	20.00	400.00	SAME
ABENS01	100.00	50.00	0.00	0.00	CHANGE
ABENS02	40.00	250.00	40.00	250.00	SAME
ABENT01	100.00	100.00	100.00	100.00	SAME
ABENT02	100.00	100.00	100.00	100.00	SAME
ABENT03	20.00	1000.00	20.00	1000.00	SAME
ABENT04	1.00	0.00	0.00	0.00	CHANGE
ABENT05	1.00	100.00	0.00	0.00	CHANGE
ABENX01	1.00	100.00	0.00	0.00	CHANGE
ABERN01	50.00	250.00	50.00	250.00	SAME
ABERN02	50.00	100.00	50.00	100.00	SAME
ABERN03	50.00	80.00	0.00	0.00	CHANGE
ABERN04	1.00	200.00	0.00	0.00	CHANGE
ABERN05	30.00	200.00	0.00	0.00	CHANGE
ABERO01	50.00	100.00	50.00	100.00	SAME
ABERO02	20.00	400.00	0.00	0.00	CHANGE
ABERO03	50.00	400.00	50.00	400.00	SAME
ABESR01	100.00	100.00	100.00	100.00	SAME
ABEST01	0.00	0.00	0.00	0.00	SAME
ABEST02	20.00	1000.00	1.00	1.00	CHANGE
ABESV01	40.00	250.00	0.00	0.00	CHANGE
ABESV02	100.00	100.00	100.00	100.00	SAME
ABESV03	20.00	500.00	0.00	0.00	CHANGE
ABESV04	100.00	100.00	100.00	100.00	SAME
ABETA01	1.00	0.00	0.00	0.00	CHANGE
ABETA02	10.00	800.00	0.00	0.00	CHANGE
ABETA03	40.00	250.00	40.00	250.00	SAME
ABETT01	1.00	250.00	0.00	0.00	CHANGE
ABETT02	1.00	230.00	1.00	230.00	SAME
ABIGG01	24.00	400.00	24.00	400.00	SAME
ABIGG02	24.00	400.00	0.00	0.00	CHANGE
ABIGG03	240.00	5.00	0.00	0.00	CHANGE
ABIGG04	300.00	5.00	0.00	0.00	CHANGE
ABIGG05	1200.00	1.00	1200.00	1.00	SAME
ABIGG06	1200.00	1.00	0.00	0.00	CHANGE
ABIGG07	100.00	1.00	0.00	0.00	CHANGE
ABIGG08	300.00	5.00	300.00	5.00	SAME
ABIOC01	20.00	1000.00	0.00	0.00	CHANGE
ABIOC02	30.00	500.00	30.00	500.00	SAME
ABIOC03	20.00	1000.00	20.00	1000.00	SAME
ABIOC04	30.00	500.00	30.00	500.00	SAME
ABIOC05	5.00	5000.00	5.00	5000.00	SAME
ABIOC06	20.00	1000.00	20.00	1000.00	SAME
ABIOC07	20.00	1000.00	20.00	1000.00	SAME
ABIOC09	20.00	1000.00	20.00	1000.00	SAME
ABIOC10	30.00	500.00	30.00	500.00	SAME
ABIOC11	0.00	0.00	0.00	0.00	SAME
ABIOC12	20.00	1000.00	1.00	1.00	CHANGE
ABIOC13	30.00	500.00	1.00	1.00	CHANGE
ABIOC14	40.00	250.00	1.00	1.00	CHANGE
ABIOF01	30.00	500.00	0.00	0.00	CHANGE
ABIOF02	20.00	1000.00	0.00	0.00	CHANGE
ABION01	20.00	500.00	20.00	500.00	SAME
ABION02	20.00	500.00	20.00	500.00	SAME
ABION03	50.00	100.00	50.00	100.00	SAME
ABION04	20.00	500.00	0.00	0.00	CHANGE
ABION05	12.00	1000.00	0.00	0.00	CHANGE
ABION06	12.00	1000.00	0.00	0.00	CHANGE
ABION07	12.00	500.00	0.00	0.00	CHANGE
ABION08	12.00	500.00	0.00	0.00	CHANGE
ABION09	12.00	500.00	0.00	0.00	CHANGE
ABION10	1.00	100.00	0.00	0.00	CHANGE
ABION11	0.00	0.00	0.00	0.00	SAME
ABION15	50.00	100.00	50.00	100.00	SAME
ABIOS01	50.00	100.00	50.00	100.00	SAME
ABIOS02	20.00	1000.00	20.00	1000.00	SAME
ABIOS03	20.00	500.00	20.00	500.00	SAME
ABIOX01	1.00	400.00	0.00	0.00	CHANGE
ABIOX02	25.00	400.00	0.00	0.00	CHANGE
ABITO01	0.00	0.00	0.00	0.00	SAME
ABLAC01	1.00	0.00	0.00	0.00	CHANGE
ABLAC02	24.00	500.00	24.00	500.00	SAME
ABLAC03	24.00	500.00	24.00	500.00	SAME
ABLAS01	20.00	500.00	20.00	500.00	SAME
ABLAS02	48.00	100.00	48.00	100.00	SAME
ABLAS03	0.00	0.00	0.00	0.00	SAME
ABLEW01	180.00	15.00	180.00	15.00	SAME
ABLEW02	120.00	15.00	120.00	15.00	SAME
ABLUE01	20.00	1000.00	20.00	1000.00	SAME
ABLUE03	20.00	1000.00	20.00	1000.00	SAME
ABM C01	20.00	500.00	20.00	500.00	SAME
ABM C02	40.00	250.00	1.00	1.00	CHANGE
ABM E01	100.00	100.00	100.00	100.00	SAME
ABM F01	20.00	500.00	20.00	500.00	SAME
ABM H01	100.00	100.00	100.00	100.00	SAME
ABM J01	40.00	250.00	40.00	250.00	SAME
ABM L01	20.00	500.00	20.00	500.00	SAME
ABM V01	1.00	20000.00	1.00	20000.00	SAME
ABMTR01	40.00	250.00	1.00	1.00	CHANGE
ABOOM01	40.00	250.00	40.00	250.00	SAME
ABOOM02	30.00	600.00	30.00	600.00	SAME
ABOOS01	40.00	250.00	40.00	250.00	SAME
ABOOS02	50.00	80.00	50.00	80.00	SAME
ABORA01	48.00	100.00	48.00	100.00	SAME
ABORE01	50.00	100.00	0.00	0.00	CHANGE
ABORE02	50.00	250.00	0.00	0.00	CHANGE
ABORE03	20.00	1000.00	0.00	0.00	CHANGE
ABORE04	1.00	5.00	0.00	0.00	CHANGE
ABORO01	1200.00	3.00	1200.00	3.00	SAME
ABORO02	0.00	0.00	0.00	0.00	SAME
ABOTO01	0.00	0.00	0.00	0.00	SAME
ABOTO02	0.00	0.00	0.00	0.00	SAME
ABOTO03	0.00	0.00	0.00	0.00	SAME
ABOTO04	0.00	0.00	0.00	0.00	SAME
ABOTO05	0.00	0.00	0.00	0.00	SAME
ABOTO06	0.00	0.00	0.00	0.00	SAME
ABOTO07	0.00	0.00	0.00	0.00	SAME
ABOTO08	0.00	0.00	0.00	0.00	SAME
ABOTO09	0.00	0.00	0.00	0.00	SAME
ABOTO10	0.00	0.00	0.00	0.00	SAME
ABOTO11	0.00	0.00	0.00	0.00	SAME
ABOTO12	0.00	0.00	0.00	0.00	SAME
ABOTO13	0.00	0.00	0.00	0.00	SAME
ABRAP01	40.00	100.00	0.00	0.00	CHANGE
ABRAP02	50.00	100.00	50.00	100.00	SAME
ABRAS01	50.00	80.00	50.00	80.00	SAME
ABRAS02	20.00	250.00	20.00	250.00	SAME
ABRAS03	20.00	400.00	20.00	400.00	SAME
ABRAV01	20.00	400.00	0.00	0.00	CHANGE
ABRAV02	20.00	500.00	20.00	500.00	SAME
ABRAV03	4.00	5000.00	4.00	5000.00	SAME
ABRAV04	20.00	1000.00	20.00	1000.00	SAME
ABRAV05	1.00	20000.00	1.00	20000.00	SAME
ABRAV07	20.00	1000.00	20.00	1000.00	SAME
ABULD01	100.00	100.00	100.00	100.00	SAME
ABULD02	20.00	500.00	20.00	500.00	SAME
ABULD03	40.00	250.00	40.00	250.00	SAME
ABULD05	100.00	100.00	100.00	100.00	SAME
ABUNC01	30.00	500.00	0.00	0.00	CHANGE
ABUNC02	90.00	100.00	90.00	100.00	SAME
ABUNC03	30.00	500.00	0.00	0.00	CHANGE
ABUNC04	40.00	500.00	0.00	0.00	CHANGE
ABUNC05	30.00	500.00	30.00	500.00	SAME
ABUNC06	5.00	100.00	0.00	0.00	CHANGE
ABUNC07	40.00	500.00	0.00	0.00	CHANGE
ABUNC08	40.00	500.00	40.00	500.00	SAME
ABUNC09	1.00	500.00	0.00	0.00	CHANGE
ABUNG01	20.00	110.00	0.00	0.00	CHANGE
ABUNG02	400.00	110.00	400.00	110.00	SAME
ABUNG03	400.00	110.00	400.00	110.00	SAME
ABUNG04	200.00	550.00	200.00	550.00	SAME
ABUNI01	20.00	100.00	20.00	100.00	SAME
ACABA01	0.00	0.00	0.00	0.00	SAME
ACABA02	0.00	0.00	0.00	0.00	SAME
ACABA03	0.00	0.00	0.00	0.00	SAME
ACABA04	0.00	0.00	0.00	0.00	SAME
ACABA05	0.00	0.00	0.00	0.00	SAME
ACABA06	0.00	0.00	0.00	0.00	SAME
ACABE01	150.00	10.00	0.00	0.00	CHANGE
ACABE02	120.00	10.00	0.00	0.00	CHANGE
ACABE03	120.00	10.00	0.00	0.00	CHANGE
ACABE04	240.00	10.00	240.00	10.00	SAME
ACABE05	90.00	10.00	90.00	10.00	SAME
ACABE06	180.00	10.00	180.00	10.00	SAME
ACABE07	50.00	10.00	0.00	0.00	CHANGE
ACABE08	10.00	10.00	10.00	10.00	SAME
ACABE09	60.00	10.00	60.00	10.00	SAME
ACABE10	120.00	10.00	0.00	0.00	CHANGE
ACABE11	10.00	10.00	0.00	0.00	CHANGE
ACABE12	150.00	0.00	0.00	0.00	CHANGE
ACABE13	120.00	10.00	0.00	0.00	CHANGE
ACABE14	1.00	10.00	1.00	10.00	SAME
ACABE15	180.00	10.00	180.00	10.00	SAME
ACABE16	10.00	10.00	10.00	10.00	SAME
ACABE17	300.00	10.00	0.00	0.00	CHANGE
ACABE18	10.00	10.00	10.00	10.00	SAME
ACABE19	10.00	10.00	10.00	10.00	SAME
ACABE20	10.00	10.00	0.00	0.00	CHANGE
ACABE21	120.00	10.00	0.00	0.00	CHANGE
ACABE22	240.00	10.00	240.00	10.00	SAME
ACABE23	10.00	10.00	0.00	0.00	CHANGE
ACABE24	10.00	10.00	10.00	10.00	SAME
ACABE25	10.00	11.00	0.00	0.00	CHANGE
ACABE26	10.00	11.00	0.00	0.00	CHANGE
ACABE27	400.00	10.00	0.00	0.00	CHANGE
ACABE28	400.00	25.00	400.00	25.00	SAME
ACABE29	360.00	10.00	0.00	0.00	CHANGE
ACABE30	260.00	10.00	0.00	0.00	CHANGE
ACABE31	260.00	10.00	260.00	10.00	SAME
ACABE32	240.00	10.00	240.00	10.00	SAME
ACABE33	180.00	10.00	180.00	10.00	SAME
ACABE34	240.00	10.00	240.00	10.00	SAME
ACABE35	10.00	10.00	10.00	10.00	SAME
ACABE36	240.00	10.00	240.00	10.00	SAME
ACABE37	15.00	10.00	0.00	0.00	CHANGE
ACABE38	10.00	10.00	0.00	0.00	CHANGE
ACABE39	240.00	10.00	240.00	10.00	SAME
ACABE40	240.00	10.00	240.00	10.00	SAME
ACABE41	10.00	10.00	0.00	0.00	CHANGE
ACABE42	10.00	10.00	0.00	0.00	CHANGE
ACABE43	180.00	10.00	180.00	10.00	SAME
ACABE44	10.00	10.00	10.00	10.00	SAME
ACABE45	10.00	10.00	10.00	10.00	SAME
ACABE46	10.00	10.00	10.00	10.00	SAME
ACABE47	180.00	10.00	180.00	10.00	SAME
ACABE48	180.00	10.00	180.00	10.00	SAME
ACABE49	1.00	10.00	0.00	0.00	CHANGE
ACABE50	1.00	2.00	0.00	0.00	CHANGE
ACABE51	1.00	2.00	0.00	0.00	CHANGE
ACABE52	1.00	5.00	0.00	0.00	CHANGE
ACABE53	1.00	5.00	0.00	0.00	CHANGE
ACABE54	240.00	10.00	240.00	10.00	SAME
ACABE55	240.00	10.00	240.00	10.00	SAME
ACABE56	240.00	10.00	240.00	10.00	SAME
ACABE57	480.00	10.00	480.00	10.00	SAME
ACABE58	180.00	10.00	180.00	10.00	SAME
ACABE59	180.00	10.00	180.00	10.00	SAME
ACABE71	250.00	10.00	1.00	1.00	CHANGE
ACABR01	48.00	100.00	0.00	0.00	CHANGE
ACABR02	48.00	100.00	48.00	100.00	SAME
ACABR03	24.00	250.00	24.00	250.00	SAME
ACABR04	48.00	100.00	48.00	100.00	SAME
ACABR05	40.00	250.00	0.00	0.00	CHANGE
ACABR06	20.00	500.00	0.00	0.00	CHANGE
ACABR07	24.00	250.00	24.00	250.00	SAME
ACABR08	24.00	250.00	0.00	0.00	CHANGE
ACABR09	24.00	250.00	24.00	250.00	SAME
ACABR10	48.00	100.00	48.00	100.00	SAME
ACABR11	20.00	500.00	20.00	500.00	SAME
ACABZ01	100.00	100.00	100.00	100.00	SAME
ACADI01	20.00	1000.00	0.00	0.00	CHANGE
ACAGA01	1.00	100.00	0.00	0.00	CHANGE
ACALA01	10.00	1000.00	10.00	1000.00	SAME
ACALA02	20.00	500.00	20.00	500.00	SAME
ACALA03	20.00	250.00	20.00	250.00	SAME
ACALB01	25.00	1000.00	0.00	0.00	CHANGE
ACALC01	20.00	1000.00	20.00	1000.00	SAME
ACALC02	0.00	0.00	0.00	0.00	SAME
ACALC03	20.00	1000.00	20.00	1000.00	SAME
ACALF01	20.00	1000.00	20.00	1000.00	SAME
ACALG01	20.00	1000.00	20.00	1000.00	SAME
ACALL01	20.00	500.00	0.00	0.00	CHANGE
ACALP01	20.00	1000.00	20.00	1000.00	SAME
ACALS01	0.00	0.00	0.00	0.00	SAME
ACAMA01	1.00	100.00	0.00	0.00	CHANGE
ACAPT01	1.00	500.00	0.00	0.00	CHANGE
ACAPT03	0.00	0.00	0.00	0.00	SAME
ACARM01	40.00	200.00	40.00	200.00	SAME
ACARM02	50.00	80.00	50.00	80.00	SAME
ACART01	0.00	0.00	0.00	0.00	SAME
ACAST01	100.00	100.00	100.00	100.00	SAME
ACAST02	24.00	400.00	24.00	400.00	SAME
ACASTO01	400.00	15.00	400.00	15.00	SAME
ACAUL01	60.00	10.00	60.00	10.00	SAME
ACAUL02	10.00	10.00	0.00	0.00	CHANGE
ACAUL03	250.00	10.00	250.00	10.00	SAME
ACAUL04	240.00	10.00	240.00	10.00	SAME
ACAUL05	250.00	10.00	0.00	0.00	CHANGE
ACAUL06	240.00	10.00	240.00	10.00	SAME
ACEBA01	50.00	100.00	50.00	100.00	SAME
ACEBA02	20.00	200.00	20.00	200.00	SAME
ACEBA03	20.00	400.00	20.00	400.00	SAME
ACELQ01	10.00	1000.00	10.00	1000.00	SAME
ACENT01	10.00	2000.00	0.00	0.00	CHANGE
ACENT02	20.00	1000.00	20.00	1000.00	SAME
ACENT03	1.00	80.00	1.00	80.00	SAME
ACENT04	20.00	1000.00	20.00	1000.00	SAME
ACENT05	0.00	0.00	0.00	0.00	SAME
ACEPH01	50.00	100.00	50.00	100.00	SAME
ACHAM01	10.00	1000.00	0.00	0.00	CHANGE
ACHAR01	1.00	16000.00	0.00	0.00	CHANGE
ACHAR02	1.00	0.00	0.00	0.00	CHANGE
ACHAR03	1.00	16000.00	0.00	0.00	CHANGE
ACHAR04	1.00	1000.00	1.00	1000.00	SAME
ACHAR05	1.00	0.00	0.00	0.00	CHANGE
ACHAR06	1.00	1.00	0.00	0.00	CHANGE
ACHIE01	20.00	1000.00	1.00	1.00	CHANGE
ACHIEF01	1.00	20000.00	1.00	1.00	CHANGE
ACHIX01	20.00	500.00	20.00	500.00	SAME
ACHLO01	20.00	1000.00	0.00	0.00	CHANGE
ACHLO02	24.00	500.00	0.00	0.00	CHANGE
ACHLO03	1.00	50.00	0.00	0.00	CHANGE
ACIEL01	40.00	200.00	0.00	0.00	CHANGE
ACIEL02	60.00	100.00	0.00	0.00	CHANGE
ACIME01	0.00	0.00	0.00	0.00	SAME
ACLIN01	0.00	0.00	0.00	0.00	SAME
ACLIP01	50.00	100.00	50.00	100.00	SAME
ACLIP02	24.00	250.00	24.00	250.00	SAME
ACLIP03	20.00	500.00	20.00	500.00	SAME
ACLOS01	200.00	7.50	200.00	7.00	CHANGE
ACOBR01	20.00	300.00	0.00	0.00	CHANGE
ACOBR02	50.00	100.00	50.00	100.00	SAME
ACOBR03	50.00	50.00	0.00	0.00	CHANGE
ACOBR04	50.00	50.00	0.00	0.00	CHANGE
ACOBR05	20.00	1000.00	20.00	1000.00	SAME
ACOBR06	20.00	500.00	20.00	500.00	SAME
ACOBR07	20.00	200.00	20.00	200.00	SAME
ACOBR08	50.00	100.00	50.00	100.00	SAME
ACOBR09	20.00	1000.00	20.00	1000.00	SAME
ACONF01	100.00	100.00	100.00	100.00	SAME
ACONF02	100.00	60.00	100.00	60.00	SAME
ACONF03	100.00	100.00	100.00	100.00	SAME
ACONF04	100.00	50.00	100.00	50.00	SAME
ACONS01	100.00	60.00	100.00	60.00	SAME
ACONS02	20.00	1000.00	0.00	0.00	CHANGE
ACONS03	20.00	500.00	0.00	0.00	CHANGE
ACONT01	16.00	500.00	0.00	0.00	CHANGE
ACOPC01	120.00	100.00	120.00	100.00	SAME
ACOPC02	20.00	1000.00	20.00	1000.00	SAME
ACOPC03	40.00	400.00	40.00	400.00	SAME
ACOPC04	16.00	1000.00	16.00	1000.00	SAME
ACOPC05	100.00	100.00	100.00	100.00	SAME
ACORN01	1.00	0.00	0.00	0.00	CHANGE
ACORO01	18.00	250.00	0.00	0.00	CHANGE
ACOUG01	1.00	250.00	0.00	0.00	CHANGE
ACOUN01	100.00	100.00	100.00	100.00	SAME
ACOUN02	1.00	100.00	0.00	0.00	CHANGE
ACOUN03	100.00	100.00	0.00	0.00	CHANGE
ACOYO01	40.00	250.00	1.00	1.00	CHANGE
ACOYO02	20.00	500.00	1.00	1.00	CHANGE
ACPN01	6.00	5000.00	6.00	5000.00	SAME
ACROW01	50.00	80.00	0.00	0.00	CHANGE
ACROW02	40.00	200.00	0.00	0.00	CHANGE
ACROW03	20.00	400.00	0.00	0.00	CHANGE
ACRUI01	80.00	12.50	80.00	12.00	CHANGE
ACUPR01	20.00	500.00	0.00	0.00	CHANGE
ACUPR02	0.00	0.00	0.00	0.00	SAME
ACURA01	20.00	500.00	20.00	500.00	SAME
ACURA02	50.00	100.00	50.00	100.00	SAME
ACURA03	40.00	250.00	40.00	250.00	SAME
ACURA04	10.00	2000.00	10.00	2000.00	SAME
ACURA05	10.00	2000.00	10.00	2000.00	SAME
ACURB01	100.00	100.00	100.00	100.00	SAME
ACURB02	40.00	100.00	0.00	0.00	CHANGE
ACURB03	40.00	250.00	40.00	250.00	SAME
ACUST01	40.00	250.00	40.00	250.00	SAME
ACYMA01	50.00	100.00	50.00	100.00	SAME
ACYMA02	20.00	200.00	20.00	200.00	SAME
ACYMB01	40.00	250.00	40.00	250.00	SAME
ACYMB02	100.00	100.00	100.00	100.00	SAME
ACYMO01	35.00	250.00	35.00	250.00	SAME
ACYMO02	80.00	250.00	80.00	250.00	SAME
ACYPR01	15.00	1000.00	15.00	1000.00	SAME
ADACO01	20.00	500.00	20.00	500.00	SAME
ADAMA01	20.00	800.00	20.00	800.00	SAME
ADAME01	10.00	1000.00	10.00	1000.00	SAME
ADAME02	30.00	500.00	30.00	500.00	SAME
ADANG01	1.00	250.00	0.00	0.00	CHANGE
ADAPP01	20.00	500.00	20.00	500.00	SAME
ADASA01	1.00	0.00	0.00	0.00	CHANGE
ADEBE01	200.00	15.00	0.00	0.00	CHANGE
ADECI01	100.00	100.00	0.00	0.00	CHANGE
ADECI02	100.00	50.00	100.00	50.00	SAME
ADECI03	20.00	500.00	20.00	500.00	SAME
ADECI04	20.00	500.00	0.00	0.00	CHANGE
ADECI05	40.00	250.00	0.00	0.00	CHANGE
ADECI06	50.00	80.00	0.00	0.00	CHANGE
ADECI07	100.00	100.00	100.00	100.00	SAME
ADEKA01	0.00	0.00	1.00	1.00	CHANGE
ADEKA02	12.00	1000.00	12.00	1000.00	SAME
ADEKA03	0.00	0.00	0.00	0.00	SAME
ADEKA04	20.00	500.00	20.00	500.00	SAME
ADEKA05	50.00	100.00	50.00	100.00	SAME
ADEKT01	20.00	200.00	20.00	200.00	SAME
ADEKT02	12.00	500.00	12.00	500.00	SAME
ADEKT03	50.00	50.00	50.00	50.00	SAME
ADEKT04	12.00	500.00	12.00	500.00	SAME
ADELI01	20.00	500.00	0.00	0.00	CHANGE
ADELI02	100.00	100.00	0.00	0.00	CHANGE
ADELL01	40.00	200.00	40.00	200.00	SAME
ADELL02	20.00	500.00	20.00	500.00	SAME
ADELL03	20.00	1000.00	20.00	1000.00	SAME
ADELL04	25.00	500.00	25.00	500.00	SAME
ADELS01	100.00	100.00	100.00	100.00	SAME
ADELS02	20.00	500.00	20.00	500.00	SAME
ADEMO01	72.00	50.00	72.00	50.00	SAME
ADEMO02	18.00	200.00	18.00	200.00	SAME
ADEMO03	36.00	100.00	36.00	100.00	SAME
ADESA01	100.00	100.00	100.00	100.00	SAME
ADESA02	40.00	250.00	40.00	250.00	SAME
ADESA03	40.00	250.00	0.00	0.00	CHANGE
ADESA04	100.00	100.00	100.00	100.00	SAME
ADESK01	200.00	0.30	200.00	0.00	CHANGE
ADEST01	100.00	100.00	100.00	100.00	SAME
ADEST02	40.00	250.00	40.00	250.00	SAME
ADETA01	20.00	1000.00	0.00	0.00	CHANGE
ADEWA01	1.00	250.00	0.00	0.00	CHANGE
ADEWA02	15.00	1000.00	15.00	1000.00	SAME
ADIAP01	1.00	0.00	0.00	0.00	CHANGE
ADIAZ01	20.00	1000.00	20.00	1000.00	SAME
ADIMP01	1.00	100.00	0.00	0.00	CHANGE
ADIMP02	50.00	200.00	0.00	0.00	CHANGE
ADINA01	1.00	16000.00	0.00	0.00	CHANGE
ADINA02	1.00	0.00	0.00	0.00	CHANGE
ADINA03	400.00	5.00	400.00	5.00	SAME
ADITH01	20.00	1000.00	20.00	1000.00	SAME
ADITH02	20.00	500.00	20.00	500.00	SAME
ADITH03	50.00	200.00	50.00	200.00	SAME
ADITY01	40.00	400.00	0.00	0.00	CHANGE
ADJUV01	50.00	50.00	0.00	0.00	CHANGE
ADKDU01	40.00	250.00	40.00	250.00	SAME
ADKFE01	40.00	250.00	40.00	250.00	SAME
ADKFE02	20.00	500.00	20.00	500.00	SAME
ADKFE03	50.00	100.00	50.00	100.00	SAME
ADKFI01	40.00	250.00	40.00	250.00	SAME
ADKFI02	20.00	500.00	20.00	500.00	SAME
ADKFI03	100.00	100.00	100.00	100.00	SAME
ADKFI04	100.00	50.00	100.00	50.00	SAME
ADKFO01	100.00	100.00	100.00	100.00	SAME
ADKFO02	40.00	250.00	40.00	250.00	SAME
ADKFO03	10.00	1000.00	10.00	1000.00	SAME
ADKFO04	20.00	500.00	20.00	500.00	SAME
ADKGL01	10.00	1000.00	10.00	1000.00	SAME
ADKGL02	1.00	20000.00	0.00	0.00	CHANGE
ADKME01	4.00	5000.00	4.00	5000.00	SAME
ADKME02	20.00	1000.00	20.00	1000.00	SAME
ADKME03	15.00	500.00	15.00	500.00	SAME
ADKME04	1.00	20000.00	1.00	20000.00	SAME
ADKME05	15.00	1000.00	15.00	1000.00	SAME
ADKME06	40.00	250.00	40.00	250.00	SAME
ADKME07	20.00	500.00	20.00	500.00	SAME
ADKME08	10.00	1000.00	10.00	1000.00	SAME
ADKME09	40.00	250.00	40.00	250.00	SAME
ADKME10	100.00	100.00	100.00	100.00	SAME
ADKME11	40.00	200.00	40.00	200.00	SAME
ADKME12	20.00	400.00	20.00	400.00	SAME
ADKPR01	20.00	500.00	20.00	500.00	SAME
ADKPR02	40.00	250.00	40.00	250.00	SAME
ADKPR03	100.00	100.00	100.00	100.00	SAME
ADKST01	40.00	250.00	40.00	250.00	SAME
ADKZO01	40.00	250.00	40.00	250.00	SAME
ADKZO02	100.00	80.00	100.00	80.00	SAME
ADKZO03	100.00	80.00	0.00	0.00	CHANGE
ADKZO04	40.00	250.00	0.00	0.00	CHANGE
ADMA-01	25.00	400.00	0.00	0.00	CHANGE
ADMA-02	40.00	200.00	40.00	200.00	SAME
ADMA-03	20.00	400.00	20.00	400.00	SAME
ADMA-04	24.00	200.00	24.00	200.00	SAME
ADOLL01	20.00	1000.00	0.00	0.00	CHANGE
ADONE01	100.00	100.00	0.00	0.00	CHANGE
ADONK01	100.00	100.00	100.00	100.00	SAME
ADONK02	40.00	200.00	40.00	200.00	SAME
ADONK03	40.00	400.00	40.00	400.00	SAME
ADONK04	100.00	100.00	100.00	100.00	SAME
ADORU01	40.00	200.00	40.00	200.00	SAME
ADORU02	50.00	80.00	50.00	80.00	SAME
ADOUB01	1.00	0.00	0.00	0.00	CHANGE
ADRYU01	20.00	1000.00	20.00	1000.00	SAME
ADUMI01	25.00	400.00	25.00	400.00	SAME
ADUMI02	100.00	100.00	100.00	100.00	SAME
ADURS01	20.00	500.00	20.00	500.00	SAME
ADURS02	30.00	250.00	30.00	250.00	SAME
ADURS03	50.00	100.00	50.00	100.00	SAME
ADURS04	10.00	1000.00	10.00	1000.00	SAME
ADURS05	24.00	250.00	24.00	250.00	SAME
ADURU01	80.00	25.00	0.00	0.00	CHANGE
AELAZ01	200.00	50.00	200.00	50.00	SAME
AELAZ02	200.00	50.00	200.00	50.00	SAME
AELAZ03	200.00	10.00	200.00	10.00	SAME
AELEC01	20.00	1000.00	20.00	1000.00	SAME
AELEC02	20.00	400.00	20.00	400.00	SAME
AEM-401	15.00	1000.00	15.00	1000.00	SAME
AEM-402	15.00	1000.00	15.00	1000.00	SAME
AEM-403	15.00	1000.00	15.00	1000.00	SAME
AEM-404	15.00	1000.00	15.00	1000.00	SAME
AEM-405	1.00	5000.00	0.00	0.00	CHANGE
AEM-406	4.00	5000.00	0.00	0.00	CHANGE
AEMAC01	50.00	250.00	50.00	250.00	SAME
AEMAC02	50.00	100.00	50.00	100.00	SAME
AEMAC03	20.00	500.00	20.00	500.00	SAME
AEMAC04	40.00	250.00	40.00	250.00	SAME
AEMAC05	10.00	1000.00	10.00	1000.00	SAME
AEMAC06	40.00	250.00	40.00	250.00	SAME
AEMAP01	50.00	50.00	0.00	0.00	CHANGE
AEMAP02	30.00	200.00	30.00	200.00	SAME
AEMAP03	30.00	200.00	30.00	200.00	SAME
AEMAP04	25.00	400.00	25.00	400.00	SAME
AEMAP05	50.00	80.00	50.00	80.00	SAME
AEMAP06	20.00	400.00	20.00	400.00	SAME
AEMAP07	20.00	1000.00	20.00	1000.00	SAME
AEMBA01	1.00	1000.00	0.00	0.00	CHANGE
AEMCL01	50.00	50.00	0.00	0.00	CHANGE
AEMCL03	20.00	250.00	20.00	250.00	SAME
AEMER01	100.00	80.00	100.00	80.00	SAME
AEMER02	40.00	250.00	40.00	250.00	SAME
AEMPO01	1.00	1000.00	0.00	0.00	CHANGE
AEMPR07	20.00	250.00	20.00	250.00	SAME
AEMVI01	20.00	500.00	0.00	0.00	CHANGE
AEMVI02	20.00	500.00	0.00	0.00	CHANGE
AENDU01	50.00	100.00	50.00	100.00	SAME
AENDU02	100.00	50.00	100.00	50.00	SAME
AENDU03	24.00	200.00	24.00	200.00	SAME
AENGI01	1.00	0.00	0.00	0.00	CHANGE
AENGI02	1.00	0.00	0.00	0.00	CHANGE
AEQUA01	50.00	100.00	50.00	100.00	SAME
AERGO01	50.00	50.00	0.00	0.00	CHANGE
AERGO02	50.00	100.00	0.00	0.00	CHANGE
AERGO03	1.00	25.00	0.00	0.00	CHANGE
AEROS01	50.00	100.00	0.00	0.00	CHANGE
AEROS02	40.00	250.00	0.00	0.00	CHANGE
AETHI01	24.00	500.00	0.00	0.00	CHANGE
AETHR01	100.00	100.00	0.00	0.00	CHANGE
AETHR02	100.00	100.00	100.00	100.00	SAME
AEVEN01	20.00	330.00	20.00	330.00	SAME
AEVER01	25.00	100.00	0.00	0.00	CHANGE
AEVER03	0.00	0.00	0.00	0.00	SAME
AEVER04	0.00	0.00	0.00	0.00	SAME
AEVER05	0.00	0.00	0.00	0.00	SAME
AEVER06	0.00	0.00	0.00	0.00	SAME
AEVER07	20.00	1000.00	1.00	1.00	CHANGE
AEVER08	20.00	1000.00	1.00	1.00	CHANGE
AEVER09	30.00	500.00	0.00	0.00	CHANGE
AEVER10	30.00	500.00	1.00	1.00	CHANGE
AEVER11	40.00	250.00	40.00	250.00	SAME
AEVER12	0.00	0.00	0.00	0.00	SAME
AEXPE01	50.00	200.00	50.00	200.00	SAME
AEXPE02	50.00	100.00	50.00	100.00	SAME
AEXTE01	1.00	0.00	0.00	0.00	CHANGE
AEXTR01	40.00	100.00	0.00	0.00	CHANGE
AEXTR02	0.00	0.00	0.00	0.00	SAME
AFAN01	1.00	0.00	0.00	0.00	CHANGE
AFAST01	24.00	300.00	24.00	300.00	SAME
AFAST02	50.00	100.00	50.00	100.00	SAME
AFAST03	20.00	500.00	20.00	500.00	SAME
AFAST04	48.00	100.00	48.00	100.00	SAME
AFAST05	12.00	1000.00	12.00	1000.00	SAME
AFENT01	20.00	500.00	20.00	500.00	SAME
AFENT02	1.00	30.00	0.00	0.00	CHANGE
AFENT03	20.00	200.00	20.00	200.00	SAME
AFENT04	20.00	500.00	20.00	500.00	SAME
AFENT05	20.00	500.00	20.00	500.00	SAME
AFENV01	20.00	300.00	20.00	300.00	SAME
AFENV02	20.00	500.00	20.00	500.00	SAME
AFENV03	50.00	100.00	50.00	100.00	SAME
AFENV04	15.00	1000.00	15.00	1000.00	SAME
AFERA01	25.00	200.00	25.00	200.00	SAME
AFERA02	50.00	200.00	50.00	200.00	SAME
AFERT02	5.00	5000.00	5.00	5000.00	SAME
AFERT03	10.00	2000.00	10.00	2000.00	SAME
AFERT04	20.00	500.00	20.00	500.00	SAME
AFERT05	1.00	1000.00	0.00	0.00	CHANGE
AFERT06	10.00	2000.00	10.00	2000.00	SAME
AFEST01	10.00	1000.00	0.00	0.00	CHANGE
AFEST02	10.00	1000.00	10.00	1000.00	SAME
AFETR01	2400.00	2.50	2400.00	2.00	CHANGE
AFILI01	100.00	50.00	100.00	50.00	SAME
AFILI02	20.00	250.00	20.00	250.00	SAME
AFILL01	20.00	500.00	20.00	500.00	SAME
AFIPR01	50.00	100.00	50.00	100.00	SAME
AFIPR02	40.00	250.00	40.00	250.00	SAME
AFITO01	50.00	100.00	0.00	0.00	CHANGE
AFITO02	10.00	1000.00	10.00	1000.00	SAME
AFITO03	20.00	500.00	0.00	0.00	CHANGE
AFITO04	50.00	100.00	50.00	100.00	SAME
AFITO05	100.00	50.00	0.00	0.00	CHANGE
AFITO06	40.00	250.00	40.00	250.00	SAME
AFLAV01	200.00	10.00	0.00	0.00	CHANGE
AFLYE01	1.00	5000.00	0.00	0.00	CHANGE
AFOLI01	40.00	85.00	0.00	0.00	CHANGE
AFOLI02	100.00	60.00	100.00	60.00	SAME
AFOLI03	100.00	100.00	100.00	100.00	SAME
AFOLI04	40.00	240.00	40.00	240.00	SAME
AFOLI05	100.00	50.00	100.00	50.00	SAME
AFOLI06	20.00	500.00	20.00	500.00	SAME
AFOLI07	15.00	1000.00	15.00	1000.00	SAME
AFOLT01	20.00	1000.00	0.00	0.00	CHANGE
AFOND01	50.00	100.00	1.00	1.00	CHANGE
AFOND02	20.00	250.00	1.00	1.00	CHANGE
AFONI01	20.00	1000.00	1.00	1.00	CHANGE
AFORC01	0.00	0.00	0.00	0.00	SAME
AFORM01	20.00	1000.00	20.00	1000.00	SAME
AFORM02	20.00	1000.00	20.00	1000.00	SAME
AFORM03	1.00	20000.00	1.00	20000.00	SAME
AFORT01	1.00	250.00	0.00	0.00	CHANGE
AFOST01	40.00	100.00	0.00	0.00	CHANGE
AFOST02	0.00	0.00	0.00	0.00	SAME
AFUEL01	1.00	0.00	0.00	0.00	CHANGE
AFUJI01	50.00	100.00	50.00	100.00	SAME
AFUJI02	20.00	500.00	20.00	500.00	SAME
AFUNG01	500.00	10.00	0.00	0.00	CHANGE
AFUNG02	1000.00	10.00	1000.00	10.00	SAME
AFUNG03	50.00	500.00	50.00	500.00	SAME
AFURA01	10.00	1000.00	10.00	1000.00	SAME
AFURA02	10.00	2000.00	10.00	2000.00	SAME
AFURA03	40.00	100.00	40.00	100.00	SAME
AFUTA01	0.00	0.00	0.00	0.00	SAME
AFUTA02	0.00	0.00	0.00	0.00	SAME
AFUTA022	50.00	250.00	1.00	1.00	CHANGE
AFUTA03	0.00	0.00	0.00	0.00	SAME
AFUTA04	0.00	0.00	0.00	0.00	SAME
AFUTA06	50.00	100.00	1.00	1.00	CHANGE
AFUTA07	30.00	500.00	1.00	1.00	CHANGE
AFUTA08	50.00	250.00	1.00	1.00	CHANGE
AFUTA09	10.00	1000.00	0.00	0.00	CHANGE
AFUTA11	50.00	250.00	0.00	0.00	CHANGE
AFUTA5	0.00	0.00	0.00	0.00	SAME
AFUTA6	0.00	0.00	0.00	0.00	SAME
AFUTS01	1.00	500.00	0.00	0.00	CHANGE
AGA301	1000.00	5.00	0.00	0.00	CHANGE
AGABU01	20.00	500.00	0.00	0.00	CHANGE
AGAJA01	20.00	500.00	0.00	0.00	CHANGE
AGAJA02	0.00	0.00	0.00	0.00	SAME
AGAJE01	20.00	500.00	0.00	0.00	CHANGE
AGAKA01	20.00	500.00	0.00	0.00	CHANGE
AGAKE01	20.00	500.00	0.00	0.00	CHANGE
AGALA01	20.00	500.00	0.00	0.00	CHANGE
AGALA02	1.00	50.00	0.00	0.00	CHANGE
AGALI01	40.00	250.00	40.00	250.00	SAME
AGALI02	50.00	100.00	50.00	100.00	SAME
AGALI03	100.00	100.00	100.00	100.00	SAME
AGALL01	30.00	500.00	30.00	500.00	SAME
AGALL02	50.00	200.00	50.00	200.00	SAME
AGALL03	10.00	1000.00	10.00	1000.00	SAME
AGALL04	50.00	100.00	0.00	0.00	CHANGE
AGALL05	10.00	1000.00	10.00	1000.00	SAME
AGALL06	10.00	1000.00	10.00	1000.00	SAME
AGALL08	30.00	500.00	30.00	500.00	SAME
AGAME01	100.00	100.00	100.00	100.00	SAME
AGAME02	20.00	500.00	20.00	500.00	SAME
AGAME03	40.00	250.00	40.00	250.00	SAME
AGAND01	24.00	500.00	0.00	0.00	CHANGE
AGAND02	144.00	100.00	0.00	0.00	CHANGE
AGAND03	24.00	500.00	0.00	0.00	CHANGE
AGAND04	144.00	100.00	0.00	0.00	CHANGE
AGAND05	24.00	500.00	24.00	500.00	SAME
AGAND06	24.00	500.00	24.00	500.00	SAME
AGAND07	40.00	200.00	40.00	200.00	SAME
AGANE01	40.00	100.00	40.00	100.00	SAME
AGANE02	40.00	250.00	40.00	250.00	SAME
AGAPA01	20.00	500.00	0.00	0.00	CHANGE
AGAPL01	200.00	5.00	0.00	0.00	CHANGE
AGAPL02	25.00	100.00	0.00	0.00	CHANGE
AGAPL03	350.00	5.00	350.00	5.00	SAME
AGAPL04	450.00	35.00	450.00	35.00	SAME
AGAPL05	350.00	5.00	350.00	5.00	SAME
AGARD01	100.00	100.00	100.00	100.00	SAME
AGARE01	20.00	500.00	0.00	0.00	CHANGE
AGARE02	20.00	500.00	20.00	500.00	SAME
AGASA01	20.00	500.00	0.00	0.00	CHANGE
AGASE01	20.00	500.00	0.00	0.00	CHANGE
AGASR01	20.00	250.00	0.00	0.00	CHANGE
AGASR02	20.00	250.00	0.00	0.00	CHANGE
AGATE01	20.00	500.00	0.00	0.00	CHANGE
AGATI01	1000.00	2.00	1000.00	2.00	SAME
AGAUC01	100.00	20.00	100.00	20.00	SAME
AGAUC02	50.00	50.00	50.00	50.00	SAME
AGAVI01	50.00	100.00	0.00	0.00	CHANGE
AGAYA01	20.00	500.00	20.00	500.00	SAME
AGE-501	600.00	3.00	0.00	0.00	CHANGE
AGEMI01	16.00	1000.00	16.00	1000.00	SAME
AGEMI02	16.00	1000.00	16.00	1000.00	SAME
AGENE01	24.00	500.00	24.00	500.00	SAME
AGENE02	24.00	500.00	0.00	0.00	CHANGE
AGENE03	24.00	500.00	24.00	500.00	SAME
AGENI01	20.00	1000.00	20.00	1000.00	SAME
AGERB01	20.00	500.00	0.00	0.00	CHANGE
AGERB02	40.00	200.00	0.00	0.00	CHANGE
AGERB03	50.00	100.00	0.00	0.00	CHANGE
AGERB04	50.00	100.00	0.00	0.00	CHANGE
AGGAM01	50.00	50.00	0.00	0.00	CHANGE
AGGAM02	15.00	500.00	0.00	0.00	CHANGE
AGGDA01	50.00	50.00	0.00	0.00	CHANGE
AGGJA01	1.00	1000.00	0.00	0.00	CHANGE
AGGPA01	1.00	1000.00	0.00	0.00	CHANGE
AGGTE01	1.00	1000.00	0.00	0.00	CHANGE
AGGUM01	1.00	1000.00	0.00	0.00	CHANGE
AGIBA01	20.00	1000.00	20.00	1000.00	SAME
AGIBB01	1000.00	5.00	0.00	0.00	CHANGE
AGIBG01	960.00	1.00	0.00	0.00	CHANGE
AGIBG02	100.00	5.00	0.00	0.00	CHANGE
AGIBG03	1000.00	1.00	1000.00	1.00	SAME
AGIBG04	100.00	5.00	0.00	0.00	CHANGE
AGIBR01	100.00	80.00	100.00	80.00	SAME
AGIBR02	50.00	200.00	50.00	200.00	SAME
AGIBR03	25.00	400.00	25.00	400.00	SAME
AGIRA01	0.00	0.00	0.00	0.00	SAME
AGITA01	20.00	1000.00	20.00	1000.00	SAME
AGLAD01	30.00	400.00	0.00	0.00	CHANGE
AGLAD02	50.00	200.00	50.00	200.00	SAME
AGLAD03	50.00	200.00	0.00	0.00	CHANGE
AGLAD04	50.00	250.00	0.00	0.00	CHANGE
AGLAD05	50.00	80.00	50.00	80.00	SAME
AGLAD06	50.00	80.00	0.00	0.00	CHANGE
AGLID01	20.00	1000.00	20.00	1000.00	SAME
AGLIM01	20.00	1000.00	20.00	1000.00	SAME
AGLIM02	1.00	20000.00	1.00	20000.00	SAME
AGLOV01	50.00	100.00	0.00	0.00	CHANGE
AGLOV02	50.00	100.00	50.00	100.00	SAME
AGLOV03	40.00	250.00	40.00	250.00	SAME
AGLUF01	80.00	150.00	0.00	0.00	CHANGE
AGLUF02	1.00	500.00	0.00	0.00	CHANGE
AGLUF03	1.00	1000.00	0.00	0.00	CHANGE
AGLUF04	15.00	1000.00	15.00	1000.00	SAME
AGLUF05	30.00	500.00	30.00	500.00	SAME
AGOAL01	100.00	50.00	100.00	50.00	SAME
AGOAL02	50.00	100.00	50.00	100.00	SAME
AGOAL04	50.00	100.00	50.00	100.00	SAME
AGOLD01	40.00	250.00	40.00	250.00	SAME
AGOLD02	20.00	1000.00	20.00	1000.00	SAME
AGOLD03	80.00	200.00	0.00	0.00	CHANGE
AGOLD04	50.00	100.00	50.00	100.00	SAME
AGOLD05	30.00	500.00	30.00	500.00	SAME
AGOLD06	50.00	50.00	0.00	0.00	CHANGE
AGOLD07	50.00	50.00	0.00	0.00	CHANGE
AGOLD08	50.00	50.00	0.00	0.00	CHANGE
AGOLD09	50.00	50.00	0.00	0.00	CHANGE
AGOLD10	5.00	5000.00	0.00	0.00	CHANGE
AGOLD11	50.00	50.00	0.00	0.00	CHANGE
AGOLD12	50.00	50.00	0.00	0.00	CHANGE
AGOLD13	0.00	0.00	0.00	0.00	SAME
AGOLD14	0.00	0.00	0.00	0.00	SAME
AGOLD15	50.00	100.00	50.00	100.00	SAME
AGOLD16	50.00	100.00	50.00	100.00	SAME
AGOLD17	100.00	15.00	100.00	15.00	SAME
AGOLD21	80.00	5.00	1.00	1.00	CHANGE
AGOLM01	50.00	100.00	0.00	0.00	CHANGE
AGOLM03	50.00	100.00	0.00	0.00	CHANGE
AGOOD01	0.00	0.00	0.00	0.00	SAME
AGRAC01	50.00	100.00	0.00	0.00	CHANGE
AGRAM01	20.00	1000.00	20.00	1000.00	SAME
AGRAM02	20.00	500.00	20.00	500.00	SAME
AGRAM03	40.00	250.00	40.00	250.00	SAME
AGRAM04	4.00	5000.00	4.00	5000.00	SAME
AGRAN01	1.00	25.00	1.00	25.00	SAME
AGRAN02	1.00	5.00	1.00	5.00	SAME
AGRAS01	20.00	1000.00	20.00	1000.00	SAME
AGRAS02	4.00	5000.00	4.00	5000.00	SAME
AGRAS04	20.00	1000.00	20.00	1000.00	SAME
AGREE01	12.00	1000.00	1.00	1.00	CHANGE
AGREE02	20.00	500.00	1.00	1.00	CHANGE
AGROA01	20.00	400.00	0.00	0.00	CHANGE
AGUNT01	0.00	0.00	0.00	0.00	SAME
AGUNT02	0.00	0.00	0.00	0.00	SAME
AGUNT03	0.00	0.00	0.00	0.00	SAME
AGUNT04	0.00	0.00	0.00	0.00	SAME
AGWBL01	12.00	1000.00	12.00	1000.00	SAME
AGWGE01	24.00	1000.00	24.00	1000.00	SAME
AGWMA01	24.00	1000.00	24.00	1000.00	SAME
AGWMA02	24.00	998.00	24.00	998.00	SAME
AGWMA03	0.00	0.00	0.00	0.00	SAME
AGWSA01	12.00	998.00	0.00	0.00	CHANGE
AGWVI01	24.00	500.00	24.00	500.00	SAME
AGWVI02	100.00	100.00	100.00	100.00	SAME
AGWVI03	50.00	200.00	50.00	200.00	SAME
AGWVI04	50.00	150.00	50.00	150.00	SAME
AHAND01	1.00	0.00	0.00	0.00	CHANGE
AHAND02	1.00	0.00	0.00	0.00	CHANGE
AHAND03	1.00	0.00	1.00	1.00	CHANGE
AHAND04	1.00	0.00	0.00	0.00	CHANGE
AHAPP01	240.00	50.00	0.00	0.00	CHANGE
AHARA01	80.00	100.00	0.00	0.00	CHANGE
AHARA02	20.00	1000.00	20.00	1000.00	SAME
AHER01	48.00	250.00	48.00	250.00	SAME
AHERN01	0.00	0.00	0.00	0.00	SAME
AHERO01	10.00	1000.00	0.00	0.00	CHANGE
AHEXA01	50.00	100.00	50.00	100.00	SAME
AHEXA02	40.00	250.00	0.00	0.00	CHANGE
AHEXA03	20.00	500.00	0.00	0.00	CHANGE
AHEXA04	25.00	500.00	25.00	500.00	SAME
AHEXA05	100.00	100.00	100.00	100.00	SAME
AHEXA06	20.00	1000.00	0.00	0.00	CHANGE
AHEXA07	25.00	400.00	25.00	400.00	SAME
AHEXA08	50.00	100.00	50.00	100.00	SAME
AHIDR01	10.00	2000.00	10.00	2000.00	SAME
AHIJA01	1.00	250.00	0.00	0.00	CHANGE
AHIPO01	10.00	1000.00	10.00	1000.00	SAME
AHIPO02	25.00	500.00	25.00	500.00	SAME
AHIPR01	0.00	0.00	0.00	0.00	SAME
AHIPR02	0.00	0.00	0.00	0.00	SAME
AHIPR03	40.00	250.00	1.00	1.00	CHANGE
AHOKK01	20.00	400.00	20.00	400.00	SAME
AHOKK02	50.00	100.00	50.00	100.00	SAME
AHOKKY01	16.00	1000.00	0.00	0.00	CHANGE
AHSPA01	10.00	5000.00	10.00	5000.00	SAME
AHUMA01	16.00	2000.00	0.00	0.00	CHANGE
AHUMA02	10.00	2000.00	0.00	0.00	CHANGE
AHUMA03	16.00	2000.00	0.00	0.00	CHANGE
AHUMA04	10.00	2000.00	0.00	0.00	CHANGE
AHYDR01	1.00	0.00	0.00	0.00	CHANGE
AIABA01	0.00	0.00	0.00	0.00	SAME
AICEM01	100.00	20.00	100.00	20.00	SAME
AIJOK01	300.00	20.00	300.00	20.00	SAME
AILUT01	0.00	0.00	0.00	0.00	SAME
AIMAR01	60.00	100.00	60.00	100.00	SAME
AIMPE01	1.00	50000.00	1.00	50000.00	SAME
AIMUN01	20.00	250.00	0.00	0.00	CHANGE
AINAR01	0.00	0.00	0.00	0.00	SAME
AINDA01	24.00	250.00	24.00	250.00	SAME
AINDA02	50.00	80.00	50.00	80.00	SAME
AINFI01	100.00	100.00	100.00	100.00	SAME
AINGR01	50.00	100.00	0.00	0.00	CHANGE
AINKA01	50.00	100.00	1.00	1.00	CHANGE
AINKA02	40.00	250.00	1.00	1.00	CHANGE
AINNE01	0.00	0.00	0.00	0.00	SAME
AINOV01	20.00	500.00	0.00	0.00	CHANGE
AINOV02	50.00	100.00	50.00	100.00	SAME
AINSU01	100.00	25.00	100.00	25.00	SAME
AINTE01	1000.00	5.00	0.00	0.00	CHANGE
AINTE02	20.00	500.00	20.00	500.00	SAME
AISAD01	0.00	0.00	0.00	0.00	SAME
AISIS01	10.00	0.00	10.00	1.00	CHANGE
AITTO01	20.00	400.00	20.00	400.00	SAME
AJAGA01	20.00	500.00	20.00	500.00	SAME
AJAGU01	20.00	1000.00	20.00	1000.00	SAME
AJAGU02	20.00	1000.00	20.00	1000.00	SAME
AJAGU03	20.00	1000.00	20.00	1000.00	SAME
AJAGU04	18.00	1000.00	0.00	0.00	CHANGE
AJAGU05	20.00	1000.00	20.00	1000.00	SAME
AJAGU06	20.00	1000.00	20.00	1000.00	SAME
AJAGU07	20.00	1000.00	20.00	1000.00	SAME
AJAGU08	20.00	1000.00	20.00	1000.00	SAME
AJAGU09	20.00	1000.00	20.00	1000.00	SAME
AJAGU10	20.00	1000.00	20.00	1000.00	SAME
AJAGU100	20.00	1000.00	20.00	1000.00	SAME
AJAGU101	0.00	0.00	0.00	0.00	SAME
AJAGU102	20.00	1000.00	1.00	1.00	CHANGE
AJAGU103	20.00	1000.00	0.00	0.00	CHANGE
AJAGU104	20.00	500.00	0.00	0.00	CHANGE
AJAGU105	20.00	500.00	0.00	0.00	CHANGE
AJAGU106	40.00	250.00	0.00	0.00	CHANGE
AJAGU107	20.00	500.00	0.00	0.00	CHANGE
AJAGU108	0.00	0.00	0.00	0.00	SAME
AJAGU109	0.00	0.00	0.00	0.00	SAME
AJAGU11	30.00	500.00	30.00	500.00	SAME
AJAGU110	0.00	0.00	0.00	0.00	SAME
AJAGU111	20.00	1000.00	1.00	1.00	CHANGE
AJAGU112	0.00	0.00	0.00	0.00	SAME
AJAGU113	20.00	1000.00	20.00	1000.00	SAME
AJAGU114	0.00	0.00	0.00	0.00	SAME
AJAGU115	20.00	1000.00	20.00	1000.00	SAME
AJAGU116	20.00	1000.00	0.00	0.00	CHANGE
AJAGU117	20.00	1000.00	0.00	0.00	CHANGE
AJAGU118	20.00	1000.00	20.00	1000.00	SAME
AJAGU119	20.00	1000.00	20.00	1000.00	SAME
AJAGU12	40.00	1000.00	0.00	0.00	CHANGE
AJAGU120	20.00	1000.00	0.00	0.00	CHANGE
AJAGU121	20.00	1000.00	0.00	0.00	CHANGE
AJAGU13	20.00	250.00	0.00	0.00	CHANGE
AJAGU14	20.00	250.00	0.00	0.00	CHANGE
AJAGU15	1.00	50.00	0.00	0.00	CHANGE
AJAGU16	50.00	100.00	0.00	0.00	CHANGE
AJAGU17	20.00	1000.00	20.00	1000.00	SAME
AJAGU18	20.00	1000.00	0.00	0.00	CHANGE
AJAGU19	4.00	5000.00	0.00	0.00	CHANGE
AJAGU20	20.00	1000.00	20.00	1000.00	SAME
AJAGU21	18.00	1000.00	0.00	0.00	CHANGE
AJAGU22	20.00	1000.00	20.00	1000.00	SAME
AJAGU23	20.00	1000.00	0.00	0.00	CHANGE
AJAGU24	30.00	500.00	0.00	0.00	CHANGE
AJAGU25	20.00	1000.00	0.00	0.00	CHANGE
AJAGU26	20.00	1000.00	20.00	1000.00	SAME
AJAGU27	40.00	250.00	0.00	0.00	CHANGE
AJAGU28	4.00	5000.00	0.00	0.00	CHANGE
AJAGU29	20.00	1000.00	20.00	1000.00	SAME
AJAGU30	20.00	1000.00	20.00	1000.00	SAME
AJAGU31	40.00	250.00	40.00	250.00	SAME
AJAGU32	20.00	1000.00	0.00	0.00	CHANGE
AJAGU33	20.00	1000.00	0.00	0.00	CHANGE
AJAGU34	20.00	1000.00	20.00	1000.00	SAME
AJAGU35	40.00	250.00	40.00	250.00	SAME
AJAGU36	20.00	1000.00	20.00	1000.00	SAME
AJAGU37	40.00	250.00	40.00	250.00	SAME
AJAGU38	20.00	1000.00	20.00	1000.00	SAME
AJAGU39	20.00	1000.00	20.00	1000.00	SAME
AJAGU40	20.00	1000.00	20.00	1000.00	SAME
AJAGU41	20.00	1000.00	20.00	1000.00	SAME
AJAGU42	20.00	1000.00	20.00	1000.00	SAME
AJAGU43	20.00	1000.00	0.00	0.00	CHANGE
AJAGU44	20.00	1000.00	20.00	1000.00	SAME
AJAGU45	40.00	250.00	40.00	250.00	SAME
AJAGU46	1.00	250.00	0.00	0.00	CHANGE
AJAGU47	1.00	50.00	0.00	0.00	CHANGE
AJAGU48	1.00	50.00	0.00	0.00	CHANGE
AJAGU49	20.00	1000.00	20.00	1000.00	SAME
AJAGU50	20.00	1000.00	20.00	1000.00	SAME
AJAGU51	20.00	1000.00	20.00	1000.00	SAME
AJAGU52	20.00	1000.00	20.00	1000.00	SAME
AJAGU53	40.00	250.00	40.00	250.00	SAME
AJAGU54	20.00	1000.00	20.00	1000.00	SAME
AJAGU55	15.00	1000.00	15.00	1000.00	SAME
AJAGU56	20.00	1000.00	0.00	0.00	CHANGE
AJAGU57	20.00	1000.00	0.00	0.00	CHANGE
AJAGU58	20.00	1000.00	20.00	1000.00	SAME
AJAGU59	25.00	1000.00	0.00	0.00	CHANGE
AJAGU60	20.00	1000.00	20.00	1000.00	SAME
AJAGU61	20.00	1000.00	20.00	1000.00	SAME
AJAGU62	4.00	0.00	4.00	1.00	CHANGE
AJAGU63	20.00	1000.00	20.00	1000.00	SAME
AJAGU64	20.00	1000.00	0.00	0.00	CHANGE
AJAGU65	60.00	250.00	0.00	0.00	CHANGE
AJAGU66	20.00	1000.00	1.00	1.00	CHANGE
AJAGU67	40.00	500.00	0.00	0.00	CHANGE
AJAGU68	20.00	1000.00	0.00	0.00	CHANGE
AJAGU69	20.00	1000.00	20.00	1000.00	SAME
AJAGU70	20.00	500.00	20.00	500.00	SAME
AJAGU71	20.00	250.00	20.00	250.00	SAME
AJAGU72	1.00	1000.00	0.00	0.00	CHANGE
AJAGU73	20.00	1000.00	20.00	1000.00	SAME
AJAGU74	20.00	1000.00	20.00	1000.00	SAME
AJAGU75	0.00	0.00	0.00	0.00	SAME
AJAGU76	10.00	1000.00	10.00	1000.00	SAME
AJAGU77	20.00	1000.00	1.00	1.00	CHANGE
AJAGU78	20.00	1000.00	20.00	1000.00	SAME
AJAGU79	20.00	1000.00	20.00	1000.00	SAME
AJAGU80	0.00	0.00	0.00	0.00	SAME
AJAGU81	0.00	0.00	0.00	0.00	SAME
AJAGU82	0.00	0.00	0.00	0.00	SAME
AJAGU83	0.00	0.00	0.00	0.00	SAME
AJAGU84	0.00	0.00	0.00	0.00	SAME
AJAGU85	20.00	1000.00	20.00	1000.00	SAME
AJAGU86	0.00	0.00	0.00	0.00	SAME
AJAGU87	20.00	1000.00	20.00	1000.00	SAME
AJAGU88	0.00	0.00	0.00	0.00	SAME
AJAGU89	0.00	0.00	0.00	0.00	SAME
AJAGU90	10.00	1000.00	1.00	1.00	CHANGE
AJAGU91	40.00	250.00	0.00	0.00	CHANGE
AJAGU92	20.00	1000.00	0.00	0.00	CHANGE
AJAGU93	0.00	0.00	0.00	0.00	SAME
AJAGU94	0.00	0.00	0.00	0.00	SAME
AJAGU96	0.00	0.00	0.00	0.00	SAME
AJAGU97	20.00	1000.00	20.00	1000.00	SAME
AJAGU98	20.00	500.00	20.00	500.00	SAME
AJAGU988	10.00	1000.00	0.00	0.00	CHANGE
AJAGU99	20.00	1000.00	0.00	0.00	CHANGE
AJAPR01	20.00	500.00	0.00	0.00	CHANGE
AJAPR02	50.00	250.00	0.00	0.00	CHANGE
AJAPR03	20.00	500.00	0.00	0.00	CHANGE
AJAPR04	50.00	100.00	0.00	0.00	CHANGE
AJAPR06	30.00	500.00	0.00	0.00	CHANGE
AJATR01	12.00	500.00	12.00	500.00	SAME
AJATR02	8.00	1000.00	8.00	1000.00	SAME
AJATR03	20.00	200.00	20.00	200.00	SAME
AJERA01	1.00	5000.00	0.00	0.00	CHANGE
AJERS01	40.00	200.00	40.00	200.00	SAME
AJET 01	1.00	0.00	0.00	0.00	CHANGE
AJONU01	1.00	20000.00	1.00	20000.00	SAME
AJONU02	20.00	1000.00	20.00	1000.00	SAME
AKACA01	20.00	500.00	0.00	0.00	CHANGE
AKACA02	100.00	100.00	0.00	0.00	CHANGE
AKACA03	25.00	500.00	0.00	0.00	CHANGE
AKACA04	35.00	500.00	0.00	0.00	CHANGE
AKACA05	40.00	500.00	0.00	0.00	CHANGE
AKACA06	30.00	500.00	30.00	500.00	SAME
AKACA07	90.00	100.00	90.00	100.00	SAME
AKACA08	30.00	500.00	30.00	500.00	SAME
AKACA09	30.00	500.00	0.00	0.00	CHANGE
AKACA10	30.00	500.00	30.00	500.00	SAME
AKACA11	90.00	100.00	90.00	100.00	SAME
AKACA12	75.00	100.00	0.00	0.00	CHANGE
AKACA13	35.00	500.00	0.00	0.00	CHANGE
AKACA14	40.00	500.00	0.00	0.00	CHANGE
AKACA15	40.00	500.00	0.00	0.00	CHANGE
AKACA16	5.00	100.00	0.00	0.00	CHANGE
AKACA17	30.00	500.00	0.00	0.00	CHANGE
AKACA18	100.00	100.00	0.00	0.00	CHANGE
AKACA19	40.00	500.00	0.00	0.00	CHANGE
AKACA20	40.00	500.00	0.00	0.00	CHANGE
AKACA21	20.00	500.00	20.00	500.00	SAME
AKACA23	0.00	0.00	0.00	0.00	SAME
AKACA24	0.00	0.00	0.00	0.00	SAME
AKALI01	30.00	400.00	0.00	0.00	CHANGE
AKALI02	50.00	80.00	0.00	0.00	CHANGE
AKALI03	30.00	500.00	0.00	0.00	CHANGE
AKALI04	40.00	200.00	0.00	0.00	CHANGE
AKALI05	20.00	400.00	0.00	0.00	CHANGE
AKALI06	40.00	200.00	0.00	0.00	CHANGE
AKALI10	40.00	200.00	40.00	200.00	SAME
AKALI11	20.00	400.00	20.00	400.00	SAME
AKANG01	30.00	500.00	30.00	500.00	SAME
AKANG02	15.00	1000.00	15.00	1000.00	SAME
AKANG03	30.00	500.00	1.00	1.00	CHANGE
AKANG04	48.00	500.00	0.00	0.00	CHANGE
AKANG05	1.00	1000.00	0.00	0.00	CHANGE
AKANG06	24.00	1000.00	0.00	0.00	CHANGE
AKANG07	40.00	500.00	0.00	0.00	CHANGE
AKANG08	20.00	1000.00	20.00	1000.00	SAME
AKANO01	20.00	400.00	20.00	400.00	SAME
AKANO02	50.00	100.00	50.00	100.00	SAME
AKANT01	1.00	0.00	0.00	0.00	CHANGE
AKANT02	1.00	0.00	0.00	0.00	CHANGE
AKANT03	1.00	0.00	0.00	0.00	CHANGE
AKANT04	1.00	0.00	0.00	0.00	CHANGE
AKANT05	1.00	0.00	0.00	0.00	CHANGE
AKANT06	1.00	0.00	0.00	0.00	CHANGE
AKANT07	1.00	0.00	0.00	0.00	CHANGE
AKARD01	1.00	500.00	0.00	0.00	CHANGE
AKARD02	0.00	0.00	0.00	0.00	SAME
AKARI01	20.00	500.00	0.00	0.00	CHANGE
AKARI02	50.00	200.00	50.00	200.00	SAME
AKARI03	20.00	500.00	20.00	500.00	SAME
AKARI04	50.00	200.00	50.00	200.00	SAME
AKARI05	15.00	1000.00	15.00	1000.00	SAME
AKARI06	20.00	500.00	20.00	500.00	SAME
AKARI07	20.00	800.00	20.00	800.00	SAME
AKARI08	25.00	400.00	0.00	0.00	CHANGE
AKARI10	50.00	200.00	50.00	200.00	SAME
AKARI11	20.00	500.00	20.00	500.00	SAME
AKARR01	50.00	80.00	0.00	0.00	CHANGE
AKART01	0.00	0.00	0.00	0.00	SAME
AKART02	0.00	0.00	0.00	0.00	SAME
AKATA01	20.00	100.00	20.00	100.00	SAME
AKATA02	40.00	50.00	40.00	50.00	SAME
AKAYA01	12.00	1000.00	0.00	0.00	CHANGE
AKAYA02	20.00	500.00	20.00	500.00	SAME
AKAYA03	40.00	250.00	0.00	0.00	CHANGE
AKAYA04	10.00	1000.00	0.00	0.00	CHANGE
AKAYA05	20.00	500.00	20.00	500.00	SAME
AKAYA06	40.00	250.00	40.00	250.00	SAME
AKCLK01	1.00	5000.00	0.00	0.00	CHANGE
AKCLP01	10.00	5000.00	10.00	5000.00	SAME
AKEDE01	10.00	5000.00	0.00	0.00	CHANGE
AKELP01	1.00	100.00	1.00	100.00	SAME
AKELP02	40.00	250.00	40.00	250.00	SAME
AKELP03	50.00	100.00	50.00	100.00	SAME
AKELP04	20.00	500.00	20.00	500.00	SAME
AKENB01	0.00	0.00	0.00	0.00	SAME
AKENF01	10.00	2000.00	10.00	2000.00	SAME
AKENI01	1.00	100.00	0.00	0.00	CHANGE
AKETA01	40.00	250.00	40.00	250.00	SAME
AKETA02	20.00	500.00	20.00	500.00	SAME
AKETA03	10.00	1000.00	10.00	1000.00	SAME
AKICK01	20.00	1000.00	20.00	1000.00	SAME
AKICK02	20.00	250.00	20.00	250.00	SAME
AKICK03	48.00	100.00	48.00	100.00	SAME
AKILA01	300.00	25.00	300.00	25.00	SAME
AKIMI01	80.00	100.00	80.00	100.00	SAME
AKING01	1.00	1000.00	0.00	0.00	CHANGE
AKING03	20.00	1000.00	20.00	1000.00	SAME
AKLEE01	1.00	20000.00	1.00	20000.00	SAME
AKLEN01	48.00	200.00	0.00	0.00	CHANGE
AKLEP01	1.00	14000.00	0.00	0.00	CHANGE
AKLEP02	1.00	17000.00	0.00	0.00	CHANGE
AKLEP03	1.00	14000.00	0.00	0.00	CHANGE
AKLER01	10.00	1000.00	10.00	1000.00	SAME
AKLOO01	50.00	100.00	50.00	100.00	SAME
AKLOO02	10.00	1000.00	10.00	1000.00	SAME
AKLOP01	12.00	1000.00	12.00	1000.00	SAME
AKNO301	15.00	2000.00	15.00	2000.00	SAME
AKNO302	25.00	2000.00	25.00	2000.00	SAME
AKNO303	10.00	2000.00	10.00	2000.00	SAME
AKNO304	10.00	2000.00	10.00	2000.00	SAME
AKNO305	15.00	2000.00	15.00	2000.00	SAME
AKNO306	12.00	2000.00	12.00	2000.00	SAME
AKNO307	6.00	5000.00	6.00	5000.00	SAME
AKNO309	15.00	2000.00	15.00	2000.00	SAME
AKNOC01	30.00	200.00	30.00	200.00	SAME
AKNOC02	50.00	80.00	50.00	80.00	SAME
AKNOC03	20.00	400.00	20.00	400.00	SAME
AKNOC04	50.00	50.00	0.00	0.00	CHANGE
AKNOC05	30.00	200.00	30.00	200.00	SAME
AKNOC06	20.00	200.00	20.00	200.00	SAME
AKNOC07	50.00	100.00	0.00	0.00	CHANGE
AKNOC08	1.00	30.00	0.00	0.00	CHANGE
AKOBO01	20.00	1000.00	1.00	1.00	CHANGE
AKOCI01	100.00	100.00	100.00	100.00	SAME
AKOMP01	1.00	40000.00	0.00	0.00	CHANGE
AKONE01	1.00	0.00	0.00	0.00	CHANGE
AKONS01	50.00	100.00	50.00	100.00	SAME
AKONS02	40.00	250.00	40.00	250.00	SAME
AKONS03	100.00	100.00	100.00	100.00	SAME
AKONS04	25.00	500.00	25.00	500.00	SAME
AKONS05	20.00	1000.00	20.00	1000.00	SAME
AKONU01	0.00	0.00	0.00	0.00	SAME
AKOYO01	0.00	0.00	0.00	0.00	SAME
AKRAN01	1.00	0.00	0.00	0.00	CHANGE
AKRAN02	1.00	0.00	1.00	1.00	CHANGE
AKRAN03	1.00	0.00	0.00	0.00	CHANGE
AKRES01	4.00	5000.00	4.00	5000.00	SAME
AKRES02	200.00	100.00	200.00	100.00	SAME
AKRES03	10.00	2000.00	0.00	0.00	CHANGE
AKRES04	1.00	100.00	0.00	0.00	CHANGE
AKRES05	1.00	0.00	0.00	0.00	CHANGE
AKRES06	1.00	0.00	0.00	0.00	CHANGE
AKRES07	20.00	1000.00	20.00	1000.00	SAME
AKRES09	10.00	2000.00	10.00	2000.00	SAME
AKRIS01	120.00	100.00	0.00	0.00	CHANGE
AKRIS02	40.00	500.00	0.00	0.00	CHANGE
AKRIS03	120.00	100.00	0.00	0.00	CHANGE
AKRIS04	24.00	500.00	0.00	0.00	CHANGE
AKRO003	60.00	40.00	60.00	40.00	SAME
AKUBI01	10.00	20.00	0.00	0.00	CHANGE
AKUBI02	10.00	20.00	10.00	20.00	SAME
AKUBI03	100.00	100.00	100.00	100.00	SAME
AKUBI04	10.00	20.00	10.00	20.00	SAME
AKUBI05	1000.00	20.00	1000.00	20.00	SAME
AKUBI06	250.00	10.00	0.00	0.00	CHANGE
AKUBI07	1000.00	20.00	1000.00	20.00	SAME
AKUBI08	240.00	15.00	240.00	15.00	SAME
AKUBI09	1000.00	20.00	1000.00	20.00	SAME
AKUBI12	30.00	15.00	1.00	1.00	CHANGE
AKUPR01	0.00	0.00	1.00	1.00	CHANGE
AKUPR02	40.00	200.00	0.00	0.00	CHANGE
ALABA01	1.00	130.00	0.00	0.00	CHANGE
ALABA02	1.00	142.00	0.00	0.00	CHANGE
ALABE01	0.00	0.00	0.00	0.00	SAME
ALABE02	0.00	0.00	0.00	0.00	SAME
ALABE03	0.00	0.00	0.00	0.00	SAME
ALABE04	0.00	0.00	0.00	0.00	SAME
ALABU01	240.00	10.00	240.00	10.00	SAME
ALANC01	20.00	500.00	20.00	500.00	SAME
ALANC02	40.00	250.00	40.00	250.00	SAME
ALANG01	40.00	250.00	0.00	0.00	CHANGE
ALANG02	20.00	1000.00	20.00	1000.00	SAME
ALANG03	20.00	1000.00	20.00	1000.00	SAME
ALANG04	20.00	500.00	0.00	0.00	CHANGE
ALANG05	20.00	1000.00	20.00	1000.00	SAME
ALANG06	20.00	400.00	20.00	400.00	SAME
ALANI01	100.00	100.00	100.00	100.00	SAME
ALANN01	600.00	15.00	600.00	15.00	SAME
ALANN02	100.00	100.00	100.00	100.00	SAME
ALANN03	40.00	250.00	40.00	250.00	SAME
ALANN04	40.00	250.00	40.00	250.00	SAME
ALANN05	1000.00	15.00	1000.00	15.00	SAME
ALANN06	20.00	500.00	20.00	500.00	SAME
ALANN07	100.00	100.00	100.00	100.00	SAME
ALANN08	100.00	100.00	100.00	100.00	SAME
ALANN09	100.00	100.00	100.00	100.00	SAME
ALARV01	36.00	250.00	0.00	0.00	CHANGE
ALARV02	100.00	100.00	100.00	100.00	SAME
ALARV03	600.00	15.00	600.00	15.00	SAME
ALARV05	100.00	100.00	100.00	100.00	SAME
ALARV06	40.00	250.00	40.00	250.00	SAME
ALARV07	40.00	250.00	40.00	250.00	SAME
ALARV09	40.00	250.00	40.00	250.00	SAME
ALAST01	1.00	20000.00	1.00	20000.00	SAME
ALAST02	20.00	1000.00	0.00	0.00	CHANGE
ALAST03	4.00	5000.00	4.00	5000.00	SAME
ALAST04	20.00	1000.00	20.00	1000.00	SAME
ALATR01	1.00	0.00	0.00	0.00	CHANGE
ALEBA01	100.00	100.00	100.00	100.00	SAME
ALEIL01	50.00	50.00	0.00	0.00	CHANGE
ALEMA01	50.00	100.00	50.00	100.00	SAME
ALEMA02	50.00	50.00	50.00	50.00	SAME
ALEMA03	50.00	50.00	0.00	0.00	CHANGE
ALEML01	100.00	0.00	0.00	0.00	CHANGE
ALEMS01	50.00	50.00	0.00	0.00	CHANGE
ALENA01	0.00	0.00	0.00	0.00	SAME
ALENA02	10.00	1000.00	0.00	0.00	CHANGE
ALENA03	40.00	250.00	0.00	0.00	CHANGE
ALENG01	50.00	80.00	0.00	0.00	CHANGE
ALICR01	20.00	500.00	20.00	500.00	SAME
ALICR02	1.00	30.00	0.00	0.00	CHANGE
ALIDI01	48.00	200.00	0.00	0.00	CHANGE
ALIDI02	48.00	200.00	0.00	0.00	CHANGE
ALIDI03	64.00	90.00	0.00	0.00	CHANGE
ALIDI04	48.00	200.00	0.00	0.00	CHANGE
ALIME01	1.00	100.00	0.00	0.00	CHANGE
ALIND01	20.00	400.00	20.00	400.00	SAME
ALIND02	40.00	200.00	40.00	200.00	SAME
ALIND03	40.00	200.00	40.00	200.00	SAME
ALIND04	20.00	400.00	20.00	400.00	SAME
ALITO01	1.00	100.00	0.00	0.00	CHANGE
ALOGA01	10.00	1000.00	10.00	1000.00	SAME
ALOGA02	30.00	250.00	0.00	0.00	CHANGE
ALOGA03	50.00	100.00	50.00	100.00	SAME
ALOGA04	20.00	500.00	20.00	500.00	SAME
ALOGA07	40.00	250.00	40.00	250.00	SAME
ALOGR01	1000.00	1.50	1000.00	1.00	CHANGE
ALOGR02	200.00	5.00	0.00	0.00	CHANGE
ALONG01	20.00	400.00	20.00	400.00	SAME
ALOSM01	50.00	100.00	50.00	100.00	SAME
ALOSM02	40.00	250.00	40.00	250.00	SAME
ALOTS01	50.00	80.00	0.00	0.00	CHANGE
ALOYA01	20.00	500.00	20.00	500.00	SAME
ALUBG01	0.00	0.00	0.00	0.00	SAME
ALUDE01	50.00	100.00	50.00	100.00	SAME
ALUGE01	50.00	100.00	0.00	0.00	CHANGE
AMACE01	10.00	500.00	0.00	0.00	CHANGE
AMACE02	20.00	500.00	20.00	500.00	SAME
AMACE03	50.00	250.00	50.00	250.00	SAME
AMAES01	20.00	500.00	20.00	500.00	SAME
AMAES02	10.00	1000.00	10.00	1000.00	SAME
AMAES03	20.00	500.00	20.00	500.00	SAME
AMAGI01	20.00	1000.00	20.00	1000.00	SAME
AMAGS01	0.00	0.00	0.00	0.00	SAME
AMAGU01	1.00	500.00	0.00	0.00	CHANGE
AMAMI01	20.00	500.00	20.00	500.00	SAME
AMAMI02	20.00	1000.00	20.00	1000.00	SAME
AMAMI03	40.00	500.00	40.00	500.00	SAME
AMAND01	20.00	1000.00	20.00	1000.00	SAME
AMAND02	40.00	250.00	40.00	250.00	SAME
AMAND03	1.00	20000.00	1.00	20000.00	SAME
AMAND04	4.00	5000.00	4.00	5000.00	SAME
AMANG01	1.00	600.00	0.00	0.00	CHANGE
AMANG02	500.00	400.00	500.00	400.00	SAME
AMANI01	120.00	10.00	120.00	10.00	SAME
AMANI02	20.00	500.00	20.00	500.00	SAME
AMANO01	20.00	1000.00	20.00	1000.00	SAME
AMANO02	1.00	250.00	0.00	0.00	CHANGE
AMANO03	20.00	1000.00	20.00	1000.00	SAME
AMANU01	20.00	500.00	0.00	0.00	CHANGE
AMANU02	40.00	200.00	0.00	0.00	CHANGE
AMANZ01	10.00	1000.00	10.00	1000.00	SAME
AMANZ02	20.00	500.00	20.00	500.00	SAME
AMANZ04	10.00	1000.00	10.00	1000.00	SAME
AMARB01	40.00	100.00	40.00	100.00	SAME
AMARS01	100.00	100.00	100.00	100.00	SAME
AMARS02	50.00	100.00	50.00	100.00	SAME
AMARS03	24.00	500.00	24.00	500.00	SAME
AMARS04	200.00	25.00	200.00	25.00	SAME
AMARS05	20.00	1000.00	20.00	1000.00	SAME
AMARS06	24.00	500.00	24.00	500.00	SAME
AMART01	12.00	1000.00	12.00	1000.00	SAME
AMASA01	12.00	200.00	0.00	0.00	CHANGE
AMASH01	25.00	1000.00	0.00	0.00	CHANGE
AMAST01	1.00	100.00	0.00	0.00	CHANGE
AMAST02	20.00	1000.00	20.00	1000.00	SAME
AMATA01	10.00	1000.00	10.00	1000.00	SAME
AMATA02	100.00	50.00	100.00	50.00	SAME
AMATA03	40.00	250.00	40.00	250.00	SAME
AMATA04	100.00	80.00	100.00	80.00	SAME
AMATC01	50.00	100.00	50.00	100.00	SAME
AMATCH01	50.00	100.00	50.00	100.00	SAME
AMAXI01	40.00	250.00	40.00	250.00	SAME
AMAXX01	120.00	100.00	0.00	0.00	CHANGE
AMAXX02	120.00	100.00	0.00	0.00	CHANGE
AMAXX03	40.00	500.00	0.00	0.00	CHANGE
AMAXX04	40.00	500.00	0.00	0.00	CHANGE
AMAXX05	48.00	250.00	0.00	0.00	CHANGE
AMAXX06	24.00	500.00	0.00	0.00	CHANGE
AMEDI01	1.00	50000.00	1.00	1.00	CHANGE
AMEGA01	20.00	1000.00	20.00	1000.00	SAME
AMEGA02	20.00	1000.00	0.00	0.00	CHANGE
AMEGA03	20.00	1000.00	20.00	1000.00	SAME
AMEGA04	1.00	100.00	0.00	0.00	CHANGE
AMEGA05	20.00	1000.00	0.00	0.00	CHANGE
AMEGA06	4.00	5000.00	4.00	5000.00	SAME
AMEGA07	1.00	20000.00	1.00	20000.00	SAME
AMEGA08	0.00	0.00	0.00	0.00	SAME
AMEGA09	0.00	0.00	0.00	0.00	SAME
AMEGA10	0.00	0.00	0.00	0.00	SAME
AMEGA11	20.00	1000.00	20.00	1000.00	SAME
AMEGA12	20.00	400.00	1.00	1.00	CHANGE
AMEGA13	40.00	250.00	1.00	1.00	CHANGE
AMELO01	250.00	0.00	250.00	1.00	CHANGE
AMELO02	90.00	0.00	0.00	0.00	CHANGE
AMELO03	120.00	10.00	0.00	0.00	CHANGE
AMELO04	10.00	10.00	0.00	0.00	CHANGE
AMELO05	10.00	11.00	0.00	0.00	CHANGE
AMELO06	240.00	13.00	0.00	0.00	CHANGE
AMELO07	150.00	13.00	150.00	13.00	SAME
AMELO08	120.00	0.00	120.00	1.00	CHANGE
AMELO09	240.00	13.00	240.00	13.00	SAME
AMELO10	240.00	13.00	240.00	13.00	SAME
AMELO11	120.00	20.00	120.00	20.00	SAME
AMELO12	1.00	5.00	0.00	0.00	CHANGE
AMELO13	240.00	13.00	240.00	13.00	SAME
AMELO14	150.00	13.00	150.00	13.00	SAME
AMELO15	240.00	12.50	240.00	12.00	CHANGE
AMELO16	240.00	550.00	240.00	550.00	SAME
AMELO17	200.00	550.00	200.00	550.00	SAME
AMELO21	150.00	13.00	150.00	13.00	SAME
AMELO22	0.00	0.00	0.00	0.00	SAME
AMEOT01	80.00	100.00	80.00	100.00	SAME
AMEOT02	20.00	500.00	20.00	500.00	SAME
AMERI01	30.00	400.00	0.00	0.00	CHANGE
AMESI01	1.00	0.00	0.00	0.00	CHANGE
AMESI02	1.00	0.00	0.00	0.00	CHANGE
AMETA01	1.00	20.00	0.00	0.00	CHANGE
AMETA02	40.00	250.00	40.00	250.00	SAME
AMETA03	400.00	5.00	400.00	5.00	SAME
AMETA04	25.00	400.00	0.00	0.00	CHANGE
AMETA05	20.00	800.00	0.00	0.00	CHANGE
AMETA06	1.00	50.00	0.00	0.00	CHANGE
AMETA07	50.00	100.00	0.00	0.00	CHANGE
AMETA08	1.00	50.00	0.00	0.00	CHANGE
AMETA09	1.00	5.00	0.00	0.00	CHANGE
AMETA10	25.00	100.00	25.00	100.00	SAME
AMETA11	15.00	500.00	15.00	500.00	SAME
AMETI01	40.00	250.00	40.00	250.00	SAME
AMETI02	60.00	100.00	0.00	0.00	CHANGE
AMETI03	100.00	100.00	100.00	100.00	SAME
AMETI04	1000.00	15.00	1000.00	15.00	SAME
AMETI05	40.00	250.00	40.00	250.00	SAME
AMETI06	40.00	500.00	40.00	500.00	SAME
AMETI07	100.00	100.00	100.00	100.00	SAME
AMETI08	40.00	200.00	40.00	200.00	SAME
AMETI09	40.00	400.00	40.00	400.00	SAME
AMETI10	20.00	500.00	20.00	500.00	SAME
AMETI12	40.00	500.00	40.00	500.00	SAME
AMETI13	100.00	100.00	100.00	100.00	SAME
AMETI14	100.00	100.00	100.00	100.00	SAME
AMETO01	1.00	0.00	0.00	0.00	CHANGE
AMETS01	200.00	40.00	200.00	40.00	SAME
AMETS02	200.00	5.00	0.00	0.00	CHANGE
AMEXD01	50.00	50.00	50.00	50.00	SAME
AMEXD02	40.00	200.00	40.00	200.00	SAME
AMEXD03	20.00	1000.00	20.00	1000.00	SAME
AMEXD04	50.00	100.00	50.00	100.00	SAME
AMEXD05	20.00	1000.00	20.00	1000.00	SAME
AMEXI01	40.00	200.00	0.00	0.00	CHANGE
AMEXI02	40.00	250.00	0.00	0.00	CHANGE
AMEXI03	60.00	80.00	0.00	0.00	CHANGE
AMEXI04	40.00	200.00	0.00	0.00	CHANGE
AMGWS01	0.00	0.00	0.00	0.00	SAME
AMICR01	0.00	0.00	0.00	0.00	SAME
AMICR02	0.00	0.00	0.00	0.00	SAME
AMIKO01	0.00	0.00	0.00	0.00	SAME
AMIKR01	5.00	4000.00	0.00	0.00	CHANGE
AMIKR02	20.00	1000.00	0.00	0.00	CHANGE
AMINE01	100.00	50.00	100.00	50.00	SAME
AMIPC01	100.00	100.00	100.00	100.00	SAME
AMIPC02	20.00	500.00	20.00	500.00	SAME
AMIPC03	100.00	100.00	100.00	100.00	SAME
AMIRA01	40.00	100.00	0.00	0.00	CHANGE
AMITI01	40.00	200.00	1.00	1.00	CHANGE
AMITI02	50.00	100.00	1.00	1.00	CHANGE
AMKP01	20.00	1000.00	20.00	1000.00	SAME
AMKP011	20.00	1000.00	20.00	1000.00	SAME
AMONE01	30.00	200.00	30.00	200.00	SAME
AMONE02	20.00	400.00	20.00	400.00	SAME
AMONE03	1.00	20000.00	1.00	20000.00	SAME
AMONE04	40.00	200.00	40.00	200.00	SAME
AMONK01	100.00	100.00	100.00	100.00	SAME
AMONT01	50.00	100.00	0.00	0.00	CHANGE
AMONT02	50.00	100.00	50.00	100.00	SAME
AMONT03	40.00	250.00	40.00	250.00	SAME
AMOPK01	1.00	50000.00	1.00	50000.00	SAME
AMOSP01	20.00	400.00	20.00	400.00	SAME
AMOSP02	20.00	100.00	20.00	100.00	SAME
AMOSP03	48.00	100.00	48.00	100.00	SAME
AMOVE01	100.00	100.00	0.00	0.00	CHANGE
AMOVE02	100.00	50.00	100.00	50.00	SAME
AMOXA01	20.00	400.00	20.00	400.00	SAME
AMPMF01	0.00	0.00	0.00	0.00	SAME
AMPSA01	1.00	200.00	0.00	0.00	CHANGE
AMRKL01	50.00	100.00	0.00	0.00	CHANGE
AMRKL02	50.00	100.00	0.00	0.00	CHANGE
AMRKL03	50.00	100.00	0.00	0.00	CHANGE
AMRQL01	30.00	200.00	1.00	1.00	CHANGE
AMTAG01	0.00	0.00	0.00	0.00	SAME
AMTEA06	20.00	800.00	1.00	1.00	CHANGE
AMUL01	1.00	17000.00	1.00	17000.00	SAME
AMULS01	1.00	9000.00	0.00	0.00	CHANGE
AMULS02	1.00	18000.00	1.00	18000.00	SAME
AMULS03	1.00	18000.00	0.00	0.00	CHANGE
AMULS04	1.00	10000.00	0.00	0.00	CHANGE
AMULS05	1.00	20000.00	0.00	0.00	CHANGE
AMULS06	1.00	10000.00	0.00	0.00	CHANGE
AMULS07	1.00	20000.00	0.00	0.00	CHANGE
AMULS08	1.00	20000.00	0.00	0.00	CHANGE
AMULS09	1.00	20000.00	0.00	0.00	CHANGE
AMULS10	1.00	18000.00	1.00	18000.00	SAME
AMULS100	1.00	17000.00	1.00	17000.00	SAME
AMULS101	1.00	17000.00	1.00	17000.00	SAME
AMULS102	1.00	8000.00	1.00	8000.00	SAME
AMULS103	1.00	16000.00	1.00	16000.00	SAME
AMULS104	1.00	18000.00	1.00	18000.00	SAME
AMULS11	1.00	18000.00	1.00	18000.00	SAME
AMULS12	1.00	9000.00	0.00	0.00	CHANGE
AMULS13	1.00	9000.00	1.00	9000.00	SAME
AMULS14	1.00	9000.00	1.00	9000.00	SAME
AMULS15	1.00	9000.00	1.00	9000.00	SAME
AMULS16	1.00	9000.00	1.00	9000.00	SAME
AMULS17	1.00	9000.00	1.00	9000.00	SAME
AMULS18	1.00	20000.00	1.00	20000.00	SAME
AMULS19	1.00	20000.00	1.00	20000.00	SAME
AMULS20	1.00	10000.00	1.00	10000.00	SAME
AMULS21	1.00	10000.00	1.00	10000.00	SAME
AMULS22	1.00	18000.00	1.00	18000.00	SAME
AMULS23	1.00	18000.00	1.00	18000.00	SAME
AMULS24	1.00	18000.00	1.00	18000.00	SAME
AMULS25	1.00	18000.00	1.00	18000.00	SAME
AMULS26	1.00	9000.00	1.00	9000.00	SAME
AMULS27	1.00	18000.00	1.00	18000.00	SAME
AMULS28	1.00	9000.00	1.00	9000.00	SAME
AMULS29	1.00	18000.00	1.00	18000.00	SAME
AMULS30	1.00	9000.00	1.00	9000.00	SAME
AMULS31	1.00	18000.00	1.00	18000.00	SAME
AMULS32	1.00	9000.00	1.00	9000.00	SAME
AMULS33	1.00	9000.00	1.00	9000.00	SAME
AMULS34	1.00	18000.00	1.00	18000.00	SAME
AMULS35	1.00	18000.00	1.00	18000.00	SAME
AMULS36	1.00	18000.00	1.00	18000.00	SAME
AMULS37	1.00	0.00	0.00	0.00	CHANGE
AMULS38	1.00	0.00	0.00	0.00	CHANGE
AMULS39	1.00	0.00	0.00	0.00	CHANGE
AMULS40	1.00	0.00	0.00	0.00	CHANGE
AMULS41	1.00	0.00	0.00	0.00	CHANGE
AMULS42	1.00	0.00	0.00	0.00	CHANGE
AMULS43	1.00	0.00	0.00	0.00	CHANGE
AMULS44	1.00	0.00	0.00	0.00	CHANGE
AMULS45	1.00	0.00	0.00	0.00	CHANGE
AMULS46	1.00	9000.00	0.00	0.00	CHANGE
AMULS47	1.00	9000.00	1.00	9000.00	SAME
AMULS48	1.00	18000.00	0.00	0.00	CHANGE
AMULS49	1.00	9000.00	0.00	0.00	CHANGE
AMULS50	1.00	18000.00	0.00	0.00	CHANGE
AMULS51	1.00	9000.00	0.00	0.00	CHANGE
AMULS52	1.00	0.00	0.00	0.00	CHANGE
AMULS53	1.00	0.00	0.00	0.00	CHANGE
AMULS54	1.00	8000.00	1.00	8000.00	SAME
AMULS55	1.00	18000.00	1.00	18000.00	SAME
AMULS56	1.00	18000.00	1.00	18000.00	SAME
AMULS57	1.00	18000.00	1.00	18000.00	SAME
AMULS58	1.00	9000.00	1.00	9000.00	SAME
AMULS59	1.00	8000.00	1.00	8000.00	SAME
AMULS60	1.00	18000.00	1.00	18000.00	SAME
AMULS61	1.00	17000.00	1.00	17000.00	SAME
AMULS62	1.00	17000.00	1.00	17000.00	SAME
AMULS63	1.00	9000.00	1.00	9000.00	SAME
AMULS64	1.00	9000.00	1.00	9000.00	SAME
AMULS65	1.00	18000.00	1.00	18000.00	SAME
AMULS66	1.00	17000.00	1.00	1.00	CHANGE
AMULS67	0.00	0.00	0.00	0.00	SAME
AMULS93	1.00	9000.00	0.00	0.00	CHANGE
AMULS99	1.00	18000.00	1.00	18000.00	SAME
AMULT01	20.00	500.00	0.00	0.00	CHANGE
AMULT02	20.00	500.00	0.00	0.00	CHANGE
AMULT03	1.00	300.00	0.00	0.00	CHANGE
AMULT04	20.00	1000.00	20.00	1000.00	SAME
AMUSU01	0.00	0.00	0.00	0.00	SAME
AMUTU01	100.00	100.00	100.00	100.00	SAME
AMUTU02	40.00	250.00	40.00	250.00	SAME
ANAND01	50.00	100.00	50.00	100.00	SAME
ANATI01	300.00	12.50	0.00	0.00	CHANGE
ANATI02	100.00	50.00	0.00	0.00	CHANGE
ANAZO01	1.00	100.00	0.00	0.00	CHANGE
ANEBIJ01	0.00	0.00	0.00	0.00	SAME
ANEMA02	20.00	500.00	20.00	500.00	SAME
ANEOC01	20.00	500.00	20.00	500.00	SAME
ANEOC02	20.00	250.00	20.00	250.00	SAME
ANEOC04	15.00	1000.00	15.00	1000.00	SAME
ANEOF01	1.00	250.00	0.00	0.00	CHANGE
ANEOF02	50.00	100.00	50.00	100.00	SAME
ANEOR01	0.00	0.00	0.00	0.00	SAME
ANEPT01	0.00	0.00	0.00	0.00	SAME
ANEPT02	1.00	8.00	0.00	0.00	CHANGE
ANESH01	600.00	3.00	0.00	0.00	CHANGE
ANESH02	600.00	3.00	0.00	0.00	CHANGE
ANESH03	1000.00	3.00	0.00	0.00	CHANGE
ANESH04	1000.00	3.00	0.00	0.00	CHANGE
ANESH05	1000.00	3.00	0.00	0.00	CHANGE
ANESH06	300.00	25.00	300.00	25.00	SAME
ANEWF01	30.00	500.00	1.00	1.00	CHANGE
ANEWF02	30.00	500.00	1.00	1.00	CHANGE
ANEWF03	30.00	500.00	1.00	1.00	CHANGE
ANEWN01	1.00	0.00	0.00	0.00	CHANGE
ANIKO01	0.00	0.00	0.00	0.00	SAME
ANIKO02	20.00	500.00	0.00	0.00	CHANGE
ANIKO03	0.00	0.00	0.00	0.00	SAME
ANIMR01	40.00	250.00	40.00	250.00	SAME
ANIRO01	0.00	0.00	0.00	0.00	SAME
ANISS01	0.00	0.00	0.00	0.00	SAME
ANITR01	1.00	25000.00	1.00	25000.00	SAME
ANOMA01	20.00	1000.00	0.00	0.00	CHANGE
ANOMI01	40.00	250.00	40.00	250.00	SAME
ANORD01	100.00	100.00	100.00	100.00	SAME
ANORD02	0.00	0.00	1.00	1.00	CHANGE
ANORD03	40.00	500.00	0.00	0.00	CHANGE
ANORD04	30.00	500.00	1.00	1.00	CHANGE
ANORD05	150.00	100.00	1.00	1.00	CHANGE
ANOST01	20.00	500.00	0.00	0.00	CHANGE
ANOST02	40.00	250.00	0.00	0.00	CHANGE
ANOST03	50.00	100.00	50.00	100.00	SAME
ANOST04	20.00	500.00	0.00	0.00	CHANGE
ANOST05	40.00	250.00	0.00	0.00	CHANGE
ANOVI01	1.00	1000.00	0.00	0.00	CHANGE
ANOWE01	50.00	50.00	50.00	50.00	SAME
ANOWE02	50.00	100.00	50.00	100.00	SAME
ANOXO01	20.00	1000.00	20.00	1000.00	SAME
ANOXO02	4.00	5000.00	4.00	5000.00	SAME
ANOXO03	20.00	1000.00	20.00	1000.00	SAME
ANOZZ01	1.00	0.00	0.00	0.00	CHANGE
ANOZZ02	1.00	0.00	1.00	1.00	CHANGE
ANPK101	1.00	50000.00	1.00	50000.00	SAME
ANPK102	1.00	50000.00	1.00	50000.00	SAME
ANPK103	1.00	50000.00	1.00	50000.00	SAME
ANPK104	1.00	50000.00	1.00	50000.00	SAME
ANPK105	1.00	50000.00	0.00	0.00	CHANGE
ANPK106	25.00	1000.00	25.00	1000.00	SAME
ANPK107	1.00	50000.00	1.00	50000.00	SAME
ANPK108	1.00	20000.00	0.00	0.00	CHANGE
ANPK109	1.00	50000.00	0.00	0.00	CHANGE
ANPK110	10.00	5000.00	10.00	5000.00	SAME
ANPK111	1.00	20000.00	1.00	20000.00	SAME
ANPKB01	4.00	5000.00	0.00	0.00	CHANGE
ANPKB02	1.00	50000.00	0.00	0.00	CHANGE
ANPKB03	1.00	2000.00	0.00	0.00	CHANGE
ANPKB04	10.00	1000.00	10.00	1000.00	SAME
ANPKB05	1.00	50000.00	1.00	50000.00	SAME
ANPKB06	1.00	25000.00	1.00	25000.00	SAME
ANPKB07	1.00	25000.00	1.00	25000.00	SAME
ANPKB08	1.00	25000.00	1.00	25000.00	SAME
ANPKC01	1.00	50000.00	1.00	50000.00	SAME
ANPKC02	4.00	5000.00	4.00	5000.00	SAME
ANPKC03	1.00	4000.00	0.00	0.00	CHANGE
ANPKC04	10.00	5000.00	10.00	5000.00	SAME
ANPKD01	24.00	1000.00	24.00	1000.00	SAME
ANPKD02	24.00	1000.00	24.00	1000.00	SAME
ANPKD03	1.00	50000.00	1.00	50000.00	SAME
ANPKD04	1.00	50000.00	1.00	50000.00	SAME
ANPKD05	6.00	5000.00	6.00	5000.00	SAME
ANPKD06	20.00	2000.00	0.00	0.00	CHANGE
ANPKD07	1.00	50000.00	1.00	50000.00	SAME
ANPKD08	1.00	25000.00	1.00	25000.00	SAME
ANPKD09	30.00	1000.00	30.00	1000.00	SAME
ANPKF01	20.00	2000.00	0.00	0.00	CHANGE
ANPKG01	24.00	1000.00	0.00	0.00	CHANGE
ANPKL01	1.00	50000.00	1.00	50000.00	SAME
ANPKM01	1.00	50000.00	1.00	50000.00	SAME
ANPKM02	1.00	20000.00	1.00	20000.00	SAME
ANPKM03	1.00	25000.00	0.00	0.00	CHANGE
ANPKM04	1.00	50000.00	1.00	50000.00	SAME
ANPKM05	1.00	50000.00	1.00	50000.00	SAME
ANPKM06	0.00	0.00	0.00	0.00	SAME
ANPKN01	1.00	25000.00	1.00	25000.00	SAME
ANPKN02	1.00	25000.00	1.00	25000.00	SAME
ANPKN03	1.00	50000.00	0.00	0.00	CHANGE
ANPKN04	5.00	5000.00	5.00	5000.00	SAME
ANPKN05	25.00	1000.00	25.00	1000.00	SAME
ANPKP01	1.00	50000.00	0.00	0.00	CHANGE
ANPKP02	10.00	5000.00	0.00	0.00	CHANGE
ANPKP03	1.00	10000.00	0.00	0.00	CHANGE
ANPKR01	1.00	25000.00	1.00	25000.00	SAME
ANPKR02	1.00	25000.00	1.00	25000.00	SAME
ANPKR03	1.00	25000.00	1.00	25000.00	SAME
ANPKR04	1.00	25000.00	1.00	25000.00	SAME
ANPKS01	0.00	0.00	0.00	0.00	SAME
ANPKS02	0.00	0.00	0.00	0.00	SAME
ANPKS03	1.00	25000.00	1.00	25000.00	SAME
ANPKS04	8.00	5000.00	0.00	0.00	CHANGE
ANPKS05	8.00	5000.00	0.00	0.00	CHANGE
ANPKS06	1.00	25000.00	1.00	25000.00	SAME
ANPKS07	0.00	0.00	0.00	0.00	SAME
ANPKS08	1.00	50000.00	1.00	50000.00	SAME
ANPKS09	0.00	0.00	0.00	0.00	SAME
ANPKS10	0.00	0.00	0.00	0.00	SAME
ANUCL01	20.00	1000.00	20.00	1000.00	SAME
ANUCL02	4.00	5000.00	4.00	5000.00	SAME
ANUCL03	1.00	20000.00	1.00	20000.00	SAME
ANUGO01	1.00	500.00	0.00	0.00	CHANGE
ANUME01	15.00	1000.00	15.00	1000.00	SAME
ANURE01	20.00	500.00	20.00	500.00	SAME
ANURE02	50.00	100.00	50.00	100.00	SAME
AOBSE01	10.00	1000.00	10.00	1000.00	SAME
AODEO01	100.00	100.00	100.00	100.00	SAME
AOMIT01	48.00	250.00	0.00	0.00	CHANGE
AOMNI01	100.00	100.00	1.00	1.00	CHANGE
AONES01	40.00	250.00	40.00	250.00	SAME
AONES02	1.00	50.00	0.00	0.00	CHANGE
AONES03	50.00	100.00	50.00	100.00	SAME
AONES04	100.00	100.00	100.00	100.00	SAME
AONNO01	30.00	500.00	0.00	0.00	CHANGE
AOPLO01	20.00	400.00	20.00	400.00	SAME
AOPLO03	40.00	200.00	40.00	200.00	SAME
AOPTI01	120.00	30.00	120.00	30.00	SAME
AOPTI02	128.00	30.00	128.00	30.00	SAME
AOPUS01	48.00	80.00	48.00	80.00	SAME
AORBI01	60.00	0.00	0.00	0.00	CHANGE
AORCA01	20.00	1000.00	20.00	1000.00	SAME
AORIN01	1.00	0.00	0.00	0.00	CHANGE
AORIN02	1.00	0.00	1.00	1.00	CHANGE
AORON01	20.00	500.00	20.00	500.00	SAME
AOSMO01	40.00	100.00	40.00	100.00	SAME
AOSMO03	40.00	100.00	40.00	100.00	SAME
AOSMO04	40.00	100.00	40.00	100.00	SAME
AOSTR01	1.00	250.00	0.00	0.00	CHANGE
AOYON01	180.00	10.00	180.00	10.00	SAME
AOYON02	400.00	5.00	0.00	0.00	CHANGE
AOYON03	240.00	10.00	240.00	10.00	SAME
AOYON04	480.00	10.00	480.00	10.00	SAME
APACK01	1.00	0.00	0.00	0.00	CHANGE
APACK02	1.00	0.00	0.00	0.00	CHANGE
APACL01	1.00	0.00	0.00	0.00	CHANGE
APACL02	80.00	100.00	80.00	100.00	SAME
APADI01	8.00	5000.00	8.00	5000.00	SAME
APADI02	60.00	250.00	0.00	0.00	CHANGE
APADI03	15.00	1000.00	15.00	1000.00	SAME
APADI04	15.00	1000.00	15.00	1000.00	SAME
APADI05	30.00	1000.00	0.00	0.00	CHANGE
APADI06	8.00	5000.00	8.00	5000.00	SAME
APADI07	4.00	5000.00	4.00	5000.00	SAME
APADI08	20.00	1000.00	20.00	1000.00	SAME
APADI09	4.00	5000.00	4.00	5000.00	SAME
APADI10	20.00	1000.00	20.00	1000.00	SAME
APADI12	1.00	250.00	0.00	0.00	CHANGE
APADI13	4.00	5000.00	4.00	5000.00	SAME
APADI14	4.00	5000.00	4.00	5000.00	SAME
APADI15	4.00	5000.00	4.00	5000.00	SAME
APADI16	4.00	5000.00	4.00	5000.00	SAME
APADI17	4.00	5000.00	4.00	5000.00	SAME
APADI18	4.00	5000.00	4.00	5000.00	SAME
APADI19	4.00	5000.00	0.00	0.00	CHANGE
APADI20	4.00	5000.00	4.00	5000.00	SAME
APADI21	4.00	5000.00	4.00	5000.00	SAME
APADI22	4.00	5000.00	4.00	5000.00	SAME
APADI23	4.00	5000.00	4.00	5000.00	SAME
APADI24	4.00	5000.00	4.00	5000.00	SAME
APADI25	1.00	0.00	0.00	0.00	CHANGE
APADI26	20.00	1000.00	20.00	1000.00	SAME
APADI35	4.00	5000.00	4.00	5000.00	SAME
APADI36	4.00	5000.00	4.00	5000.00	SAME
APADI38	4.00	5000.00	4.00	5000.00	SAME
APADI40	0.00	0.00	0.00	0.00	SAME
APADI41	20.00	1000.00	0.00	0.00	CHANGE
APADI42	4.00	5000.00	4.00	5000.00	SAME
APAGA01	0.00	0.00	0.00	0.00	SAME
APAKE01	16.00	400.00	0.00	0.00	CHANGE
APAKE02	24.00	200.00	0.00	0.00	CHANGE
APAKE03	8.00	800.00	0.00	0.00	CHANGE
APAKE04	10.00	40.00	10.00	40.00	SAME
APAKE05	20.00	20.00	20.00	20.00	SAME
APAKE06	50.00	100.00	50.00	100.00	SAME
APAKE07	20.00	250.00	20.00	250.00	SAME
APAKE08	10.00	500.00	10.00	500.00	SAME
APAKE09	20.00	50.00	20.00	50.00	SAME
APAKE10	0.00	0.00	0.00	0.00	SAME
APAKE11	150.00	1000.00	150.00	1000.00	SAME
APAKE12	0.00	0.00	1.00	1.00	CHANGE
APAKE13	0.00	0.00	0.00	0.00	SAME
APAKE14	20.00	20.00	20.00	20.00	SAME
APAKE15	24.00	0.00	1.00	1.00	CHANGE
APALL01	0.00	0.00	0.00	0.00	SAME
APANI01	100.00	100.00	100.00	100.00	SAME
APAPA01	20.00	1000.00	20.00	1000.00	SAME
APAPA02	4.00	5000.00	4.00	5000.00	SAME
APAPA03	4.00	5000.00	4.00	5000.00	SAME
APAPR01	1.00	0.00	0.00	0.00	CHANGE
APARA01	1.00	20000.00	1.00	20000.00	SAME
APARA02	12.00	1000.00	12.00	1000.00	SAME
APARA03	20.00	1000.00	20.00	1000.00	SAME
APARA05	20.00	500.00	20.00	500.00	SAME
APARE01	180.00	10.00	0.00	0.00	CHANGE
APARE02	180.00	10.00	0.00	0.00	CHANGE
APARE03	240.00	10.00	240.00	10.00	SAME
APASK01	60.00	100.00	60.00	100.00	SAME
APASK02	16.00	500.00	16.00	500.00	SAME
APASK03	24.00	250.00	24.00	250.00	SAME
APASK04	32.00	250.00	0.00	0.00	CHANGE
APASS01	20.00	1000.00	20.00	1000.00	SAME
APASS03	1.00	20000.00	1.00	20000.00	SAME
APEAN01	1.00	250.00	0.00	0.00	CHANGE
APEGA01	50.00	80.00	50.00	80.00	SAME
APELA01	0.00	0.00	0.00	0.00	SAME
APEMU01	20.00	1000.00	0.00	0.00	CHANGE
APENE01	40.00	125.00	40.00	125.00	SAME
APENE02	50.00	125.00	50.00	125.00	SAME
APENT01	1.00	100.00	0.00	0.00	CHANGE
APENT02	80.00	60.00	0.00	0.00	CHANGE
APENT03	1.00	50.00	0.00	0.00	CHANGE
APENT04	1.00	20000.00	1.00	1.00	CHANGE
APENT05	20.00	1000.00	1.00	1.00	CHANGE
APENT06	20.00	1000.00	0.00	0.00	CHANGE
APENY01	1.00	0.00	0.00	0.00	CHANGE
APEPA01	500.00	1.00	0.00	0.00	CHANGE
APEPA02	500.00	1.00	500.00	1.00	SAME
APERF01	20.00	400.00	0.00	0.00	CHANGE
APERO01	15.00	400.00	15.00	400.00	SAME
APERO02	14.00	1000.00	14.00	1000.00	SAME
APESN01	0.00	0.00	0.00	0.00	SAME
APEST01	0.00	0.00	0.00	0.00	SAME
APETR01	10.00	1000.00	0.00	0.00	CHANGE
APETR02	40.00	250.00	0.00	0.00	CHANGE
APETR03	200.00	100.00	200.00	100.00	SAME
APETR04	400.00	5.00	400.00	5.00	SAME
APEXA01	50.00	100.00	1.00	1.00	CHANGE
APHEN01	1.00	0.00	0.00	0.00	CHANGE
APHOS01	10.00	100.00	0.00	0.00	CHANGE
APHOS02	50.00	200.00	50.00	200.00	SAME
APHOS03	20.00	400.00	20.00	400.00	SAME
APHOS04	1.00	100.00	0.00	0.00	CHANGE
APHOT01	100.00	100.00	100.00	100.00	SAME
APHOT02	240.00	50.00	240.00	50.00	SAME
APHOT03	50.00	200.00	50.00	200.00	SAME
APILA01	800.00	2.00	0.00	0.00	CHANGE
APINA01	15.00	1000.00	0.00	0.00	CHANGE
APINA02	20.00	500.00	20.00	500.00	SAME
APINA03	40.00	250.00	40.00	250.00	SAME
APINA04	20.00	1000.00	1.00	1.00	CHANGE
APINA05	20.00	500.00	1.00	1.00	CHANGE
APIPA01	1.00	0.00	0.00	0.00	CHANGE
APIPA02	1.00	0.00	0.00	0.00	CHANGE
APIPA03	1.00	0.00	1.00	1.00	CHANGE
APIPA04	1.00	0.00	0.00	0.00	CHANGE
APIPA05	0.00	0.00	0.00	0.00	SAME
APIPA06	0.00	0.00	0.00	0.00	SAME
APIRA01	100.00	100.00	100.00	100.00	SAME
APIRA02	40.00	250.00	40.00	250.00	SAME
APIRA03	100.00	100.00	100.00	100.00	SAME
APIRI01	50.00	100.00	50.00	100.00	SAME
APIRI02	100.00	50.00	100.00	50.00	SAME
APIRI03	50.00	200.00	50.00	200.00	SAME
APIRI04	50.00	50.00	50.00	50.00	SAME
APIRI05	50.00	100.00	0.00	0.00	CHANGE
APITA01	500.00	1000.00	500.00	1000.00	SAME
APLAN01	1.00	0.00	0.00	0.00	CHANGE
APLAN02	40.00	100.00	40.00	100.00	SAME
APLAN03	200.00	10.00	200.00	10.00	SAME
APLAN04	20.00	100.00	1.00	1.00	CHANGE
APLAN07	20.00	0.00	20.00	1.00	CHANGE
APLAS01	1.00	20000.00	1.00	20000.00	SAME
APLAT01	20.00	500.00	0.00	0.00	CHANGE
APLAT02	40.00	200.00	0.00	0.00	CHANGE
APLED01	1.00	0.00	0.00	0.00	CHANGE
APLED02	1.00	0.00	0.00	0.00	CHANGE
APLEN01	120.00	25.00	120.00	25.00	SAME
APLEN02	50.00	100.00	50.00	100.00	SAME
APLUT01	20.00	1000.00	0.00	0.00	CHANGE
APLUT02	4.00	5000.00	0.00	0.00	CHANGE
APN601	6.00	5000.00	6.00	5000.00	SAME
APOIN01	20.00	1000.00	20.00	1000.00	SAME
APOIN02	20.00	1000.00	20.00	1000.00	SAME
APOLA01	20.00	500.00	0.00	0.00	CHANGE
APOLY01	1.00	20.00	0.00	0.00	CHANGE
APOLY02	1.00	35.00	0.00	0.00	CHANGE
APOLY03	1.00	15.00	0.00	0.00	CHANGE
APOLY04	1.00	15.00	0.00	0.00	CHANGE
APOLY05	1.00	30.00	0.00	0.00	CHANGE
APOLY06	1.00	35.00	0.00	0.00	CHANGE
APOLY07	1.00	15.00	1.00	15.00	SAME
APOLY08	1.00	15.00	1.00	15.00	SAME
APOLY09	1.00	20.00	1.00	20.00	SAME
APOLY10	1.00	30.00	1.00	30.00	SAME
APOLY11	1.00	35.00	0.00	0.00	CHANGE
APOLY12	1.00	25.00	0.00	0.00	CHANGE
APOLY13	1.00	25.00	1.00	25.00	SAME
APOLY14	1.00	30.00	1.00	30.00	SAME
APOLY15	1.00	30.00	1.00	1.00	CHANGE
APOLY16	1.00	40.00	1.00	40.00	SAME
APOLY17	1.00	40.00	1.00	40.00	SAME
APOLY18	1.00	45.00	1.00	45.00	SAME
APOLY19	1.00	30.00	1.00	30.00	SAME
APOLY20	1.00	35.00	1.00	35.00	SAME
APOLY21	1.00	25.00	1.00	25.00	SAME
APOLY22	1.00	40.00	1.00	1.00	CHANGE
APOLY23	20.00	1000.00	20.00	1000.00	SAME
APOLY24	1.00	50.00	1.00	50.00	SAME
APOLY25	25.00	1000.00	25.00	1000.00	SAME
APOLY26	25.00	1000.00	25.00	1000.00	SAME
APOLY27	25.00	1000.00	25.00	1000.00	SAME
APOLY28	50.00	500.00	50.00	500.00	SAME
APOLY29	50.00	500.00	50.00	500.00	SAME
APOLY30	25.00	1000.00	25.00	1000.00	SAME
APOLY31	1.00	0.00	0.00	0.00	CHANGE
APOLY32	1.00	0.00	0.00	0.00	CHANGE
APOLY33	1.00	0.00	0.00	0.00	CHANGE
APOLY34	1.00	0.00	0.00	0.00	CHANGE
APOLY35	1.00	0.00	0.00	0.00	CHANGE
APOLY36	1.00	0.00	0.00	0.00	CHANGE
APOLY37	1.00	0.00	0.00	0.00	CHANGE
APOLY38	1.00	0.00	0.00	0.00	CHANGE
APOLY39	1.00	0.00	0.00	0.00	CHANGE
APOLY40	50.00	500.00	50.00	500.00	SAME
APOMP01	1.00	15000.00	0.00	0.00	CHANGE
APOMP02	1.00	14000.00	0.00	0.00	CHANGE
APOP01	48.00	240.00	48.00	240.00	SAME
APOP02	64.00	100.00	64.00	100.00	SAME
APORT01	40.00	250.00	0.00	0.00	CHANGE
APORT02	50.00	100.00	0.00	0.00	CHANGE
APORY01	10.00	1000.00	10.00	1000.00	SAME
APORY02	20.00	500.00	20.00	500.00	SAME
APORY03	40.00	200.00	40.00	200.00	SAME
APOSB01	20.00	300.00	0.00	0.00	CHANGE
APOSP01	1.00	25000.00	0.00	0.00	CHANGE
APOTT01	1.00	0.00	0.00	0.00	CHANGE
APOTT02	1.00	0.00	0.00	0.00	CHANGE
APOTT03	1.00	0.00	0.00	0.00	CHANGE
APOTT04	1.00	0.00	0.00	0.00	CHANGE
APOTT05	1.00	0.00	0.00	0.00	CHANGE
APOTT06	1.00	0.00	0.00	0.00	CHANGE
APOTT07	1.00	0.00	0.00	0.00	CHANGE
APOTT08	1.00	0.00	0.00	0.00	CHANGE
APOTT09	1.00	0.00	0.00	0.00	CHANGE
APOTT10	1.00	0.00	0.00	0.00	CHANGE
APOTT11	1.00	0.00	0.00	0.00	CHANGE
APOTT12	1.00	0.00	0.00	0.00	CHANGE
APOTT13	100.00	1.00	1.00	1.00	CHANGE
APOUN01	20.00	500.00	20.00	500.00	SAME
APOWE01	60.00	100.00	0.00	0.00	CHANGE
APOWE02	1.00	0.00	0.00	0.00	CHANGE
APOWE03	20.00	500.00	0.00	0.00	CHANGE
APREV01	20.00	500.00	0.00	0.00	CHANGE
APREV02	24.00	250.00	24.00	250.00	SAME
APREV03	40.00	100.00	40.00	100.00	SAME
APREV04	100.00	100.00	100.00	100.00	SAME
APREV05	1.00	200.00	0.00	0.00	CHANGE
APREV06	20.00	500.00	20.00	500.00	SAME
APREZ01	12.00	250.00	12.00	250.00	SAME
APREZ02	40.00	50.00	40.00	50.00	SAME
APREZ03	40.00	50.00	40.00	50.00	SAME
APRIM01	10.00	2000.00	10.00	2000.00	SAME
APRIM02	400.00	15.00	400.00	15.00	SAME
APRIM03	1.00	0.00	0.00	0.00	CHANGE
APRIM04	200.00	5.00	200.00	5.00	SAME
APRIM05	50.00	100.00	50.00	100.00	SAME
APRIM06	10.00	1000.00	10.00	1000.00	SAME
APRIM07	20.00	500.00	20.00	500.00	SAME
APRIM08	40.00	250.00	40.00	250.00	SAME
APRIM09	20.00	1000.00	1.00	1.00	CHANGE
APRIM10	20.00	500.00	1.00	1.00	CHANGE
APRIM11	20.00	1000.00	1.00	1.00	CHANGE
APRIM12	40.00	250.00	0.00	0.00	CHANGE
APRIM13	20.00	1000.00	0.00	0.00	CHANGE
APROA01	100.00	50.00	100.00	50.00	SAME
APROA02	20.00	250.00	0.00	0.00	CHANGE
APROC01	80.00	25.00	80.00	25.00	SAME
APROF01	20.00	500.00	20.00	500.00	SAME
APROF02	40.00	250.00	40.00	250.00	SAME
APROF03	20.00	500.00	20.00	500.00	SAME
APROG01	200.00	1.50	200.00	1.00	CHANGE
APROG02	0.00	0.00	1.00	1.00	CHANGE
APROG03	50.00	100.00	1.00	1.00	CHANGE
APROM01	50.00	100.00	50.00	100.00	SAME
APROM02	50.00	250.00	50.00	250.00	SAME
APROM03	20.00	500.00	20.00	500.00	SAME
APROS01	1.00	1000.00	0.00	0.00	CHANGE
APROT01	50.00	100.00	50.00	100.00	SAME
APROT02	20.00	400.00	20.00	400.00	SAME
APROX01	1.00	0.00	0.00	0.00	CHANGE
APULS01	1.00	100.00	0.00	0.00	CHANGE
APUMP01	1.00	0.00	0.00	0.00	CHANGE
APUPU01	1.00	25000.00	1.00	25000.00	SAME
APUPU02	20.00	1000.00	0.00	0.00	CHANGE
APUPU03	5.00	5000.00	0.00	0.00	CHANGE
APUPU04	10.00	2000.00	10.00	2000.00	SAME
APUPU05	1.00	50000.00	1.00	50000.00	SAME
APUPU06	1.00	50000.00	0.00	0.00	CHANGE
APUPU07	1.00	50000.00	0.00	0.00	CHANGE
APUPU08	1.00	50000.00	0.00	0.00	CHANGE
APUPU09	1.00	1000.00	0.00	0.00	CHANGE
APUPU10	1.00	40000.00	1.00	40000.00	SAME
APUPU11	5.00	5000.00	5.00	5000.00	SAME
APUPU12	10.00	1000.00	10.00	1000.00	SAME
APUPU13	0.00	0.00	0.00	0.00	SAME
APUPU14	0.00	0.00	0.00	0.00	SAME
APUPU15	0.00	0.00	0.00	0.00	SAME
APUPU17	1.00	50000.00	1.00	1.00	CHANGE
APUPU18	1.00	50000.00	1.00	1.00	CHANGE
APUPU19	25.00	1000.00	1.00	1.00	CHANGE
APUPU20	1.00	10000.00	1.00	1.00	CHANGE
APUPU21	1.00	10000.00	1.00	1.00	CHANGE
APUPU25	0.00	0.00	0.00	0.00	SAME
APUSH01	50.00	100.00	0.00	0.00	CHANGE
APUSH02	50.00	100.00	0.00	0.00	CHANGE
APVCS01	1.00	0.00	0.00	0.00	CHANGE
APYPE01	50.00	100.00	50.00	100.00	SAME
APYZE01	24.00	400.00	24.00	400.00	SAME
AQAIS01	50.00	100.00	50.00	100.00	SAME
AQAIS02	100.00	100.00	100.00	100.00	SAME
AQAIS03	100.00	100.00	100.00	100.00	SAME
AQIUA01	0.00	0.00	0.00	0.00	SAME
AQIUA02	0.00	0.00	0.00	0.00	SAME
AQIUA03	0.00	0.00	0.00	0.00	SAME
AQIUA04	0.00	0.00	0.00	0.00	SAME
AQIUA05	0.00	0.00	0.00	0.00	SAME
AQIUA06	20.00	1000.00	1.00	1.00	CHANGE
AQIUA07	20.00	1000.00	1.00	1.00	CHANGE
AQIUA08	20.00	1000.00	1.00	1.00	CHANGE
AQIUB01	20.00	900.00	0.00	0.00	CHANGE
AQIUC01	20.00	900.00	0.00	0.00	CHANGE
AQIUC02	0.00	0.00	0.00	0.00	SAME
AQIUD01	100.00	100.00	100.00	100.00	SAME
AQIUD03	40.00	250.00	1.00	1.00	CHANGE
AQIUM01	100.00	50.00	100.00	50.00	SAME
AQIUM02	40.00	200.00	40.00	200.00	SAME
AQIUM03	50.00	100.00	0.00	0.00	CHANGE
AQIUM04	20.00	500.00	20.00	500.00	SAME
AQIUM05	16.00	1000.00	0.00	0.00	CHANGE
AQIUM06	40.00	250.00	40.00	250.00	SAME
AQIUM07	100.00	100.00	100.00	100.00	SAME
AQIUM08	10.00	1000.00	10.00	1000.00	SAME
AQIUM09	35.00	100.00	0.00	0.00	CHANGE
AQIUM10	30.00	100.00	0.00	0.00	CHANGE
AQIUM11	20.00	500.00	20.00	500.00	SAME
AQIUM12	0.00	0.00	0.00	0.00	SAME
AQIUM13	20.00	250.00	20.00	250.00	SAME
AQIUN01	100.00	250.00	0.00	0.00	CHANGE
AQIUN02	40.00	500.00	40.00	500.00	SAME
AQIUN03	40.00	500.00	40.00	500.00	SAME
AQIUO01	42.00	50.00	0.00	0.00	CHANGE
AQIUO02	30.00	250.00	30.00	250.00	SAME
AQIUS01	50.00	100.00	50.00	100.00	SAME
AQIUS02	40.00	200.00	40.00	200.00	SAME
AQIUT01	20.00	1000.00	20.00	1000.00	SAME
AQIUT02	25.00	800.00	25.00	800.00	SAME
AQIUT03	25.00	800.00	25.00	800.00	SAME
AQIUV01	24.00	500.00	0.00	0.00	CHANGE
AQIUV02	48.00	250.00	0.00	0.00	CHANGE
AQIUV03	20.00	500.00	0.00	0.00	CHANGE
AQIUV04	100.00	100.00	100.00	100.00	SAME
AQIUV05	20.00	500.00	20.00	500.00	SAME
AQIUV06	100.00	100.00	100.00	100.00	SAME
AQIUV07	20.00	500.00	20.00	500.00	SAME
AQIUV08	20.00	500.00	20.00	500.00	SAME
AQIUV09	20.00	500.00	0.00	0.00	CHANGE
AQIUV10	1.00	50000.00	0.00	0.00	CHANGE
AQIUV11	1.00	50000.00	0.00	0.00	CHANGE
AQIUV12	100.00	100.00	100.00	100.00	SAME
AQIUV122	20.00	500.00	20.00	500.00	SAME
AQIUV13	25.00	100.00	0.00	0.00	CHANGE
AQIUV133	20.00	500.00	20.00	500.00	SAME
AQIUV14	25.00	100.00	25.00	100.00	SAME
AQIUV15	30.00	250.00	30.00	250.00	SAME
AQIUV16	20.00	1000.00	20.00	1000.00	SAME
AQIUV17	30.00	500.00	30.00	500.00	SAME
AQIUV18	100.00	100.00	100.00	100.00	SAME
AQIUV20	20.00	500.00	20.00	500.00	SAME
AQIUV21	20.00	500.00	20.00	500.00	SAME
ARACU01	288.00	20.00	288.00	20.00	SAME
ARADI01	50.00	100.00	50.00	100.00	SAME
ARAJA01	100.00	80.00	0.00	0.00	CHANGE
ARAJA02	25.00	400.00	25.00	400.00	SAME
ARAJA03	50.00	80.00	50.00	80.00	SAME
ARAJA04	50.00	200.00	50.00	200.00	SAME
ARAJA05	50.00	0.00	50.00	1.00	CHANGE
ARAJA06	50.00	0.00	50.00	1.00	CHANGE
ARAJA07	60.00	0.00	60.00	1.00	CHANGE
ARAJA08	60.00	0.00	60.00	1.00	CHANGE
ARAMB01	20.00	1000.00	20.00	1000.00	SAME
ARAMO01	4.00	5000.00	4.00	5000.00	SAME
ARAMO02	1.00	20000.00	1.00	20000.00	SAME
ARAMP01	50.00	100.00	0.00	0.00	CHANGE
ARANGE01	20.00	1000.00	20.00	1000.00	SAME
ARATC01	0.00	0.00	0.00	0.00	SAME
ARATC02	0.00	0.00	0.00	0.00	SAME
ARATC03	1.00	100.00	0.00	0.00	CHANGE
ARATG01	10.00	1000.00	10.00	1000.00	SAME
ARATG03	10.00	1000.00	10.00	1000.00	SAME
ARATO01	1000.00	10.00	1000.00	10.00	SAME
ARAYA01	40.00	250.00	1.00	1.00	CHANGE
ARAYA02	20.00	500.00	1.00	1.00	CHANGE
AREAC01	20.00	1000.00	0.00	0.00	CHANGE
AREAC02	1.00	20000.00	0.00	0.00	CHANGE
AREAC03	20.00	500.00	0.00	0.00	CHANGE
AREAC04	4.00	5000.00	0.00	0.00	CHANGE
AREAC05	20.00	1000.00	20.00	1000.00	SAME
AREAD01	20.00	1000.00	1.00	1.00	CHANGE
AREAD02	0.00	0.00	0.00	0.00	SAME
AREGE01	10.00	1000.00	10.00	1000.00	SAME
AREGE02	24.00	250.00	24.00	250.00	SAME
AREGE03	48.00	100.00	48.00	100.00	SAME
AREGE04	10.00	500.00	10.00	500.00	SAME
AREGE05	80.00	50.00	80.00	50.00	SAME
AREGE06	200.00	1.60	200.00	1.00	CHANGE
AREGE07	48.00	100.00	0.00	0.00	CHANGE
AREGE08	80.00	50.00	0.00	0.00	CHANGE
AREGE09	80.00	50.00	80.00	50.00	SAME
AREGE10	24.00	250.00	24.00	250.00	SAME
AREGU01	1.00	0.00	0.00	0.00	CHANGE
AREGU02	1.00	0.00	0.00	0.00	CHANGE
AREGUL01	0.00	0.00	0.00	0.00	SAME
AREMA01	40.00	250.00	40.00	250.00	SAME
AREMA02	100.00	100.00	100.00	100.00	SAME
AREMA03	20.00	400.00	20.00	400.00	SAME
AREME01	24.00	500.00	0.00	0.00	CHANGE
AREVI01	20.00	500.00	0.00	0.00	CHANGE
AREVI02	100.00	100.00	100.00	100.00	SAME
AREVU01	100.00	50.00	100.00	50.00	SAME
AREVU02	20.00	250.00	20.00	250.00	SAME
AREVU03	50.00	100.00	50.00	100.00	SAME
AREXD01	12.00	1000.00	12.00	1000.00	SAME
AREXD02	6.00	2000.00	6.00	2000.00	SAME
ARG0101	30.00	500.00	30.00	500.00	SAME
ARG0102	200.00	100.00	0.00	0.00	CHANGE
ARG0201	200.00	100.00	0.00	0.00	CHANGE
ARG0202	30.00	500.00	30.00	500.00	SAME
ARG0301	30.00	500.00	30.00	500.00	SAME
ARG0501	30.00	500.00	30.00	500.00	SAME
ARG0502	200.00	100.00	200.00	100.00	SAME
ARG0601	200.00	100.00	0.00	0.00	CHANGE
ARHIZ01	20.00	1000.00	20.00	1000.00	SAME
ARICE01	100.00	100.00	100.00	100.00	SAME
ARICE02	100.00	100.00	100.00	100.00	SAME
ARICE03	40.00	250.00	40.00	250.00	SAME
ARICE04	40.00	250.00	40.00	250.00	SAME
ARICE05	1.00	100.00	0.00	0.00	CHANGE
ARICE08	0.00	0.00	0.00	0.00	SAME
ARICE09	0.00	0.00	0.00	0.00	SAME
ARICE10	100.00	100.00	100.00	100.00	SAME
ARICE12	40.00	250.00	40.00	250.00	SAME
ARIDA01	1.00	100.00	0.00	0.00	CHANGE
ARIDO01	20.00	500.00	20.00	500.00	SAME
ARIDO02	40.00	250.00	40.00	250.00	SAME
ARIDO03	100.00	100.00	100.00	100.00	SAME
ARIDO04	80.00	12.50	80.00	12.00	CHANGE
ARIMO01	100.00	100.00	100.00	100.00	SAME
ARIMO02	40.00	250.00	40.00	250.00	SAME
ARING01	1.00	0.00	0.00	0.00	CHANGE
ARING02	1.00	14000.00	0.00	0.00	CHANGE
ARING03	1.00	17000.00	0.00	0.00	CHANGE
ARIOM01	100.00	100.00	100.00	100.00	SAME
ARIOM02	40.00	250.00	40.00	250.00	SAME
ARIVA01	20.00	400.00	0.00	0.00	CHANGE
ARIZO01	120.00	50.00	0.00	0.00	CHANGE
ARIZO02	20.00	250.00	20.00	250.00	SAME
ARIZO03	20.00	500.00	20.00	500.00	SAME
ARIZO04	50.00	100.00	50.00	100.00	SAME
ARIZO05	40.00	250.00	40.00	250.00	SAME
AROBU01	0.00	0.00	0.00	0.00	SAME
AROBU02	100.00	100.00	0.00	0.00	CHANGE
AROBU03	40.00	200.00	0.00	0.00	CHANGE
AROBU04	50.00	100.00	0.00	0.00	CHANGE
AROGE01	1.00	200000.00	1.00	200000.00	SAME
AROGE02	20.00	1000.00	20.00	1000.00	SAME
AROGE03	1.00	20000.00	1.00	20000.00	SAME
AROLI01	50.00	100.00	0.00	0.00	CHANGE
ARONS01	1.00	100.00	0.00	0.00	CHANGE
AROTO01	20.00	500.00	20.00	500.00	SAME
AROTR01	50.00	100.00	50.00	100.00	SAME
AROTR02	20.00	500.00	20.00	500.00	SAME
AROTR03	20.00	500.00	20.00	500.00	SAME
AROUN01	12.00	1000.00	12.00	1000.00	SAME
AROUN02	1.00	20000.00	1.00	20000.00	SAME
AROUN03	4.00	4000.00	4.00	4000.00	SAME
AROUN04	50.00	200.00	50.00	200.00	SAME
AROUN05	12.00	1000.00	12.00	1000.00	SAME
AROUN07	12.00	1000.00	12.00	1000.00	SAME
AROUN08	50.00	200.00	50.00	200.00	SAME
AROVR01	120.00	100.00	120.00	100.00	SAME
ARUBO01	50.00	100.00	50.00	100.00	SAME
ARUMP01	100.00	100.00	0.00	0.00	CHANGE
ARUNN01	24.00	250.00	0.00	0.00	CHANGE
ARUNN02	50.00	100.00	0.00	0.00	CHANGE
ASAAF01	20.00	400.00	20.00	400.00	SAME
ASAAF02	50.00	100.00	50.00	100.00	SAME
ASAAF03	100.00	100.00	0.00	0.00	CHANGE
ASABE01	20.00	400.00	0.00	0.00	CHANGE
ASAGR01	100.00	100.00	0.00	0.00	CHANGE
ASAGR04	40.00	250.00	40.00	250.00	SAME
ASAGR05	25.00	400.00	25.00	400.00	SAME
ASAGR06	20.00	1000.00	20.00	1000.00	SAME
ASAGR07	0.00	0.00	0.00	0.00	SAME
ASALV01	20.00	400.00	0.00	0.00	CHANGE
ASALV02	50.00	100.00	0.00	0.00	CHANGE
ASAMA01	1.00	100.00	0.00	0.00	CHANGE
ASAMP01	120.00	100.00	0.00	0.00	CHANGE
ASAMP02	24.00	500.00	0.00	0.00	CHANGE
ASAMP03	120.00	100.00	0.00	0.00	CHANGE
ASAMP04	24.00	500.00	0.00	0.00	CHANGE
ASAMP05	0.00	0.00	0.00	0.00	SAME
ASAMP06	0.00	0.00	0.00	0.00	SAME
ASAMP10	1.00	0.00	0.00	0.00	CHANGE
ASANG01	20.00	1000.00	20.00	1000.00	SAME
ASANT01	40.00	250.00	0.00	0.00	CHANGE
ASANT02	20.00	500.00	0.00	0.00	CHANGE
ASANT03	40.00	250.00	0.00	0.00	CHANGE
ASANT04	1.00	1000.00	0.00	0.00	CHANGE
ASANT05	20.00	1000.00	0.00	0.00	CHANGE
ASANV01	20.00	500.00	20.00	500.00	SAME
ASAPR01	1.00	25000.00	1.00	25000.00	SAME
ASARI01	1.00	0.00	0.00	0.00	CHANGE
ASARI02	1.00	0.00	0.00	0.00	CHANGE
ASARU01	1.00	1000.00	0.00	0.00	CHANGE
ASATU01	10.00	2000.00	10.00	2000.00	SAME
ASATU02	20.00	500.00	20.00	500.00	SAME
ASATU03	20.00	1000.00	20.00	1000.00	SAME
ASATU04	20.00	250.00	20.00	250.00	SAME
ASATY01	20.00	1000.00	20.00	1000.00	SAME
ASAWI01	180.00	25.00	180.00	25.00	SAME
ASAWI02	10.00	10.00	0.00	0.00	CHANGE
ASAWI03	1.00	10.00	0.00	0.00	CHANGE
ASAWI04	1.00	25.00	0.00	0.00	CHANGE
ASAWI05	180.00	25.00	180.00	25.00	SAME
ASAWI06	200.00	25.00	200.00	25.00	SAME
ASAWI07	200.00	10.00	0.00	0.00	CHANGE
ASAWI08	24.00	100.00	24.00	100.00	SAME
ASAWI09	10.00	20.00	10.00	20.00	SAME
ASAWI10	36.00	100.00	36.00	100.00	SAME
ASAWI11	90.00	100.00	90.00	100.00	SAME
ASAWI12	15.00	10.00	0.00	0.00	CHANGE
ASAWI13	15.00	10.00	0.00	0.00	CHANGE
ASAWI14	240.00	15.00	240.00	15.00	SAME
ASAWI15	24.00	100.00	24.00	100.00	SAME
ASAWI16	160.00	50.00	160.00	50.00	SAME
ASAWI17	300.00	25.00	0.00	0.00	CHANGE
ASAWI18	15.00	25.00	0.00	0.00	CHANGE
ASAWI19	10.00	20.00	10.00	20.00	SAME
ASAWI20	10.00	20.00	10.00	20.00	SAME
ASAWI21	40.00	100.00	40.00	100.00	SAME
ASAWI22	480.00	15.00	480.00	15.00	SAME
ASAWI23	240.00	10.00	240.00	10.00	SAME
ASAWI26	0.00	0.00	0.00	0.00	SAME
ASCAR01	1.00	0.00	0.00	0.00	CHANGE
ASCOR01	40.00	250.00	40.00	250.00	SAME
ASCOR02	50.00	80.00	50.00	80.00	SAME
ASCOR03	200.00	10.00	200.00	10.00	SAME
ASCRE01	1.00	0.00	0.00	0.00	CHANGE
ASEAL01	1.00	0.00	0.00	0.00	CHANGE
ASELA01	1.00	0.00	0.00	0.00	CHANGE
ASELA02	1.00	0.00	0.00	0.00	CHANGE
ASELA03	1.00	0.00	0.00	0.00	CHANGE
ASELA04	1.00	0.00	0.00	0.00	CHANGE
ASELA05	1.00	0.00	0.00	0.00	CHANGE
ASELA06	1.00	0.00	0.00	0.00	CHANGE
ASELA07	1.00	0.00	1.00	1.00	CHANGE
ASELA08	1.00	0.00	0.00	0.00	CHANGE
ASELA09	1.00	0.00	0.00	0.00	CHANGE
ASELA10	1.00	0.00	0.00	0.00	CHANGE
ASELA11	1.00	0.00	0.00	0.00	CHANGE
ASELA12	1.00	0.00	0.00	0.00	CHANGE
ASELA13	1.00	0.00	0.00	0.00	CHANGE
ASELA14	0.00	0.00	0.00	0.00	SAME
ASELE01	1.00	0.00	0.00	0.00	CHANGE
ASELT01	20.00	500.00	20.00	500.00	SAME
ASENG01	20.00	1000.00	20.00	1000.00	SAME
ASEPA01	1.00	0.00	0.00	0.00	CHANGE
ASEPA02	1.00	0.00	0.00	0.00	CHANGE
ASEPA03	1.00	0.00	0.00	0.00	CHANGE
ASEPE01	1.00	1000.00	0.00	0.00	CHANGE
ASERE01	80.00	25.00	0.00	0.00	CHANGE
ASEVI01	100.00	100.00	0.00	0.00	CHANGE
ASEVI02	100.00	100.00	100.00	100.00	SAME
ASEVI03	40.00	500.00	40.00	500.00	SAME
ASG0101	30.00	500.00	30.00	500.00	SAME
ASG0102	200.00	100.00	0.00	0.00	CHANGE
ASG0201	200.00	100.00	0.00	0.00	CHANGE
ASG0202	30.00	500.00	0.00	0.00	CHANGE
ASG0301	200.00	100.00	0.00	0.00	CHANGE
ASG0501	30.00	500.00	30.00	500.00	SAME
ASG0502	200.00	100.00	0.00	0.00	CHANGE
ASG0503	30.00	500.00	30.00	500.00	SAME
ASG0601	200.00	100.00	0.00	0.00	CHANGE
ASHAD01	30.00	500.00	0.00	0.00	CHANGE
ASHAD02	50.00	80.00	50.00	80.00	SAME
ASHAL01	10.00	460.00	0.00	0.00	CHANGE
ASHEL01	4.00	5000.00	0.00	0.00	CHANGE
ASHEN01	50.00	100.00	1.00	1.00	CHANGE
ASIDA01	25.00	400.00	25.00	400.00	SAME
ASIDA02	10.00	2000.00	0.00	0.00	CHANGE
ASIDA03	25.00	400.00	0.00	0.00	CHANGE
ASIDA04	15.00	1000.00	15.00	1000.00	SAME
ASIDA05	50.00	100.00	50.00	100.00	SAME
ASIDA06	20.00	500.00	0.00	0.00	CHANGE
ASIDA07	50.00	100.00	50.00	100.00	SAME
ASIDA08	20.00	1000.00	1.00	1.00	CHANGE
ASIKL01	160.00	25.00	160.00	25.00	SAME
ASILI01	0.00	0.00	0.00	0.00	SAME
ASINA01	1.00	5.00	0.00	0.00	CHANGE
ASINA02	0.00	0.00	0.00	0.00	SAME
ASINA03	40.00	250.00	40.00	250.00	SAME
ASINE01	50.00	80.00	50.00	80.00	SAME
ASING01	1.00	0.00	0.00	0.00	CHANGE
ASINO01	40.00	250.00	40.00	250.00	SAME
ASINO02	50.00	80.00	50.00	80.00	SAME
ASINT01	400.00	4.00	1.00	1.00	CHANGE
ASINW01	0.00	0.00	0.00	0.00	SAME
ASINW02	20.00	500.00	0.00	0.00	CHANGE
ASINW03	40.00	250.00	1.00	1.00	CHANGE
ASINW04	10.00	1000.00	0.00	0.00	CHANGE
ASLAS01	15.00	1000.00	0.00	0.00	CHANGE
ASMAC01	25.00	400.00	0.00	0.00	CHANGE
ASMK01	160.00	10.00	0.00	0.00	CHANGE
ASMK02	8.00	20.00	0.00	0.00	CHANGE
ASMK03	5.00	20.00	0.00	0.00	CHANGE
ASMK04	500.00	20.00	500.00	20.00	SAME
ASMK05	10.00	20.00	0.00	0.00	CHANGE
ASMK06	10.00	20.00	0.00	0.00	CHANGE
ASMK07	10.00	20.00	0.00	0.00	CHANGE
ASMK08	10.00	20.00	0.00	0.00	CHANGE
ASMK09	10.00	20.00	10.00	20.00	SAME
ASMK10	10.00	20.00	0.00	0.00	CHANGE
ASMK11	250.00	10.00	0.00	0.00	CHANGE
ASMK12	5.00	0.00	0.00	0.00	CHANGE
ASMK13	1.00	0.00	1.00	1.00	CHANGE
ASMK14	200.00	20.00	0.00	0.00	CHANGE
ASMK15	200.00	20.00	0.00	0.00	CHANGE
ASMK16	48.00	20.00	48.00	20.00	SAME
ASMK17	10.00	20.00	0.00	0.00	CHANGE
ASMK18	1.00	10.00	0.00	0.00	CHANGE
ASMK19	10.00	20.00	0.00	0.00	CHANGE
ASMK20	120.00	20.00	120.00	20.00	SAME
ASMK21	240.00	10.00	240.00	10.00	SAME
ASMK22	120.00	20.00	120.00	20.00	SAME
ASMK23	480.00	10.00	480.00	10.00	SAME
ASMK24	120.00	20.00	120.00	20.00	SAME
ASMK25	120.00	20.00	120.00	20.00	SAME
ASMK27	0.00	0.00	0.00	0.00	SAME
ASMK28	0.00	0.00	0.00	0.00	SAME
ASMK29	0.00	0.00	0.00	0.00	SAME
ASMK30	0.00	0.00	0.00	0.00	SAME
ASMK31	75.00	20.00	1.00	1.00	CHANGE
ASMKI01	72.00	20.00	0.00	0.00	CHANGE
ASMKN01	12.00	0.00	0.00	0.00	CHANGE
ASMKN02	12.00	0.00	0.00	0.00	CHANGE
ASMKS01	1.00	0.00	0.00	0.00	CHANGE
ASNAI01	20.00	100.00	20.00	100.00	SAME
ASNAI02	20.00	500.00	20.00	500.00	SAME
ASNAI03	20.00	200.00	20.00	200.00	SAME
ASNOW01	1.00	100.00	0.00	0.00	CHANGE
ASOFI01	200.00	20.00	0.00	0.00	CHANGE
ASOFI02	32.00	250.00	32.00	250.00	SAME
ASOFI03	16.00	500.00	16.00	500.00	SAME
ASOFI04	8.00	1000.00	8.00	1000.00	SAME
ASORE01	1.00	250.00	0.00	0.00	CHANGE
ASORT01	100.00	100.00	100.00	100.00	SAME
ASORT02	100.00	100.00	100.00	100.00	SAME
ASORT03	25.00	400.00	25.00	400.00	SAME
ASORT04	25.00	400.00	25.00	400.00	SAME
ASORT05	100.00	100.00	0.00	0.00	CHANGE
ASPAN01	1.00	0.00	0.00	0.00	CHANGE
ASPHI01	100.00	100.00	100.00	100.00	SAME
ASPIE01	1.00	0.00	0.00	0.00	CHANGE
ASPIN01	1.00	0.00	0.00	0.00	CHANGE
ASPIR01	15.00	800.00	0.00	0.00	CHANGE
ASPOD01	30.00	400.00	30.00	400.00	SAME
ASPOD02	50.00	100.00	0.00	0.00	CHANGE
ASPOD03	30.00	500.00	0.00	0.00	CHANGE
ASPON01	20.00	200.00	0.00	0.00	CHANGE
ASPON02	20.00	500.00	20.00	500.00	SAME
ASPON03	12.00	1000.00	12.00	1000.00	SAME
ASPON04	20.00	200.00	20.00	200.00	SAME
ASPON05	20.00	500.00	20.00	500.00	SAME
ASPON06	10.00	1000.00	10.00	1000.00	SAME
ASPON07	50.00	200.00	50.00	200.00	SAME
ASPONT05	0.00	0.00	0.00	0.00	SAME
ASPRA01	1.00	5000.00	0.00	0.00	CHANGE
ASPRA011	1.00	1.00	1.00	1.00	SAME
ASPRA02	20.00	2000.00	0.00	0.00	CHANGE
ASPRA03	6.00	5000.00	0.00	0.00	CHANGE
ASPRA04	1.00	8000.00	0.00	0.00	CHANGE
ASPRA05	6.00	5000.00	0.00	0.00	CHANGE
ASPRA06	1.00	0.00	0.00	0.00	CHANGE
ASPRA07	6.00	8000.00	0.00	0.00	CHANGE
ASPRA08	1.00	15000.00	1.00	15000.00	SAME
ASPRA09	20.00	2000.00	20.00	2000.00	SAME
ASPRA10	1.00	20000.00	1.00	20000.00	SAME
ASPRA11	1.00	18000.00	1.00	18000.00	SAME
ASPRA12	1.00	0.00	1.00	1.00	CHANGE
ASPRA13	1.00	16000.00	1.00	16000.00	SAME
ASPRA14	1.00	16000.00	1.00	16000.00	SAME
ASPRA15	1.00	1.00	0.00	0.00	CHANGE
ASPRA16	1.00	16000.00	1.00	16000.00	SAME
ASPRA17	1.00	16000.00	1.00	16000.00	SAME
ASPRA18	20.00	2000.00	20.00	2000.00	SAME
ASPRA19	20.00	2000.00	20.00	2000.00	SAME
ASPRA20	1.00	16000.00	1.00	16000.00	SAME
ASPRA21	1.00	16000.00	1.00	16000.00	SAME
ASPRA22	6.00	1.00	6.00	1.00	SAME
ASPRA23	1.00	1000.00	0.00	0.00	CHANGE
ASPRA24	30.00	1.00	30.00	1.00	SAME
ASPRA25	50.00	100.00	50.00	100.00	SAME
ASPRA26	50.00	50.00	50.00	50.00	SAME
ASPRA40	6.00	1.00	6.00	1.00	SAME
ASPRA41	1.00	1.00	1.00	1.00	SAME
ASPRA42	1.00	1.00	1.00	1.00	SAME
ASPRA43	1.00	16000.00	1.00	16000.00	SAME
ASPRA44	0.00	0.00	0.00	0.00	SAME
ASPRA47	6.00	1.00	0.00	0.00	CHANGE
ASPRAY26	450.00	25.00	450.00	25.00	SAME
ASPRAY27	40.00	250.00	40.00	250.00	SAME
ASPUY01	1.00	0.00	0.00	0.00	CHANGE
ASPUY02	1.00	0.00	0.00	0.00	CHANGE
ASPUY03	1.00	0.00	0.00	0.00	CHANGE
ASPUY04	1.00	0.00	0.00	0.00	CHANGE
ASPUY05	1.00	0.00	0.00	0.00	CHANGE
ASPUY06	1.00	0.00	0.00	0.00	CHANGE
ASPUY07	1.00	0.00	0.00	0.00	CHANGE
ASPUY08	1.00	0.00	0.00	0.00	CHANGE
ASPUY09	1.00	0.00	0.00	0.00	CHANGE
ASPUY10	1.00	0.00	0.00	0.00	CHANGE
ASPYK01	20.00	1000.00	1.00	1.00	CHANGE
ASRIK01	20.00	250.00	20.00	250.00	SAME
ASTAI01	1.00	0.00	0.00	0.00	CHANGE
ASTAM01	100.00	50.00	0.00	0.00	CHANGE
ASTAR01	1.00	20000.00	1.00	20000.00	SAME
ASTAR02	20.00	1000.00	20.00	1000.00	SAME
ASTAR03	4.00	5000.00	4.00	5000.00	SAME
ASTAR04	20.00	500.00	20.00	500.00	SAME
ASTAR05	40.00	100.00	40.00	100.00	SAME
ASTAR06	40.00	100.00	40.00	100.00	SAME
ASTAR07	1.00	100.00	0.00	0.00	CHANGE
ASTAR08	1.00	300.00	0.00	0.00	CHANGE
ASTAR09	1.00	100.00	0.00	0.00	CHANGE
ASTAR10	40.00	500.00	40.00	500.00	SAME
ASTAR11	0.00	0.00	0.00	0.00	SAME
ASTAR13	80.00	100.00	1.00	1.00	CHANGE
ASTIC01	1.00	0.00	0.00	0.00	CHANGE
ASTIC02	1.00	0.00	0.00	0.00	CHANGE
ASTIC03	0.00	0.00	0.00	0.00	SAME
ASTIC04	0.00	0.00	0.00	0.00	SAME
ASTIK01	0.00	0.00	0.00	0.00	SAME
ASTIK02	0.00	0.00	0.00	0.00	SAME
ASTRE01	1.00	0.00	0.00	0.00	CHANGE
ASTRO01	100.00	50.00	0.00	0.00	CHANGE
ASUGO01	40.00	250.00	40.00	250.00	SAME
ASULF01	50.00	200.00	1.00	1.00	CHANGE
ASUPE01	100.00	50.00	100.00	50.00	SAME
ASUPE02	50.00	100.00	50.00	100.00	SAME
ASUPE03	50.00	200.00	50.00	200.00	SAME
ASUPE04	20.00	1000.00	0.00	0.00	CHANGE
ASUPE05	1.00	25000.00	1.00	25000.00	SAME
ASUPE06	20.00	1000.00	20.00	1000.00	SAME
ASUPE07	0.00	0.00	0.00	0.00	SAME
ASUPE08	0.00	0.00	0.00	0.00	SAME
ASUPE09	16.00	1000.00	1.00	1.00	CHANGE
ASUPR01	1.00	20000.00	0.00	0.00	CHANGE
ASUPR02	1.00	20000.00	1.00	20000.00	SAME
ASURF01	1.00	400.00	0.00	0.00	CHANGE
ASWAL01	40.00	250.00	40.00	250.00	SAME
ASWAL03	0.00	0.00	0.00	0.00	SAME
ASWIT01	1.00	20.00	0.00	0.00	CHANGE
ASYMB01	75.00	100.00	75.00	100.00	SAME
ASYMB02	100.00	50.00	100.00	50.00	SAME
ASYMB03	50.00	100.00	50.00	100.00	SAME
ASYMP01	40.00	100.00	40.00	100.00	SAME
AT01101	50.00	100.00	0.00	0.00	CHANGE
AT02101	50.00	100.00	0.00	0.00	CHANGE
ATAAM01	1.00	0.00	0.00	0.00	CHANGE
ATABA01	50.00	80.00	50.00	80.00	SAME
ATABA02	30.00	500.00	0.00	0.00	CHANGE
ATABA03	10.00	1000.00	10.00	1000.00	SAME
ATABU01	1.00	14000.00	0.00	0.00	CHANGE
ATABU02	1.00	17000.00	0.00	0.00	CHANGE
ATABU03	1.00	5000.00	0.00	0.00	CHANGE
ATAKU01	20.00	50.00	20.00	50.00	SAME
ATAKU02	150.00	10.00	0.00	0.00	CHANGE
ATALI01	1.00	0.00	0.00	0.00	CHANGE
ATALI02	1.00	1000.00	0.00	0.00	CHANGE
ATALI03	1.00	500.00	0.00	0.00	CHANGE
ATALI04	1.00	1000.00	0.00	0.00	CHANGE
ATALI05	1.00	1000.00	0.00	0.00	CHANGE
ATALI06	1.00	500.00	0.00	0.00	CHANGE
ATALI07	1.00	0.00	0.00	0.00	CHANGE
ATALI08	1.00	1000.00	0.00	0.00	CHANGE
ATALI09	1.00	900.00	1.00	900.00	SAME
ATALI10	1.00	450.00	1.00	450.00	SAME
ATALI11	1.00	1000.00	0.00	0.00	CHANGE
ATALI12	1.00	40.00	0.00	0.00	CHANGE
ATALI13	20.00	0.00	0.00	0.00	CHANGE
ATALI14	20.00	1000.00	0.00	0.00	CHANGE
ATALI15	1.00	1000.00	0.00	0.00	CHANGE
ATALI16	1.00	40.00	0.00	0.00	CHANGE
ATALI17	15.00	1000.00	0.00	0.00	CHANGE
ATALI18	1.00	1000.00	0.00	0.00	CHANGE
ATALI19	1.00	0.00	1.00	1.00	CHANGE
ATALI20	1.00	1000.00	0.00	0.00	CHANGE
ATALI21	40.00	600.00	40.00	600.00	SAME
ATALI22	0.00	0.00	0.00	0.00	SAME
ATAMA01	50.00	100.00	0.00	0.00	CHANGE
ATAMA02	30.00	100.00	0.00	0.00	CHANGE
ATAMA03	40.00	100.00	0.00	0.00	CHANGE
ATAMA04	0.00	0.00	0.00	0.00	SAME
ATAME01	20.00	500.00	20.00	500.00	SAME
ATAMO01	20.00	400.00	0.00	0.00	CHANGE
ATAMP01	100.00	100.00	100.00	100.00	SAME
ATAMP02	40.00	200.00	0.00	0.00	CHANGE
ATAMP03	40.00	100.00	0.00	0.00	CHANGE
ATANG01	1.00	0.00	0.00	0.00	CHANGE
ATANG02	1.00	0.00	0.00	0.00	CHANGE
ATANG03	1.00	0.00	0.00	0.00	CHANGE
ATANG04	1.00	0.00	0.00	0.00	CHANGE
ATANG05	1.00	0.00	1.00	1.00	CHANGE
ATANG06	1.00	0.00	0.00	0.00	CHANGE
ATANG07	1.00	0.00	1.00	1.00	CHANGE
ATANG08	1.00	0.00	1.00	1.00	CHANGE
ATANG09	1.00	0.00	1.00	1.00	CHANGE
ATANG10	1.00	0.00	0.00	0.00	CHANGE
ATANG11	1.00	0.00	0.00	0.00	CHANGE
ATANG12	1.00	0.00	1.00	1.00	CHANGE
ATANG13	1.00	0.00	1.00	1.00	CHANGE
ATANG14	1.00	0.00	1.00	1.00	CHANGE
ATANG15	1.00	0.00	1.00	1.00	CHANGE
ATANG16	6.00	0.00	6.00	1.00	CHANGE
ATANG17	6.00	0.00	6.00	1.00	CHANGE
ATANG18	1.00	0.00	0.00	0.00	CHANGE
ATANG19	1.00	0.00	0.00	0.00	CHANGE
ATANG20	6.00	0.00	6.00	1.00	CHANGE
ATANG21	1.00	0.00	0.00	0.00	CHANGE
ATANG22	1.00	0.00	1.00	1.00	CHANGE
ATANG23	1.00	0.00	1.00	1.00	CHANGE
ATANG24	15.00	0.00	15.00	1.00	CHANGE
ATANG25	1.00	0.00	1.00	1.00	CHANGE
ATANG26	1.00	0.00	0.00	0.00	CHANGE
ATANG27	1.00	0.00	1.00	1.00	CHANGE
ATANG28	1.00	0.00	1.00	1.00	CHANGE
ATANG29	1.00	0.00	0.00	0.00	CHANGE
ATANG30	1.00	0.00	0.00	0.00	CHANGE
ATANG31	1.00	0.00	1.00	1.00	CHANGE
ATANG32	1.00	0.00	0.00	0.00	CHANGE
ATANG33	1.00	0.00	1.00	1.00	CHANGE
ATANG34	1.00	0.00	0.00	0.00	CHANGE
ATANG35	1.00	0.00	1.00	1.00	CHANGE
ATANG36	1.00	0.00	0.00	0.00	CHANGE
ATANG37	1.00	0.00	1.00	1.00	CHANGE
ATANG38	1.00	0.00	1.00	1.00	CHANGE
ATANG39	1.00	0.00	0.00	0.00	CHANGE
ATANG40	1.00	0.00	1.00	1.00	CHANGE
ATANG41	1.00	0.00	0.00	0.00	CHANGE
ATANG42	1.00	0.00	0.00	0.00	CHANGE
ATANG43	1.00	0.00	1.00	1.00	CHANGE
ATANG44	1.00	0.00	0.00	0.00	CHANGE
ATANG45	1.00	0.00	0.00	0.00	CHANGE
ATANG46	1.00	0.00	0.00	0.00	CHANGE
ATANG47	1.00	0.00	0.00	0.00	CHANGE
ATANG48	1.00	0.00	0.00	0.00	CHANGE
ATANG49	1.00	0.00	1.00	1.00	CHANGE
ATANG50	1.00	0.00	1.00	1.00	CHANGE
ATANG51	1.00	0.00	1.00	1.00	CHANGE
ATANG52	1.00	0.00	1.00	1.00	CHANGE
ATANG53	1.00	0.00	1.00	1.00	CHANGE
ATANG54	1.00	0.00	1.00	1.00	CHANGE
ATANG55	1.00	0.00	1.00	1.00	CHANGE
ATANG56	1.00	0.00	1.00	1.00	CHANGE
ATANG57	1.00	0.00	0.00	0.00	CHANGE
ATANG58	1.00	16000.00	1.00	16000.00	SAME
ATANG59	1.00	0.00	1.00	1.00	CHANGE
ATANG60	1.00	1.00	1.00	1.00	SAME
ATANG61	1.00	1.00	1.00	1.00	SAME
ATANG62	1.00	1.00	1.00	1.00	SAME
ATANG63	6.00	0.00	6.00	1.00	CHANGE
ATANG64	0.00	0.00	0.00	0.00	SAME
ATANG65	0.00	0.00	0.00	0.00	SAME
ATANT01	40.00	250.00	40.00	250.00	SAME
ATARG01	100.00	50.00	100.00	50.00	SAME
ATEMB01	15.00	1000.00	0.00	0.00	CHANGE
ATEMB02	20.00	500.00	0.00	0.00	CHANGE
ATENA01	40.00	500.00	0.00	0.00	CHANGE
ATENA02	50.00	100.00	50.00	100.00	SAME
ATERB01	0.00	0.00	0.00	0.00	SAME
ATERM01	100.00	100.00	0.00	0.00	CHANGE
ATERM02	20.00	400.00	20.00	400.00	SAME
ATERM03	50.00	100.00	50.00	100.00	SAME
ATERM04	20.00	400.00	20.00	400.00	SAME
ATERO01	240.00	5.00	0.00	0.00	CHANGE
ATERO02	180.00	10.00	180.00	10.00	SAME
ATERO03	180.00	10.00	180.00	10.00	SAME
ATERO04	180.00	10.00	180.00	10.00	SAME
ATERO05	210.00	5.00	0.00	0.00	CHANGE
ATERO06	10.00	5.00	10.00	5.00	SAME
ATERO07	400.00	5.00	0.00	0.00	CHANGE
ATERO08	400.00	5.00	0.00	0.00	CHANGE
ATERO09	10.00	5.00	0.00	0.00	CHANGE
ATERO10	400.00	15.00	400.00	15.00	SAME
ATERO11	480.00	10.00	480.00	10.00	SAME
ATERO12	240.00	10.00	240.00	10.00	SAME
ATERO13	240.00	10.00	240.00	10.00	SAME
ATERO14	240.00	10.00	0.00	0.00	CHANGE
ATHRO01	20.00	250.00	20.00	250.00	SAME
ATHRO02	20.00	100.00	20.00	100.00	SAME
ATHRO03	20.00	500.00	20.00	500.00	SAME
ATHRO04	48.00	100.00	48.00	100.00	SAME
ATIEZ01	80.00	250.00	80.00	250.00	SAME
ATIEZ02	20.00	1000.00	20.00	1000.00	SAME
ATIEZ03	40.00	500.00	40.00	500.00	SAME
ATIEZ05	40.00	500.00	0.00	0.00	CHANGE
ATIGO01	200.00	25.00	200.00	25.00	SAME
ATIMB01	1.00	100.00	0.00	0.00	CHANGE
ATIMU01	200.00	10.00	0.00	0.00	CHANGE
ATIMU02	120.00	20.00	0.00	0.00	CHANGE
ATIMU03	180.00	10.00	180.00	10.00	SAME
ATIMU04	200.00	10.00	0.00	0.00	CHANGE
ATIMU05	120.00	20.00	120.00	20.00	SAME
ATIMU06	300.00	20.00	0.00	0.00	CHANGE
ATIMU07	10.00	0.00	0.00	0.00	CHANGE
ATIMU08	240.00	25.00	240.00	25.00	SAME
ATIMU09	240.00	20.00	240.00	20.00	SAME
ATIMU10	10.00	20.00	0.00	0.00	CHANGE
ATIMU11	480.00	10.00	480.00	10.00	SAME
ATIMU12	300.00	10.00	300.00	10.00	SAME
ATIMU13	120.00	20.00	120.00	20.00	SAME
ATIMU14	15.00	20.00	0.00	0.00	CHANGE
ATIMU15	180.00	10.00	180.00	10.00	SAME
ATIMU16	240.00	20.00	240.00	20.00	SAME
ATIMU17	10.00	20.00	0.00	0.00	CHANGE
ATIMU18	120.00	20.00	0.00	0.00	CHANGE
ATIMU19	120.00	20.00	120.00	20.00	SAME
ATIMU20	240.00	10.00	240.00	10.00	SAME
ATIMU21	120.00	20.00	120.00	20.00	SAME
ATIMU22	240.00	10.00	240.00	10.00	SAME
ATIMU23	180.00	0.00	180.00	1.00	CHANGE
ATIMU24	180.00	10.00	180.00	10.00	SAME
ATIMU25	270.00	10.00	270.00	10.00	SAME
ATIMU26	1.00	5.00	0.00	0.00	CHANGE
ATIMU27	1.00	0.00	0.00	0.00	CHANGE
ATIMU28	1.00	5.00	0.00	0.00	CHANGE
ATIMU29	120.00	20.00	120.00	20.00	SAME
ATIMU30	120.00	20.00	120.00	20.00	SAME
ATIMU31	0.00	0.00	0.00	0.00	SAME
ATIMU33	0.00	0.00	0.00	0.00	SAME
ATINK01	1.00	200.00	0.00	0.00	CHANGE
ATINK02	40.00	200.00	1.00	1.00	CHANGE
ATOBA01	20.00	500.00	20.00	500.00	SAME
ATOMA01	10.00	5.00	0.00	0.00	CHANGE
ATOMA02	1.00	0.00	0.00	0.00	CHANGE
ATOMA03	180.00	10.00	0.00	0.00	CHANGE
ATOMA04	180.00	10.00	180.00	10.00	SAME
ATOMA05	240.00	5.00	240.00	5.00	SAME
ATOMA06	240.00	5.00	0.00	0.00	CHANGE
ATOMA07	450.00	5.00	450.00	5.00	SAME
ATOMA08	240.00	5.00	240.00	5.00	SAME
ATOMA09	500.00	5.00	0.00	0.00	CHANGE
ATOMA10	10.00	10.00	0.00	0.00	CHANGE
ATOMA11	1.00	1000.00	0.00	0.00	CHANGE
ATOMA12	600.00	5.00	600.00	5.00	SAME
ATOMA13	500.00	5.00	0.00	0.00	CHANGE
ATOMA14	600.00	5.00	600.00	5.00	SAME
ATOMA15	50.00	0.50	0.00	0.00	CHANGE
ATOMA16	240.00	5.00	240.00	5.00	SAME
ATOMA17	20.00	10.00	0.00	0.00	CHANGE
ATOMA18	10.00	5.00	0.00	0.00	CHANGE
ATOMA19	10.00	5.00	0.00	0.00	CHANGE
ATOMA20	240.00	5.00	240.00	5.00	SAME
ATOMA21	240.00	5.00	240.00	5.00	SAME
ATOMA22	25.00	5.00	0.00	0.00	CHANGE
ATOMA23	240.00	0.00	240.00	1.00	CHANGE
ATOMA24	240.00	5.00	240.00	5.00	SAME
ATOMA25	1.00	1.00	0.00	0.00	CHANGE
ATOMA26	1.00	5.00	0.00	0.00	CHANGE
ATOMA27	480.00	5.00	480.00	5.00	SAME
ATOMA28	240.00	1.00	240.00	1.00	SAME
ATOMA29	240.00	5.00	240.00	5.00	SAME
ATOMA30	240.00	1.00	240.00	1.00	SAME
ATOMA31	0.00	0.00	0.00	0.00	SAME
ATOMA32	400.00	5.00	0.00	0.00	CHANGE
ATONI01	24.00	500.00	0.00	0.00	CHANGE
ATONI02	24.00	500.00	0.00	0.00	CHANGE
ATONI03	40.00	250.00	0.00	0.00	CHANGE
ATOPA01	50.00	100.00	50.00	100.00	SAME
ATOPB01	1.00	50.00	0.00	0.00	CHANGE
ATOPB02	25.00	100.00	25.00	100.00	SAME
ATOPI01	100.00	100.00	100.00	100.00	SAME
ATOPJ01	20.00	1000.00	20.00	1000.00	SAME
ATOPS01	144.00	85.00	0.00	0.00	CHANGE
ATOPS02	30.00	450.00	30.00	450.00	SAME
ATOPS03	144.00	85.00	0.00	0.00	CHANGE
ATOPS04	30.00	450.00	30.00	450.00	SAME
ATOPS05	24.00	250.00	24.00	250.00	SAME
ATOPS06	20.00	500.00	20.00	500.00	SAME
ATOPS07	100.00	100.00	100.00	100.00	SAME
ATOPS08	20.00	500.00	20.00	500.00	SAME
ATOPS09	25.00	100.00	0.00	0.00	CHANGE
ATOPS10	150.00	85.00	0.00	0.00	CHANGE
ATOPS11	150.00	85.00	0.00	0.00	CHANGE
ATOPSI01	0.00	0.00	0.00	0.00	SAME
ATORI01	5.00	100.00	0.00	0.00	CHANGE
ATORS01	100.00	100.00	100.00	100.00	SAME
ATOSB01	20.00	400.00	0.00	0.00	CHANGE
ATOSB02	50.00	250.00	50.00	250.00	SAME
ATOSB03	30.00	400.00	30.00	400.00	SAME
ATOXA01	1.00	0.00	0.00	0.00	CHANGE
ATREB01	50.00	100.00	0.00	0.00	CHANGE
ATREE01	1.00	0.00	0.00	0.00	CHANGE
ATRIC01	0.00	0.00	0.00	0.00	SAME
ATRIC02	0.00	0.00	0.00	0.00	SAME
ATRID01	10.00	1000.00	10.00	1000.00	SAME
ATRIG01	100.00	5.00	100.00	5.00	SAME
ATRIG02	100.00	50.00	0.00	0.00	CHANGE
ATRIP01	100.00	50.00	100.00	50.00	SAME
ATRIP02	60.00	50.00	1.00	1.00	CHANGE
ATRIS01	20.00	500.00	20.00	500.00	SAME
ATRIS02	50.00	200.00	50.00	200.00	SAME
ATRIV01	200.00	50.00	200.00	50.00	SAME
ATRIV02	50.00	200.00	50.00	200.00	SAME
ATUNT01	20.00	1000.00	20.00	1000.00	SAME
ATUNT03	20.00	1000.00	20.00	1000.00	SAME
ATURM01	0.00	0.00	0.00	0.00	SAME
ATUTU01	1.00	14000.00	0.00	0.00	CHANGE
ATUTU02	1.00	17000.00	0.00	0.00	CHANGE
ATUTU03	1.00	0.00	0.00	0.00	CHANGE
ATUTU04	1.00	0.00	0.00	0.00	CHANGE
ATUTU05	1.00	20000.00	0.00	0.00	CHANGE
ATUTU06	0.00	0.00	0.00	0.00	SAME
ATUTU07	0.00	0.00	0.00	0.00	SAME
ATUTU08	0.00	0.00	0.00	0.00	SAME
ATUTU09	0.00	0.00	0.00	0.00	SAME
ATUTU10	0.00	0.00	0.00	0.00	SAME
AULAT01	0.00	0.00	0.00	0.00	SAME
AUNIF01	0.00	0.00	0.00	0.00	SAME
AUNIH01	0.00	0.00	0.00	0.00	SAME
AUNIH02	0.00	0.00	0.00	0.00	SAME
AUNIH03	0.00	0.00	0.00	0.00	SAME
AUNIH04	0.00	0.00	0.00	0.00	SAME
AUNIH05	0.00	0.00	0.00	0.00	SAME
AUNIL01	100.00	100.00	100.00	100.00	SAME
AUNIL02	20.00	500.00	0.00	0.00	CHANGE
AUNIQ01	10.00	1000.00	10.00	1000.00	SAME
AUNIR01	20.00	400.00	0.00	0.00	CHANGE
AUNIS01	0.00	0.00	0.00	0.00	SAME
AUPRI01	50.00	100.00	50.00	100.00	SAME
AUPRI02	1.00	100.00	0.00	0.00	CHANGE
AUPRI04	20.00	250.00	1.00	1.00	CHANGE
AURAN01	1.00	1000.00	0.00	0.00	CHANGE
AUTHA01	1.00	1000.00	0.00	0.00	CHANGE
AUTHA02	10.00	800.00	1.00	1.00	CHANGE
AVALE01	20.00	500.00	20.00	500.00	SAME
AVALI01	40.00	200.00	40.00	200.00	SAME
AVALI02	160.00	50.00	160.00	50.00	SAME
AVALI03	20.00	500.00	20.00	500.00	SAME
AVALL01	0.00	0.00	0.00	0.00	SAME
AVALL02	10.00	1000.00	1.00	1.00	CHANGE
AVAND01	100.00	100.00	0.00	0.00	CHANGE
AVAND02	120.00	100.00	120.00	100.00	SAME
AVAYE01	100.00	100.00	0.00	0.00	CHANGE
AVENO01	100.00	100.00	0.00	0.00	CHANGE
AVENT01	1.00	400.00	0.00	0.00	CHANGE
AVENT02	50.00	50.00	0.00	0.00	CHANGE
AVERP01	25.00	400.00	1.00	1.00	CHANGE
AVERT01	50.00	100.00	50.00	100.00	SAME
AVETO01	1.00	100.00	0.00	0.00	CHANGE
AVIAR01	10.00	1000.00	10.00	1000.00	SAME
AVIAR02	10.00	1000.00	10.00	1000.00	SAME
AVIAR03	40.00	250.00	40.00	250.00	SAME
AVICT01	25.00	400.00	25.00	400.00	SAME
AVICT02	20.00	1000.00	20.00	1000.00	SAME
AVIRT01	200.00	10.00	200.00	10.00	SAME
AVIRT02	100.00	50.00	100.00	50.00	SAME
AVIRT03	50.00	100.00	50.00	100.00	SAME
AVISH01	100.00	100.00	100.00	100.00	SAME
AVISH02	20.00	500.00	20.00	500.00	SAME
AVIST01	16.00	1000.00	16.00	1000.00	SAME
AVIST02	20.00	500.00	20.00	500.00	SAME
AVIST03	50.00	200.00	50.00	200.00	SAME
AVIST04	1.00	100.00	0.00	0.00	CHANGE
AVIST05	50.00	200.00	50.00	200.00	SAME
AVIST07	16.00	1000.00	16.00	1000.00	SAME
AVOLI01	50.00	100.00	50.00	100.00	SAME
AVOLT01	1.00	0.00	0.00	0.00	CHANGE
AVPRO01	1.00	1000.00	0.00	0.00	CHANGE
AVPRO02	1.00	1000.00	0.00	0.00	CHANGE
AVPRO03	1.00	50.00	0.00	0.00	CHANGE
AWALA01	20.00	1000.00	20.00	1000.00	SAME
AWALA02	25.00	400.00	25.00	400.00	SAME
AWENA01	30.00	400.00	0.00	0.00	CHANGE
AWEND01	100.00	100.00	100.00	100.00	SAME
AWEND02	20.00	500.00	0.00	0.00	CHANGE
AWEND03	20.00	500.00	20.00	500.00	SAME
AWEND04	100.00	100.00	0.00	0.00	CHANGE
AWEND05	0.00	0.00	0.00	0.00	SAME
AWEND06	100.00	100.00	100.00	100.00	SAME
AWETC01	24.00	500.00	24.00	500.00	SAME
AWETO01	40.00	200.00	0.00	0.00	CHANGE
AWIN01	500.00	10.00	500.00	10.00	SAME
AWIND01	110.00	100.00	110.00	100.00	SAME
AWIND02	80.00	100.00	80.00	100.00	SAME
AWIND04	10.00	500.00	10.00	500.00	SAME
AWOKO01	50.00	100.00	0.00	0.00	CHANGE
AXALE01	50.00	100.00	0.00	0.00	CHANGE
AXEMC01	48.00	100.00	48.00	100.00	SAME
AXYCO01	20.00	400.00	20.00	400.00	SAME
AYASI01	25.00	400.00	0.00	0.00	CHANGE
AYOKO01	50.00	100.00	50.00	100.00	SAME
AYOTO01	118.00	120.00	118.00	120.00	SAME
AYOTO02	1.00	0.00	0.00	0.00	CHANGE
AZACA01	1.00	50000.00	1.00	50000.00	SAME
AZALA01	1.00	50000.00	1.00	50000.00	SAME
AZATA01	1.00	50000.00	1.00	50000.00	SAME
AZENI01	5.00	100.00	0.00	0.00	CHANGE
AZENP01	60.00	100.00	60.00	100.00	SAME
AZENP02	40.00	250.00	40.00	250.00	SAME
AZENP03	24.00	500.00	24.00	500.00	SAME
AZEPH01	80.00	250.00	80.00	250.00	SAME
AZINC01	1200.00	1.00	1200.00	1.00	SAME
AZINT01	50.00	60.00	0.00	0.00	CHANGE
AZYLE01	20.00	1000.00	0.00	0.00	CHANGE
CAGRO01	450.00	35.00	450.00	35.00	SAME
CAMCO01	1.00	20000.00	1.00	20000.00	SAME
CAMCO02	4.00	5000.00	4.00	5000.00	SAME
CAMCO03	50.00	100.00	50.00	100.00	SAME
CAMCO04	20.00	1000.00	20.00	1000.00	SAME
CAMCO05	20.00	1000.00	1.00	1.00	CHANGE
CAMCO06	4.00	5000.00	1.00	1.00	CHANGE
CAMCO07	1.00	20000.00	1.00	1.00	CHANGE
CAMOR01	15.00	1000.00	15.00	1000.00	SAME
CBABL01	4.00	5000.00	0.00	0.00	CHANGE
CBABL02	1.00	20000.00	0.00	0.00	CHANGE
CBABL03	20.00	1000.00	0.00	0.00	CHANGE
CBABL04	20.00	500.00	20.00	500.00	SAME
CBAS01	0.00	0.00	1.00	1.00	CHANGE
CBAS02	0.00	0.00	1.00	1.00	CHANGE
CBASC01	0.00	0.00	1.00	1.00	CHANGE
CBASC02	0.00	0.00	1.00	1.00	CHANGE
CBASR01	20.00	1000.00	20.00	1000.00	SAME
CBAYA01	35.00	500.00	1.00	1.00	CHANGE
CBAZA01	20.00	1000.00	20.00	1000.00	SAME
CBAZA02	20.00	500.00	1.00	1.00	CHANGE
CBENA01	1.00	1000.00	1.00	1000.00	SAME
CBENU01	20.00	1000.00	1.00	1.00	CHANGE
CBENU02	4.00	5000.00	1.00	1.00	CHANGE
CBENU03	1.00	20000.00	1.00	1.00	CHANGE
CBENU04	40.00	500.00	0.00	0.00	CHANGE
CBENX01	0.00	0.00	1.00	1.00	CHANGE
CBENX02	4.00	5000.00	1.00	1.00	CHANGE
CBENX03	1.00	20000.00	1.00	1.00	CHANGE
CBION01	20.00	500.00	20.00	500.00	SAME
CBLUE01	20.00	1000.00	20.00	1000.00	SAME
CBORA01	1.00	25000.00	1.00	25000.00	SAME
CBORA02	20.00	1000.00	20.00	1000.00	SAME
CBORN01	20.00	800.00	0.00	0.00	CHANGE
CBRAU01	20.00	1000.00	1.00	1.00	CHANGE
CBRAU02	4.00	5000.00	1.00	1.00	CHANGE
CBRAU03	1.00	20000.00	0.00	0.00	CHANGE
CCABE01	180.00	10.00	1.00	1.00	CHANGE
CCABE02	180.00	10.00	180.00	10.00	SAME
CCABE03	180.00	10.00	0.00	0.00	CHANGE
CCABE04	180.00	10.00	1.00	1.00	CHANGE
CCABE05	180.00	10.00	180.00	10.00	SAME
CCABE06	0.00	0.00	0.00	0.00	SAME
CCABE07	180.00	10.00	180.00	10.00	SAME
CCALC01	20.00	1000.00	20.00	1000.00	SAME
CCAMI01	20.00	1000.00	0.00	0.00	CHANGE
CCAMI02	4.00	5000.00	0.00	0.00	CHANGE
CCAMI03	1.00	20000.00	0.00	0.00	CHANGE
CCAMI04	20.00	1000.00	1.00	1.00	CHANGE
CCAMI05	4.00	5000.00	1.00	1.00	CHANGE
CCAMI06	1.00	20000.00	1.00	1.00	CHANGE
CCELQ01	10.00	1000.00	10.00	1000.00	SAME
CCELQ02	4.00	5000.00	0.00	0.00	CHANGE
CCELQ03	1.00	20000.00	0.00	0.00	CHANGE
CCENT01	20.00	400.00	20.00	400.00	SAME
CCHIE01	20.00	1000.00	1.00	1.00	CHANGE
CCHIE02	4.00	5000.00	1.00	1.00	CHANGE
CCHIE03	1.00	20000.00	1.00	1.00	CHANGE
CCKEL01	20.00	1000.00	1.00	1.00	CHANGE
CDRYU01	20.00	1000.00	20.00	1000.00	SAME
CDRYU02	4.00	5000.00	4.00	5000.00	SAME
CDRYU03	1.00	20000.00	1.00	20000.00	SAME
CDUET01	1.00	20000.00	0.00	0.00	CHANGE
CDUET02	4.00	5000.00	0.00	0.00	CHANGE
CEBEN01	0.00	0.00	1.00	1.00	CHANGE
CEBEN02	0.00	0.00	1.00	1.00	CHANGE
CEMAC01	50.00	100.00	50.00	100.00	SAME
CEMAC02	40.00	250.00	40.00	250.00	SAME
CEMAC03	20.00	500.00	20.00	500.00	SAME
CGEMA01	20.00	500.00	20.00	500.00	SAME
CGEMA02	1.00	20000.00	0.00	0.00	CHANGE
CGEMA03	20.00	1000.00	20.00	1000.00	SAME
CGEMA04	4.00	5000.00	0.00	0.00	CHANGE
CGEMA05	20.00	1000.00	20.00	1000.00	SAME
CGEMA06	10.00	2000.00	10.00	2000.00	SAME
CGEMA07	20.00	500.00	20.00	500.00	SAME
CGLIF01	20.00	1000.00	1.00	1.00	CHANGE
CGLIF02	4.00	5000.00	0.00	0.00	CHANGE
CGLIF03	1.00	20000.00	0.00	0.00	CHANGE
CGLIF04	20.00	1000.00	0.00	0.00	CHANGE
CGLIF05	4.00	5000.00	0.00	0.00	CHANGE
CGLIF06	1.00	20000.00	1.00	1.00	CHANGE
CGLUF01	20.00	1000.00	1.00	1.00	CHANGE
CGLUF02	4.00	5000.00	1.00	1.00	CHANGE
CGOLD01	10.00	1000.00	1.00	1.00	CHANGE
CJAGU01	40.00	250.00	1.00	1.00	CHANGE
CJAGU02	40.00	250.00	1.00	1.00	CHANGE
CJOKE01	50.00	100.00	50.00	100.00	SAME
CKACA01	30.00	500.00	0.00	0.00	CHANGE
CKACA02	30.00	500.00	1.00	1.00	CHANGE
CKANG01	40.00	500.00	0.00	0.00	CHANGE
CKANG02	40.00	500.00	40.00	500.00	SAME
CKANG03	40.00	500.00	1.00	1.00	CHANGE
CKNO301	10.00	2000.00	10.00	2000.00	SAME
CKNO307	10.00	2000.00	10.00	2000.00	SAME
CKOVI01	10.00	1000.00	10.00	1000.00	SAME
CKRES01	20.00	1000.00	20.00	1000.00	SAME
CKRES02	200.00	100.00	200.00	100.00	SAME
CKSPT01	1.00	50000.00	1.00	50000.00	SAME
CLABU01	180.00	10.00	180.00	10.00	SAME
CLABU02	120.00	20.00	1.00	1.00	CHANGE
CLABU03	180.00	10.00	1.00	1.00	CHANGE
CLANN01	100.00	100.00	100.00	100.00	SAME
CLANN02	100.00	100.00	100.00	100.00	SAME
CLANN03	1000.00	15.00	1000.00	15.00	SAME
CLANN04	40.00	250.00	40.00	250.00	SAME
CLANN05	20.00	500.00	20.00	500.00	SAME
CMEGA01	20.00	1000.00	20.00	1000.00	SAME
CMEGA02	4.00	5000.00	4.00	5000.00	SAME
CMEGA03	1.00	20000.00	1.00	20000.00	SAME
CMELO01	120.00	20.00	120.00	20.00	SAME
CMETS01	40.00	50.00	40.00	50.00	SAME
CMETS02	20.00	100.00	20.00	100.00	SAME
CMETS03	20.00	250.00	20.00	250.00	SAME
CMETS04	200.00	40.00	200.00	40.00	SAME
CMETS05	20.00	200.00	20.00	200.00	SAME
CMONE01	20.00	400.00	20.00	400.00	SAME
CMONE02	20.00	1000.00	20.00	1000.00	SAME
CMONE03	40.00	200.00	40.00	200.00	SAME
CMOPK01	1.00	50000.00	1.00	50000.00	SAME
CMULS01	1.00	9000.00	1.00	9000.00	SAME
CMULS02	1.00	18000.00	1.00	18000.00	SAME
CMULS03	1.00	18000.00	1.00	18000.00	SAME
CMULS04	1.00	9000.00	1.00	9000.00	SAME
CMULS05	1.00	5500.00	1.00	5500.00	SAME
CNITT01	0.00	0.00	1.00	1.00	CHANGE
CNOXO01	20.00	1000.00	20.00	1000.00	SAME
CNOXO02	4.00	5000.00	0.00	0.00	CHANGE
CNOXO03	4.00	5000.00	0.00	0.00	CHANGE
CNOXO04	20.00	1000.00	0.00	0.00	CHANGE
CNOXO05	1.00	20000.00	0.00	0.00	CHANGE
CNPKB01	1.00	50000.00	1.00	50000.00	SAME
CNPKB02	20.00	1000.00	20.00	1000.00	SAME
CNPKB03	10.00	5000.00	10.00	5000.00	SAME
CNPKC01	20.00	1000.00	20.00	1000.00	SAME
CNPKC02	1.00	50000.00	1.00	50000.00	SAME
CNPKC03	20.00	1000.00	20.00	1000.00	SAME
CNPKC04	10.00	5000.00	10.00	5000.00	SAME
CNPKC05	10.00	5000.00	10.00	5000.00	SAME
CNPKC06	1.00	50000.00	1.00	50000.00	SAME
CNPKM01	1.00	50000.00	1.00	50000.00	SAME
CNPKS01	8.00	5000.00	0.00	0.00	CHANGE
CNPKS02	1.00	25000.00	1.00	25000.00	SAME
CNPKS03	8.00	5000.00	0.00	0.00	CHANGE
CNUCL01	20.00	1000.00	20.00	1000.00	SAME
CNUCL02	4.00	5000.00	4.00	5000.00	SAME
CONEU01	20.00	1000.00	20.00	1000.00	SAME
CONEU02	4.00	5000.00	4.00	5000.00	SAME
CPARA01	20.00	1000.00	20.00	1000.00	SAME
CPARA02	4.00	5000.00	1.00	1.00	CHANGE
CPARA03	1.00	20000.00	1.00	20000.00	SAME
CPARE01	120.00	20.00	1.00	1.00	CHANGE
CPARE02	180.00	10.00	1.00	1.00	CHANGE
CPARE03	120.00	20.00	1.00	1.00	CHANGE
CPARE04	180.00	10.00	0.00	0.00	CHANGE
CPILA01	20.00	1000.00	20.00	1000.00	SAME
CPILA02	4.00	5000.00	4.00	5000.00	SAME
CPILA03	1.00	20000.00	1.00	20000.00	SAME
CPOLY01	1.00	15.00	1.00	15.00	SAME
CPOLY02	1.00	15.00	1.00	15.00	SAME
CPOLY03	1.00	25.00	1.00	25.00	SAME
CPOLY04	1.00	20.00	1.00	20.00	SAME
CPOLY05	1.00	1.00	1.00	1.00	SAME
CPOLY06	1.00	30.00	1.00	1.00	CHANGE
CPOLY07	1.00	35.00	1.00	35.00	SAME
CPOLY08	1.00	40.00	1.00	40.00	SAME
CPOLY09	1.00	45.00	1.00	45.00	SAME
CPOLY10	1.00	50.00	1.00	50.00	SAME
CPOLY11	1.00	30.00	1.00	30.00	SAME
CPOLY12	1.00	25.00	1.00	25.00	SAME
CPOLY13	1.00	30.00	1.00	30.00	SAME
CPOLY14	1.00	40.00	1.00	40.00	SAME
CPOLY15	1.00	40.00	1.00	1.00	CHANGE
CPOLY16	1.00	35.00	1.00	1.00	CHANGE
CPOLY17	1.00	1.00	1.00	1.00	SAME
CPOTT01	100.00	1.00	100.00	1.00	SAME
CPOTT02	100.00	1.00	100.00	1.00	SAME
CPOTT03	100.00	1.00	100.00	1.00	SAME
CPOTT04	100.00	1.00	1.00	1.00	CHANGE
CPRIM01	20.00	1000.00	0.00	0.00	CHANGE
CPRIM02	1.00	20000.00	0.00	0.00	CHANGE
CPRIM03	4.00	5000.00	0.00	0.00	CHANGE
CPROT01	20.00	500.00	0.00	0.00	CHANGE
CPROT02	20.00	1000.00	0.00	0.00	CHANGE
CPUPU01	20.00	1000.00	20.00	1000.00	SAME
CQUAT01	20.00	500.00	1.00	1.00	CHANGE
CQUAT02	20.00	1000.00	1.00	1.00	CHANGE
CQUAT03	4.00	5000.00	1.00	1.00	CHANGE
CQUAT04	1.00	20000.00	1.00	1.00	CHANGE
CRAJA01	50.00	80.00	50.00	80.00	SAME
CRAJA02	25.00	400.00	25.00	400.00	SAME
CRAMB01	20.00	1000.00	20.00	1000.00	SAME
CRAMB02	4.00	5000.00	4.00	5000.00	SAME
CRAMB03	1.00	20000.00	1.00	20000.00	SAME
CRATO01	1000.00	10.00	1000.00	10.00	SAME
CREXM01	20.00	1000.00	20.00	1000.00	SAME
CREXM02	24.00	400.00	24.00	400.00	SAME
CREXR01	20.00	500.00	20.00	500.00	SAME
CROLI01	10.00	1000.00	10.00	1000.00	SAME
CROLL01	10.00	1000.00	10.00	1000.00	SAME
CROLL02	1.00	20000.00	1.00	20000.00	SAME
CSAWI01	180.00	10.00	180.00	10.00	SAME
CSCOR01	40.00	250.00	40.00	250.00	SAME
CSELA01	180.00	10.00	180.00	10.00	SAME
CSILO01	40.00	250.00	0.00	0.00	CHANGE
CSILO02	20.00	500.00	0.00	0.00	CHANGE
CSINA01	20.00	1000.00	20.00	1000.00	SAME
CSINA02	4.00	5000.00	1.00	1.00	CHANGE
CSINA03	1.00	20000.00	1.00	1.00	CHANGE
CSLAY01	20.00	1000.00	1.00	1.00	CHANGE
CSLAY02	4.00	5000.00	1.00	1.00	CHANGE
CSLAY03	1.00	20000.00	1.00	1.00	CHANGE
CSMK01	120.00	20.00	120.00	20.00	SAME
CSMK02	120.00	20.00	120.00	20.00	SAME
CSPON01	10.00	1000.00	10.00	1000.00	SAME
CSPRA01	1.00	1.00	0.00	0.00	CHANGE
CSUKE01	0.00	0.00	1.00	1.00	CHANGE
CSUKE02	0.00	0.00	1.00	1.00	CHANGE
CSUPO01	20.00	500.00	1.00	1.00	CHANGE
CSUPO02	20.00	1000.00	1.00	1.00	CHANGE
CTALI01	40.00	600.00	40.00	600.00	SAME
CTANG01	1.00	0.00	1.00	1.00	CHANGE
CTANG02	1.00	16000.00	1.00	16000.00	SAME
CTANG03	1.00	1.00	1.00	1.00	SAME
CTERB01	20.00	1000.00	1.00	1.00	CHANGE
CTERB02	4.00	5000.00	1.00	1.00	CHANGE
CTERB03	1.00	20000.00	1.00	1.00	CHANGE
CTERO01	240.00	5.00	240.00	5.00	SAME
CTERO02	180.00	10.00	180.00	10.00	SAME
CTERO03	180.00	10.00	1.00	1.00	CHANGE
CTERO04	180.00	10.00	1.00	1.00	CHANGE
CTIMT01	1.00	20000.00	1.00	20000.00	SAME
CTIMU01	120.00	20.00	120.00	20.00	SAME
CTIMU02	0.00	0.00	1.00	1.00	CHANGE
CTIMU03	180.00	10.00	1.00	1.00	CHANGE
CTIMU04	0.00	0.00	1.00	1.00	CHANGE
CTIMU05	120.00	20.00	120.00	20.00	SAME
CTOMA01	180.00	10.00	1.00	1.00	CHANGE
CTOPJ01	20.00	1000.00	1.00	1.00	CHANGE
CTOPJ02	4.00	5000.00	1.00	1.00	CHANGE
CTOPJ03	1.00	20000.00	1.00	1.00	CHANGE
CTOPJ04	20.00	1000.00	1.00	1.00	CHANGE
CTOPJ05	4.00	5000.00	1.00	1.00	CHANGE
CTOPJ06	1.00	20000.00	1.00	1.00	CHANGE
CTOPN01	50.00	100.00	0.00	0.00	CHANGE
CTRIC01	50.00	100.00	50.00	100.00	SAME
CTRIC02	50.00	250.00	50.00	250.00	SAME
CTSP01	1.00	50000.00	1.00	50000.00	SAME
CTURB01	20.00	500.00	1.00	1.00	CHANGE
CTURB02	20.00	1000.00	1.00	1.00	CHANGE
CTURB03	4.00	5000.00	1.00	1.00	CHANGE
CTURB04	1.00	20000.00	1.00	1.00	CHANGE
CTURB05	20.00	1000.00	1.00	1.00	CHANGE
CTURB06	4.00	5000.00	1.00	1.00	CHANGE
CTURB07	1.00	20000.00	1.00	1.00	CHANGE
CUSPA01	10.00	5000.00	10.00	5000.00	SAME
CUSPA02	1.00	25000.00	1.00	25000.00	SAME
CVIAR01	10.00	1000.00	10.00	1000.00	SAME
CVIAR02	40.00	250.00	40.00	250.00	SAME
CWISA01	12.00	1000.00	1.00	1.00	CHANGE
QABAC01	10.00	1000.00	10.00	1000.00	SAME
QABAC02	100.00	100.00	0.00	0.00	CHANGE
QABAC03	20.00	500.00	20.00	500.00	SAME
QABAC04	40.00	250.00	40.00	250.00	SAME
QABAC05	48.00	100.00	48.00	100.00	SAME
QABAC06	24.00	200.00	24.00	200.00	SAME
QABAC07	50.00	100.00	50.00	100.00	SAME
QABAD01	120.00	40.00	120.00	40.00	SAME
QABAD02	400.00	10.00	400.00	10.00	SAME
QABAS01	50.00	100.00	50.00	100.00	SAME
QABAS02	40.00	250.00	40.00	250.00	SAME
QABEN01	100.00	100.00	100.00	100.00	SAME
QABEN02	40.00	250.00	40.00	250.00	SAME
QABOJ01	100.00	100.00	100.00	100.00	SAME
QABOJ02	200.00	50.00	200.00	50.00	SAME
QABSI01	100.00	100.00	100.00	100.00	SAME
QABSI02	50.00	200.00	50.00	200.00	SAME
QABSI03	20.00	500.00	20.00	500.00	SAME
QABSI04	20.00	1000.00	20.00	1000.00	SAME
QABUK01	20.00	500.00	20.00	500.00	SAME
QABUK02	50.00	100.00	50.00	100.00	SAME
QABUK03	20.00	250.00	20.00	250.00	SAME
QACAP01	40.00	100.00	40.00	100.00	SAME
QACAP02	50.00	100.00	50.00	100.00	SAME
QACCO01	20.00	500.00	20.00	500.00	SAME
QACCO02	15.00	1000.00	15.00	1000.00	SAME
QACCO03	50.00	100.00	50.00	100.00	SAME
QACCU01	1.00	1000.00	1.00	1000.00	SAME
QACCU02	1.00	1000.00	1.00	1000.00	SAME
QACCU03	1.00	0.00	1.00	1.00	CHANGE
QACCU05	1.00	0.00	1.00	1.00	CHANGE
QACCU06	0.00	0.00	1.00	1.00	CHANGE
QACEM01	80.00	100.00	80.00	100.00	SAME
QACEM02	20.00	400.00	20.00	400.00	SAME
QACEO01	100.00	100.00	0.00	0.00	CHANGE
QACEO02	25.00	400.00	0.00	0.00	CHANGE
QACEO03	20.00	400.00	0.00	0.00	CHANGE
QACEO04	50.00	100.00	0.00	0.00	CHANGE
QACHL01	60.00	100.00	60.00	100.00	SAME
QACL01	50.00	200.00	50.00	200.00	SAME
QACL02	25.00	400.00	25.00	400.00	SAME
QACRO01	320.00	10.00	0.00	0.00	CHANGE
QACRO02	1.00	20000.00	1.00	20000.00	SAME
QACRO03	120.00	40.00	0.00	0.00	CHANGE
QACTA01	100.00	10.00	100.00	10.00	SAME
QACTE01	10.00	1000.00	10.00	1000.00	SAME
QACTI01	25.00	500.00	25.00	500.00	SAME
QACTI02	30.00	250.00	30.00	250.00	SAME
QACTI03	20.00	500.00	1.00	1.00	CHANGE
QACTI04	12.00	1000.00	1.00	1.00	CHANGE
QACTI05	20.00	500.00	1.00	1.00	CHANGE
QACTI06	20.00	1000.00	1.00	1.00	CHANGE
QADEM01	0.00	0.00	1.00	1.00	CHANGE
QADEN01	100.00	100.00	100.00	100.00	SAME
QADEN02	100.00	50.00	100.00	50.00	SAME
QADMI01	200.00	50.00	200.00	50.00	SAME
QADMI02	20.00	1000.00	20.00	1000.00	SAME
QADOC01	100.00	100.00	100.00	100.00	SAME
QADOC02	100.00	50.00	100.00	50.00	SAME
QADOC03	40.00	250.00	40.00	250.00	SAME
QADRI01	50.00	100.00	50.00	100.00	SAME
QADRI02	40.00	250.00	1.00	1.00	CHANGE
QAFON01	20.00	500.00	20.00	500.00	SAME
QAFON02	40.00	250.00	40.00	250.00	SAME
QAFON03	100.00	50.00	100.00	50.00	SAME
QAFON04	100.00	100.00	100.00	100.00	SAME
QAGAP01	50.00	80.00	0.00	0.00	CHANGE
QAGAP02	40.00	200.00	0.00	0.00	CHANGE
QAGEN01	40.00	250.00	40.00	250.00	SAME
QAGEN02	50.00	100.00	50.00	100.00	SAME
QAGIL01	100.00	100.00	100.00	100.00	SAME
QAGIL02	40.00	250.00	40.00	250.00	SAME
QAGIL03	20.00	400.00	0.00	0.00	CHANGE
QAGRE01	120.00	50.00	120.00	50.00	SAME
QAGRI01	20.00	500.00	20.00	500.00	SAME
QAGRI02	100.00	50.00	100.00	50.00	SAME
QAGRI03	50.00	100.00	50.00	100.00	SAME
QAGRI04	12.00	1000.00	12.00	1000.00	SAME
QAGRI05	4.00	5000.00	0.00	0.00	CHANGE
QAGRI06	12.00	1000.00	12.00	1000.00	SAME
QAGRI07	40.00	250.00	0.00	0.00	CHANGE
QAGRO01	50.00	5.00	50.00	5.00	SAME
QAGRO02	450.00	35.00	450.00	35.00	SAME
QAGRO03	10.00	1000.00	10.00	1000.00	SAME
QAGRO04	25.00	500.00	25.00	500.00	SAME
QAGRO05	50.00	100.00	50.00	100.00	SAME
QAGRO06	50.00	250.00	50.00	250.00	SAME
QAGRO07	20.00	500.00	20.00	500.00	SAME
QAGRO08	20.00	500.00	20.00	500.00	SAME
QAGRO09	40.00	250.00	40.00	250.00	SAME
QAGRO10	50.00	100.00	50.00	100.00	SAME
QAGRO11	100.00	100.00	100.00	100.00	SAME
QAGUS01	100.00	100.00	100.00	100.00	SAME
QAGUS02	40.00	250.00	40.00	250.00	SAME
QAGXA01	50.00	100.00	1.00	1.00	CHANGE
QAGXA02	20.00	250.00	1.00	1.00	CHANGE
QAIPI01	24.00	500.00	24.00	500.00	SAME
QAIPI02	12.00	1000.00	12.00	1000.00	SAME
QAIPI03	6.00	2000.00	6.00	2000.00	SAME
QAJIN01	400.00	25.00	400.00	25.00	SAME
QAKAL01	10.00	1000.00	10.00	1000.00	SAME
QAKAL02	20.00	500.00	20.00	500.00	SAME
QAKAL03	40.00	250.00	40.00	250.00	SAME
QAKAR01	400.00	25.00	400.00	25.00	SAME
QAKAR02	100.00	100.00	100.00	100.00	SAME
QAKRO01	60.00	40.00	60.00	40.00	SAME
QAKRO02	100.00	100.00	100.00	100.00	SAME
QAKRO03	100.00	5.00	1.00	1.00	CHANGE
QALAM01	48.00	100.00	48.00	100.00	SAME
QALAM02	20.00	500.00	20.00	500.00	SAME
QALAT01	1.00	1.00	1.00	1.00	SAME
QALAT02	1.00	1.00	1.00	1.00	SAME
QALAT03	1.00	1.00	1.00	1.00	SAME
QALAT04	1.00	1.00	1.00	1.00	SAME
QALAT05	1.00	1000.00	1.00	1000.00	SAME
QALAT06	1.00	0.00	0.00	0.00	CHANGE
QALAT07	1.00	0.00	0.00	0.00	CHANGE
QALAT08	1.00	1000.00	1.00	1000.00	SAME
QALAT09	1.00	1000.00	1.00	1000.00	SAME
QALAT10	1.00	0.00	1.00	1.00	CHANGE
QALAT11	20.00	0.00	20.00	1.00	CHANGE
QALAT12	1.00	1000.00	1.00	1000.00	SAME
QALAT13	1.00	1000.00	1.00	1000.00	SAME
QALAT14	1.00	1000.00	1.00	1000.00	SAME
QALAT15	6.00	1000.00	6.00	1000.00	SAME
QALAT16	1.00	1000.00	1.00	1000.00	SAME
QALAT17	1.00	1.00	0.00	0.00	CHANGE
QALAT18	1.00	1.00	1.00	1.00	SAME
QALAT19	1.00	1.00	1.00	1.00	SAME
QALAT20	1.00	0.00	1.00	1.00	CHANGE
QALAT21	1.00	0.00	1.00	1.00	CHANGE
QALAT22	0.00	0.00	0.00	0.00	SAME
QALAT23	1.00	1.00	0.00	0.00	CHANGE
QALEX01	30.00	400.00	30.00	400.00	SAME
QALEX02	15.00	800.00	15.00	800.00	SAME
QALFA01	20.00	400.00	20.00	400.00	SAME
QALFA02	40.00	200.00	40.00	200.00	SAME
QALFA03	50.00	200.00	50.00	200.00	SAME
QALFA04	50.00	80.00	50.00	80.00	SAME
QALFA05	50.00	200.00	50.00	200.00	SAME
QALGO01	20.00	500.00	1.00	1.00	CHANGE
QALGO02	20.00	1000.00	1.00	1.00	CHANGE
QALI-01	200.00	5.00	200.00	5.00	SAME
QALIK01	100.00	50.00	100.00	50.00	SAME
QALIK02	40.00	250.00	40.00	250.00	SAME
QALIK03	50.00	100.00	50.00	100.00	SAME
QALIR01	200.00	5.00	200.00	5.00	SAME
QALLY01	200.00	40.00	200.00	40.00	SAME
QALLY02	200.00	5.00	200.00	5.00	SAME
QALMI01	20.00	250.00	20.00	250.00	SAME
QALMI02	500.00	100.00	500.00	100.00	SAME
QALMI03	100.00	50.00	100.00	50.00	SAME
QALMI04	40.00	250.00	40.00	250.00	SAME
QALMI05	50.00	100.00	1.00	1.00	CHANGE
QALMI06	40.00	250.00	1.00	1.00	CHANGE
QALMI07	20.00	500.00	1.00	1.00	CHANGE
QALTA01	40.00	250.00	40.00	250.00	SAME
QAMAB01	16.00	1000.00	16.00	1000.00	SAME
QAMAB02	20.00	400.00	20.00	400.00	SAME
QAMAN01	20.00	1000.00	20.00	1000.00	SAME
QAMAN02	4.00	5000.00	4.00	5000.00	SAME
QAMAN03	50.00	200.00	50.00	200.00	SAME
QAMAN04	40.00	400.00	40.00	400.00	SAME
QAMAZ01	40.00	200.00	40.00	200.00	SAME
QAMAZ02	50.00	80.00	50.00	80.00	SAME
QAMBE01	50.00	100.00	50.00	100.00	SAME
QAMBE02	40.00	250.00	40.00	250.00	SAME
QAMBI01	0.00	0.00	1.00	1.00	CHANGE
QAMCO01	400.00	5.00	400.00	5.00	SAME
QAMCO02	20.00	100.00	20.00	100.00	SAME
QAMCO03	50.00	100.00	50.00	100.00	SAME
QAMCO04	20.00	1000.00	20.00	1000.00	SAME
QAMCO05	20.00	1000.00	0.00	0.00	CHANGE
QAMCO06	4.00	5000.00	0.00	0.00	CHANGE
QAMCO07	1.00	20000.00	0.00	0.00	CHANGE
QAMCO08	20.00	500.00	20.00	500.00	SAME
QAMCO09	20.00	250.00	20.00	250.00	SAME
QAMCO10	20.00	1000.00	20.00	1000.00	SAME
QAMCO11	50.00	100.00	50.00	100.00	SAME
QAMCO12	20.00	1000.00	20.00	1000.00	SAME
QAMCO13	20.00	500.00	20.00	500.00	SAME
QAMCO14	20.00	1000.00	20.00	1000.00	SAME
QAMCO15	20.00	500.00	0.00	0.00	CHANGE
QAMCO16	40.00	250.00	40.00	250.00	SAME
QAMCO17	20.00	1000.00	20.00	1000.00	SAME
QAMCO18	4.00	5000.00	4.00	5000.00	SAME
QAMCO19	1.00	20000.00	1.00	20000.00	SAME
QAMEG01	20.00	1000.00	20.00	1000.00	SAME
QAMEG02	20.00	500.00	1.00	1.00	CHANGE
QAMET01	10.00	1000.00	10.00	1000.00	SAME
QAMET02	4.00	5000.00	4.00	5000.00	SAME
QAMET03	15.00	1000.00	15.00	1000.00	SAME
QAMFO01	20.00	500.00	20.00	500.00	SAME
QAMFU01	400.00	5.00	400.00	5.00	SAME
QAMIB01	20.00	500.00	0.00	0.00	CHANGE
QAMIB02	10.00	1000.00	0.00	0.00	CHANGE
QAMIB03	20.00	500.00	0.00	0.00	CHANGE
QAMIB04	10.00	1000.00	0.00	0.00	CHANGE
QAMIB05	20.00	500.00	0.00	0.00	CHANGE
QAMIB06	10.00	1000.00	0.00	0.00	CHANGE
QAMIB07	0.00	0.00	0.00	0.00	SAME
QAMIB08	20.00	250.00	0.00	0.00	CHANGE
QAMIB09	20.00	250.00	0.00	0.00	CHANGE
QAMIN01	20.00	500.00	20.00	500.00	SAME
QAMIN02	30.00	500.00	30.00	500.00	SAME
QAMIN03	100.00	100.00	100.00	100.00	SAME
QAMIN04	0.00	0.00	1.00	1.00	CHANGE
QAMIN05	0.00	0.00	1.00	1.00	CHANGE
QAMIR01	10.00	500.00	1.00	1.00	CHANGE
QAMIS01	100.00	50.00	100.00	50.00	SAME
QAMIS02	50.00	100.00	50.00	100.00	SAME
QAMIS03	20.00	250.00	20.00	250.00	SAME
QAMIT01	20.00	500.00	20.00	500.00	SAME
QAMMA01	20.00	50.00	20.00	50.00	SAME
QAMMA02	20.00	100.00	20.00	100.00	SAME
QAMMA03	40.00	50.00	40.00	50.00	SAME
QAMMA04	20.00	100.00	20.00	100.00	SAME
QAMMO01	1.00	50000.00	1.00	50000.00	SAME
QAMOL01	100.00	100.00	100.00	100.00	SAME
QAMOL02	40.00	250.00	40.00	250.00	SAME
QAMOP01	1.00	50000.00	1.00	50000.00	SAME
QAMOR01	15.00	1000.00	15.00	1000.00	SAME
QAMOR02	20.00	500.00	20.00	500.00	SAME
QAMOT01	100.00	100.00	100.00	100.00	SAME
QAMOT02	40.00	250.00	40.00	250.00	SAME
QAMOT03	40.00	250.00	0.00	0.00	CHANGE
QAMOT04	100.00	100.00	1.00	1.00	CHANGE
QAMPA01	20.00	1000.00	20.00	1000.00	SAME
QAMPA02	1.00	20000.00	1.00	20000.00	SAME
QAMPA03	4.00	5000.00	4.00	5000.00	SAME
QAMPL01	100.00	50.00	100.00	50.00	SAME
QAMUN01	20.00	400.00	20.00	400.00	SAME
QAMUN02	20.00	1000.00	20.00	1000.00	SAME
QAMUN03	50.00	100.00	50.00	100.00	SAME
QAMUR01	100.00	100.00	100.00	100.00	SAME
QAMUR02	40.00	250.00	40.00	250.00	SAME
QANDR01	50.00	80.00	50.00	80.00	SAME
QANDR02	20.00	200.00	20.00	200.00	SAME
QANDR03	20.00	400.00	20.00	400.00	SAME
QANET01	10.00	1000.00	10.00	1000.00	SAME
QANET02	30.00	500.00	30.00	500.00	SAME
QANET03	30.00	500.00	30.00	500.00	SAME
QANET04	50.00	100.00	0.00	0.00	CHANGE
QANET05	50.00	250.00	50.00	250.00	SAME
QANET06	10.00	1000.00	10.00	1000.00	SAME
QANET07	30.00	500.00	0.00	0.00	CHANGE
QANET08	50.00	250.00	0.00	0.00	CHANGE
QANMI01	40.00	250.00	40.00	250.00	SAME
QANPH01	20.00	250.00	20.00	250.00	SAME
QANTR01	12.00	1000.00	12.00	1000.00	SAME
QANTR02	20.00	500.00	20.00	500.00	SAME
QANTR03	40.00	250.00	40.00	250.00	SAME
QANTR04	80.00	250.00	80.00	250.00	SAME
QANTR05	100.00	100.00	1.00	1.00	CHANGE
QANVI01	10.00	1000.00	10.00	1000.00	SAME
QANVI02	40.00	250.00	40.00	250.00	SAME
QANWA01	20.00	500.00	20.00	500.00	SAME
QANWA02	16.00	1000.00	16.00	1000.00	SAME
QANWA03	50.00	100.00	50.00	100.00	SAME
QAOUT01	1.00	1.00	0.00	0.00	CHANGE
QAOUT02	1.00	1.00	0.00	0.00	CHANGE
QAPIR01	50.00	100.00	50.00	100.00	SAME
QAPIR02	20.00	250.00	20.00	250.00	SAME
QAPIS01	400.00	25.00	400.00	25.00	SAME
QAPIS02	100.00	100.00	100.00	100.00	SAME
QAPLU01	20.00	250.00	1.00	1.00	CHANGE
QAPPL01	100.00	100.00	100.00	100.00	SAME
QAPPL02	25.00	400.00	25.00	400.00	SAME
QAPRO01	100.00	100.00	100.00	100.00	SAME
QAPRO02	40.00	250.00	40.00	250.00	SAME
QAPRO03	100.00	60.00	100.00	60.00	SAME
QAPRO04	40.00	250.00	40.00	250.00	SAME
QAPRO05	20.00	500.00	20.00	500.00	SAME
QARCA01	40.00	250.00	1.00	1.00	CHANGE
QARCA02	40.00	250.00	1.00	1.00	CHANGE
QAREN01	400.00	25.00	400.00	25.00	SAME
QARIZ01	50.00	80.00	50.00	80.00	SAME
QARIZ02	40.00	200.00	40.00	200.00	SAME
QARJU01	20.00	250.00	20.00	250.00	SAME
QARJU02	50.00	80.00	50.00	80.00	SAME
QARJU03	20.00	500.00	20.00	500.00	SAME
QARMA01	20.00	500.00	20.00	500.00	SAME
QARME01	200.00	50.00	200.00	50.00	SAME
QARRI01	24.00	500.00	24.00	500.00	SAME
QARRI02	100.00	100.00	100.00	100.00	SAME
QARRI03	24.00	250.00	24.00	250.00	SAME
QASET01	50.00	80.00	50.00	80.00	SAME
QASET02	40.00	250.00	40.00	250.00	SAME
QASET03	40.00	100.00	40.00	100.00	SAME
QASET04	20.00	500.00	20.00	500.00	SAME
QASIA01	20.00	1000.00	20.00	1000.00	SAME
QASIA02	4.00	5000.00	4.00	5000.00	SAME
QASIA03	1.00	20000.00	1.00	20000.00	SAME
QASIA04	40.00	250.00	40.00	250.00	SAME
QASIA05	40.00	500.00	40.00	500.00	SAME
QASIA06	20.00	250.00	0.00	0.00	CHANGE
QASIA07	20.00	500.00	0.00	0.00	CHANGE
QASIA08	12.00	1000.00	0.00	0.00	CHANGE
QASLI01	400.00	25.00	400.00	25.00	SAME
QASLI02	100.00	25.00	100.00	25.00	SAME
QASLI03	80.00	25.00	0.00	0.00	CHANGE
QASSO01	20.00	250.00	20.00	250.00	SAME
QASSO02	50.00	80.00	50.00	80.00	SAME
QASTA01	80.00	100.00	0.00	0.00	CHANGE
QASTA02	50.00	100.00	0.00	0.00	CHANGE
QASTA03	200.00	15.00	0.00	0.00	CHANGE
QASTA04	100.00	50.00	0.00	0.00	CHANGE
QASTA05	50.00	100.00	1.00	1.00	CHANGE
QASTA06	0.00	0.00	1.00	1.00	CHANGE
QASTA07	0.00	0.00	1.00	1.00	CHANGE
QATAB01	100.00	100.00	100.00	100.00	SAME
QATAB02	40.00	250.00	40.00	250.00	SAME
QATAM01	20.00	200.00	1.00	1.00	CHANGE
QATHO01	100.00	100.00	100.00	100.00	SAME
QATHO02	40.00	250.00	40.00	250.00	SAME
QATN02	20.00	500.00	20.00	500.00	SAME
QATNI01	40.00	250.00	40.00	250.00	SAME
QATNI03	10.00	1000.00	10.00	1000.00	SAME
QATON01	15.00	500.00	15.00	500.00	SAME
QATON02	25.00	100.00	25.00	100.00	SAME
QATON03	30.00	250.00	30.00	250.00	SAME
QATON04	15.00	1000.00	15.00	1000.00	SAME
QATON05	50.00	100.00	50.00	100.00	SAME
QATON06	15.00	1000.00	15.00	1000.00	SAME
QATON07	15.00	500.00	15.00	500.00	SAME
QATON08	50.00	100.00	50.00	100.00	SAME
QATON09	30.00	250.00	30.00	250.00	SAME
QATRA01	20.00	500.00	20.00	500.00	SAME
QATRI01	12.00	1000.00	12.00	1000.00	SAME
QATRI02	24.00	500.00	24.00	500.00	SAME
QATRI03	40.00	250.00	40.00	250.00	SAME
QAURO01	16.00	800.00	16.00	800.00	SAME
QAURO02	20.00	1000.00	20.00	1000.00	SAME
QAURO03	20.00	800.00	20.00	800.00	SAME
QAVIA01	40.00	300.00	40.00	300.00	SAME
QAVID01	100.00	100.00	100.00	100.00	SAME
QAVON01	50.00	80.00	1.00	1.00	CHANGE
QAVOR01	40.00	100.00	40.00	100.00	SAME
QAXER01	100.00	100.00	100.00	100.00	SAME
QAXER02	50.00	250.00	50.00	250.00	SAME
QAXIA01	40.00	200.00	1.00	1.00	CHANGE
QAYUN01	100.00	100.00	100.00	100.00	SAME
QAYUN02	40.00	250.00	40.00	250.00	SAME
QAZAT01	40.00	250.00	40.00	250.00	SAME
QAZAT02	100.00	100.00	100.00	100.00	SAME
QAZIZI01	20.00	500.00	0.00	0.00	CHANGE
QAZOM01	20.00	1000.00	20.00	1000.00	SAME
QAZOM02	25.00	1000.00	25.00	1000.00	SAME
QAZOX01	50.00	200.00	50.00	200.00	SAME
QAZOX02	50.00	100.00	50.00	100.00	SAME
QAZOX03	20.00	400.00	20.00	400.00	SAME
QAZTR01	100.00	50.00	100.00	50.00	SAME
QBABL01	20.00	1000.00	20.00	1000.00	SAME
QBABL02	1.00	20000.00	0.00	0.00	CHANGE
QBABL03	4.00	5000.00	4.00	5000.00	SAME
QBABL04	20.00	500.00	20.00	500.00	SAME
QBABL05	4.00	5000.00	4.00	5000.00	SAME
QBABL06	20.00	1000.00	20.00	1000.00	SAME
QBABL07	20.00	500.00	20.00	500.00	SAME
QBACT01	50.00	200.00	50.00	200.00	SAME
QBACT02	100.00	100.00	100.00	100.00	SAME
QBAGJA01	1.00	1000.00	1.00	1000.00	SAME
QBAGN01	1.00	1000.00	1.00	1000.00	SAME
QBAHS01	100.00	80.00	1.00	1.00	CHANGE
QBAHS02	50.00	200.00	1.00	1.00	CHANGE
QBAKA01	20.00	1000.00	20.00	1000.00	SAME
QBAKA02	4.00	5000.00	4.00	5000.00	SAME
QBAKA03	1.00	20000.00	1.00	20000.00	SAME
QBALE01	40.00	100.00	0.00	0.00	CHANGE
QBALE02	40.00	250.00	0.00	0.00	CHANGE
QBALT01	100.00	100.00	100.00	100.00	SAME
QBALT02	20.00	500.00	20.00	500.00	SAME
QBAMB01	400.00	12.00	400.00	12.00	SAME
QBAME01	100.00	50.00	100.00	50.00	SAME
QBAME02	20.00	200.00	20.00	200.00	SAME
QBAME03	20.00	200.00	20.00	200.00	SAME
QBAME04	50.00	100.00	50.00	100.00	SAME
QBAME05	10.00	900.00	10.00	900.00	SAME
QBAND01	20.00	450.00	20.00	450.00	SAME
QBASA01	20.00	500.00	20.00	500.00	SAME
QBASA02	1.00	20000.00	1.00	20000.00	SAME
QBASF01	20.00	500.00	20.00	500.00	SAME
QBASF02	20.00	500.00	20.00	500.00	SAME
QBASF03	20.00	500.00	20.00	500.00	SAME
QBASF04	20.00	500.00	20.00	500.00	SAME
QBASF05	32.00	500.00	32.00	500.00	SAME
QBASF06	20.00	500.00	20.00	500.00	SAME
QBASG01	100.00	50.00	100.00	50.00	SAME
QBASG02	50.00	100.00	50.00	100.00	SAME
QBASG03	50.00	250.00	50.00	250.00	SAME
QBASG04	20.00	500.00	20.00	500.00	SAME
QBASI01	20.00	1000.00	20.00	1000.00	SAME
QBASM01	1.00	20000.00	1.00	20000.00	SAME
QBASM02	20.00	1000.00	20.00	1000.00	SAME
QBASR01	50.00	250.00	50.00	250.00	SAME
QBASR02	20.00	500.00	20.00	500.00	SAME
QBASR03	20.00	1000.00	20.00	1000.00	SAME
QBASS01	20.00	400.00	20.00	400.00	SAME
QBAST01	40.00	250.00	40.00	250.00	SAME
QBAST02	1.00	20000.00	1.00	20000.00	SAME
QBAST03	12.00	1000.00	12.00	1000.00	SAME
QBASV01	100.00	100.00	0.00	0.00	CHANGE
QBASV02	50.00	200.00	0.00	0.00	CHANGE
QBATE01	1.00	1.00	1.00	1.00	SAME
QBATT01	1.00	1.00	1.00	1.00	SAME
QBAWA01	120.00	20.00	0.00	0.00	CHANGE
QBAYA01	30.00	500.00	30.00	500.00	SAME
QBAYA02	90.00	100.00	90.00	100.00	SAME
QBAYA03	30.00	500.00	30.00	500.00	SAME
QBAYA04	90.00	100.00	90.00	100.00	SAME
QBAYA05	90.00	100.00	90.00	100.00	SAME
QBAYA06	30.00	500.00	30.00	500.00	SAME
QBAYA07	40.00	500.00	40.00	500.00	SAME
QBAYA08	1.00	5000.00	1.00	5000.00	SAME
QBAYA09	1.00	500.00	1.00	500.00	SAME
QBAYA10	1.00	2000.00	1.00	2000.00	SAME
QBAYA11	0.00	0.00	1.00	1.00	CHANGE
QBAYA12	1.00	2000.00	0.00	0.00	CHANGE
QBAYA13	1.00	1000.00	1.00	1000.00	SAME
QBAYA25	35.00	500.00	0.00	0.00	CHANGE
QBAYA26	1.00	1000.00	1.00	1.00	CHANGE
QBAYC01	20.00	500.00	20.00	500.00	SAME
QBAYC02	100.00	100.00	100.00	100.00	SAME
QBAYF01	20.00	500.00	20.00	500.00	SAME
QBAYF02	40.00	250.00	40.00	250.00	SAME
QBAYL01	100.00	100.00	100.00	100.00	SAME
QBAZO01	20.00	1000.00	20.00	1000.00	SAME
QBEEN01	30.00	400.00	30.00	400.00	SAME
QBEEN02	20.00	1000.00	20.00	1000.00	SAME
QBEEN03	20.00	1000.00	20.00	1000.00	SAME
QBEEN04	40.00	500.00	40.00	500.00	SAME
QBEEN05	20.00	1000.00	20.00	1000.00	SAME
QBEEN06	40.00	250.00	40.00	250.00	SAME
QBEEN07	40.00	500.00	40.00	500.00	SAME
QBEEN08	400.00	10.00	400.00	10.00	SAME
QBEEN09	20.00	1000.00	20.00	1000.00	SAME
QBEET01	40.00	250.00	40.00	250.00	SAME
QBEET02	100.00	100.00	100.00	100.00	SAME
QBEET03	50.00	100.00	50.00	100.00	SAME
QBEHN01	20.00	1000.00	20.00	1000.00	SAME
QBEKA01	25.00	250.00	25.00	250.00	SAME
QBELL01	20.00	100.00	20.00	100.00	SAME
QBELL02	25.00	200.00	1.00	1.00	CHANGE
QBELO01	30.00	500.00	30.00	500.00	SAME
QBELT01	100.00	100.00	100.00	100.00	SAME
QBELT02	40.00	250.00	0.00	0.00	CHANGE
QBELT03	20.00	250.00	1.00	1.00	CHANGE
QBENA01	1.00	1000.00	1.00	1000.00	SAME
QBENA02	64.00	100.00	1.00	1.00	CHANGE
QBENA03	48.00	250.00	1.00	1.00	CHANGE
QBENC01	20.00	200.00	20.00	200.00	SAME
QBENC02	20.00	400.00	20.00	400.00	SAME
QBENC03	50.00	100.00	50.00	100.00	SAME
QBENF01	160.00	25.00	160.00	25.00	SAME
QBENS01	20.00	500.00	20.00	500.00	SAME
QBENS02	40.00	250.00	40.00	250.00	SAME
QBENT01	100.00	100.00	100.00	100.00	SAME
QBENT02	100.00	100.00	100.00	100.00	SAME
QBENT03	20.00	500.00	100.00	100.00	CHANGE
QBENT04	20.00	1000.00	20.00	1000.00	SAME
QBENT05	4.00	5000.00	4.00	5000.00	SAME
QBENT06	1.00	20000.00	1.00	20000.00	SAME
QBENT07	100.00	100.00	100.00	100.00	SAME
QBERN01	50.00	80.00	50.00	80.00	SAME
QBERN02	40.00	250.00	40.00	250.00	SAME
QBERN03	50.00	250.00	0.00	0.00	CHANGE
QBERN04	0.00	0.00	0.00	0.00	SAME
QBERN05	30.00	200.00	0.00	0.00	CHANGE
QBERN06	25.00	200.00	1.00	1.00	CHANGE
QBERO01	50.00	400.00	50.00	400.00	SAME
QBERO02	50.00	100.00	50.00	100.00	SAME
QBESM01	30.00	100.00	30.00	100.00	SAME
QBESR01	100.00	100.00	100.00	100.00	SAME
QBEST01	20.00	1000.00	20.00	1000.00	SAME
QBEST02	50.00	80.00	50.00	80.00	SAME
QBEST03	20.00	1000.00	20.00	1000.00	SAME
QBEST04	4.00	5000.00	4.00	5000.00	SAME
QBEST05	1.00	20000.00	1.00	20000.00	SAME
QBEST06	20.00	1000.00	1.00	1.00	CHANGE
QBEST07	20.00	1000.00	1.00	1.00	CHANGE
QBESU01	24.00	250.00	0.00	0.00	CHANGE
QBESV01	100.00	100.00	100.00	100.00	SAME
QBETA01	40.00	250.00	40.00	250.00	SAME
QBETA02	100.00	100.00	100.00	100.00	SAME
QBETA03	20.00	500.00	1.00	1.00	CHANGE
QBETA04	80.00	30.00	1.00	1.00	CHANGE
QBETT01	1.00	230.00	1.00	230.00	SAME
QBIGG01	200.00	10.00	200.00	10.00	SAME
QBIGG02	24.00	400.00	24.00	400.00	SAME
QBIGG03	300.00	5.00	0.00	0.00	CHANGE
QBIGG04	1200.00	1.00	1200.00	1.00	SAME
QBIGG05	300.00	5.00	300.00	5.00	SAME
QBIGG06	1000.00	5.00	1000.00	5.00	SAME
QBIGG07	300.00	5.00	300.00	5.00	SAME
QBIGX03	20.00	1000.00	20.00	1000.00	SAME
QBIGX04	4.00	5000.00	4.00	5000.00	SAME
QBIGX05	0.00	0.00	1.00	1.00	CHANGE
QBINA01	20.00	1000.00	20.00	1000.00	SAME
QBINA02	4.00	5000.00	4.00	5000.00	SAME
QBINA03	1.00	20000.00	1.00	20000.00	SAME
QBIOC01	20.00	1000.00	20.00	1000.00	SAME
QBIOC02	20.00	1000.00	20.00	1000.00	SAME
QBIOC03	20.00	1000.00	20.00	1000.00	SAME
QBIOC04	20.00	1000.00	20.00	1000.00	SAME
QBIOC05	5.00	5000.00	5.00	5000.00	SAME
QBIOC06	30.00	500.00	30.00	500.00	SAME
QBIOC07	30.00	500.00	30.00	500.00	SAME
QBIOC08	20.00	1000.00	20.00	1000.00	SAME
QBIOC09	20.00	1000.00	1.00	1.00	CHANGE
QBIOC10	30.00	500.00	1.00	1.00	CHANGE
QBIOC11	40.00	250.00	1.00	1.00	CHANGE
QBIOK01	50.00	50.00	1.00	1.00	CHANGE
QBION01	20.00	500.00	20.00	500.00	SAME
QBION02	20.00	500.00	20.00	500.00	SAME
QBION03	50.00	100.00	50.00	100.00	SAME
QBIOS01	20.00	1000.00	20.00	1000.00	SAME
QBIOS02	20.00	500.00	20.00	500.00	SAME
QBIOS03	50.00	100.00	50.00	100.00	SAME
QBIOS04	20.00	1000.00	20.00	1000.00	SAME
QBLAC01	24.00	500.00	24.00	500.00	SAME
QBLAC02	24.00	500.00	24.00	500.00	SAME
QBLAS01	20.00	500.00	20.00	500.00	SAME
QBLAS02	48.00	100.00	48.00	100.00	SAME
QBLEW01	180.00	15.00	180.00	15.00	SAME
QBLEW02	120.00	15.00	120.00	15.00	SAME
QBLEW03	180.00	15.00	180.00	15.00	SAME
QBLUE01	20.00	1000.00	20.00	1000.00	SAME
QBM B01	40.00	250.00	40.00	250.00	SAME
QBM B02	100.00	100.00	100.00	100.00	SAME
QBM C01	20.00	500.00	20.00	500.00	SAME
QBM C02	20.00	500.00	20.00	500.00	SAME
QBM C03	100.00	100.00	100.00	100.00	SAME
QBM C04	100.00	100.00	100.00	100.00	SAME
QBM E01	100.00	100.00	100.00	100.00	SAME
QBM E02	40.00	250.00	40.00	250.00	SAME
QBM E03	20.00	500.00	20.00	500.00	SAME
QBM F01	20.00	500.00	20.00	500.00	SAME
QBM H01	100.00	100.00	100.00	100.00	SAME
QBM P01	20.00	500.00	20.00	500.00	SAME
QBM P02	100.00	100.00	100.00	100.00	SAME
QBM P03	10.00	1000.00	10.00	1000.00	SAME
QBM S01	20.00	500.00	20.00	500.00	SAME
QBM S02	0.00	0.00	1.00	1.00	CHANGE
QBM V01	20.00	1000.00	20.00	1000.00	SAME
QBM V02	1.00	20000.00	1.00	20000.00	SAME
QBM Z01	20.00	1000.00	20.00	1000.00	SAME
QBMCA01	10.00	1000.00	1.00	1.00	CHANGE
QBMCO01	40.00	250.00	1.00	1.00	CHANGE
QBMCO02	20.00	500.00	1.00	1.00	CHANGE
QBMCY01	20.00	400.00	1.00	1.00	CHANGE
QBMJ01	40.00	250.00	40.00	250.00	SAME
QBML01	20.00	500.00	20.00	500.00	SAME
QBMMA01	20.00	500.00	0.00	0.00	CHANGE
QBMOP01	20.00	500.00	0.00	0.00	CHANGE
QBMTR01	40.00	250.00	1.00	1.00	CHANGE
QBOAR01	1.00	1.00	0.00	0.00	CHANGE
QBODY01	1.00	1.00	1.00	1.00	SAME
QBOMS01	20.00	1000.00	20.00	1000.00	SAME
QBOMU01	20.00	1000.00	0.00	0.00	CHANGE
QBOMU02	1.00	20000.00	1.00	20000.00	SAME
QBOMU03	4.00	5000.00	4.00	5000.00	SAME
QBONG01	100.00	100.00	1.00	1.00	CHANGE
QBONG02	40.00	250.00	1.00	1.00	CHANGE
QBONG03	20.00	500.00	1.00	1.00	CHANGE
QBOOM01	20.00	500.00	20.00	500.00	SAME
QBOOM02	40.00	250.00	40.00	250.00	SAME
QBOOM03	30.00	600.00	0.00	0.00	CHANGE
QBOOM04	30.00	600.00	0.00	0.00	CHANGE
QBOOS01	40.00	250.00	40.00	250.00	SAME
QBOOS02	50.00	80.00	50.00	80.00	SAME
QBOOS03	50.00	100.00	1.00	1.00	CHANGE
QBORA01	48.00	100.00	48.00	100.00	SAME
QBORA02	48.00	250.00	48.00	250.00	SAME
QBORA03	1.00	20000.00	1.00	20000.00	SAME
QBORA04	1.00	25000.00	1.00	25000.00	SAME
QBORA05	48.00	250.00	48.00	250.00	SAME
QBORO01	1200.00	3.00	1200.00	3.00	SAME
QBOX01	1.00	1.00	0.00	0.00	CHANGE
QBOXQVT01	1.00	1.00	0.00	0.00	CHANGE
QBOXQVT02	1.00	1.00	0.00	0.00	CHANGE
QBRAP01	50.00	100.00	50.00	100.00	SAME
QBRAP02	40.00	250.00	40.00	250.00	SAME
QBRAP03	20.00	900.00	20.00	900.00	SAME
QBRAP04	20.00	500.00	20.00	500.00	SAME
QBRAS01	20.00	250.00	20.00	250.00	SAME
QBRAS02	20.00	400.00	20.00	400.00	SAME
QBRAS03	50.00	80.00	50.00	80.00	SAME
QBRAU01	20.00	1000.00	1.00	1.00	CHANGE
QBRAU02	4.00	5000.00	1.00	1.00	CHANGE
QBRAU03	1.00	20000.00	1.00	1.00	CHANGE
QBRAV01	1.00	20000.00	1.00	20000.00	SAME
QBRAV02	20.00	500.00	20.00	500.00	SAME
QBRAV03	4.00	5000.00	4.00	5000.00	SAME
QBRAV04	20.00	1000.00	20.00	1000.00	SAME
QBRAV05	20.00	1000.00	20.00	1000.00	SAME
QBRAV06	4.00	5000.00	4.00	5000.00	SAME
QBRAV07	1.00	20000.00	1.00	20000.00	SAME
QBROA01	200.00	40.00	200.00	40.00	SAME
QBROA02	20.00	1000.00	1.00	1.00	CHANGE
QBROF01	24.00	100.00	24.00	100.00	SAME
QBROS01	1.00	1000.00	1.00	1000.00	SAME
QBROS03	1.00	1000.00	1.00	1000.00	SAME
QBROS04	1.00	1000.00	1.00	1000.00	SAME
QBTPL01	50.00	50.00	1.00	1.00	CHANGE
QBULD01	100.00	100.00	100.00	100.00	SAME
QBULD02	20.00	500.00	20.00	500.00	SAME
QBULD03	40.00	250.00	40.00	250.00	SAME
QBUMP01	100.00	100.00	1.00	1.00	CHANGE
QBUMP02	40.00	250.00	1.00	1.00	CHANGE
QBUMP03	200.00	25.00	1.00	1.00	CHANGE
QBUNC01	30.00	500.00	30.00	500.00	SAME
QBUNC02	40.00	500.00	40.00	500.00	SAME
QBUNC03	90.00	100.00	90.00	100.00	SAME
QBUNC04	15.00	20.00	15.00	20.00	SAME
QBUNC05	30.00	500.00	30.00	500.00	SAME
QBUNC06	90.00	100.00	90.00	100.00	SAME
QBUNC07	90.00	100.00	90.00	100.00	SAME
QBUNC08	1.00	1000.00	1.00	1000.00	SAME
QBUNC09	5.00	35.00	0.00	0.00	CHANGE
QBUNG01	200.00	1.00	200.00	1.00	SAME
QBUNG02	400.00	110.00	400.00	110.00	SAME
QBUNG03	400.00	110.00	400.00	110.00	SAME
QBUNG04	200.00	550.00	200.00	550.00	SAME
QBUNG05	200.00	1.00	200.00	1.00	SAME
QBUNI01	20.00	100.00	20.00	100.00	SAME
QBURN01	100.00	100.00	100.00	100.00	SAME
QBUSI01	1.00	1.00	1.00	1.00	SAME
QBUZZ01	20.00	500.00	20.00	500.00	SAME
QCABE01	180.00	10.00	180.00	10.00	SAME
QCABE02	240.00	10.00	240.00	10.00	SAME
QCABE03	60.00	10.00	60.00	10.00	SAME
QCABE04	10.00	10.00	10.00	10.00	SAME
QCABE05	240.00	10.00	240.00	10.00	SAME
QCABE06	180.00	10.00	180.00	10.00	SAME
QCABE07	240.00	10.00	240.00	10.00	SAME
QCABE08	10.00	10.00	10.00	10.00	SAME
QCABE09	240.00	10.00	240.00	10.00	SAME
QCABE10	10.00	10.00	10.00	10.00	SAME
QCABE11	10.00	10.00	10.00	10.00	SAME
QCABE12	60.00	10.00	60.00	10.00	SAME
QCABE13	60.00	10.00	60.00	10.00	SAME
QCABE14	10.00	10.00	10.00	10.00	SAME
QCABE15	1.00	10.00	1.00	10.00	SAME
QCABE16	480.00	10.00	480.00	10.00	SAME
QCABE17	180.00	10.00	180.00	10.00	SAME
QCABE18	10.00	10.00	10.00	10.00	SAME
QCABE19	10.00	10.00	10.00	10.00	SAME
QCABE20	10.00	10.00	10.00	10.00	SAME
QCABE21	240.00	10.00	0.00	0.00	CHANGE
QCABE22	10.00	10.00	10.00	10.00	SAME
QCABE23	400.00	25.00	400.00	25.00	SAME
QCABE24	400.00	10.00	400.00	10.00	SAME
QCABE25	10.00	10.00	10.00	10.00	SAME
QCABE26	10.00	10.00	10.00	10.00	SAME
QCABE27	240.00	10.00	240.00	10.00	SAME
QCABE28	260.00	10.00	260.00	10.00	SAME
QCABE29	50.00	0.50	50.00	0.00	CHANGE
QCABE30	10.00	10.00	10.00	10.00	SAME
QCABE31	400.00	10.00	400.00	10.00	SAME
QCABE32	90.00	10.00	90.00	10.00	SAME
QCABE33	180.00	10.00	180.00	10.00	SAME
QCABE34	10.00	10.00	10.00	10.00	SAME
QCABE35	180.00	10.00	180.00	10.00	SAME
QCABE36	180.00	10.00	180.00	10.00	SAME
QCABE37	180.00	1.00	180.00	1.00	SAME
QCABE38	240.00	10.00	240.00	10.00	SAME
QCABE39	180.00	1.00	180.00	1.00	SAME
QCABE40	480.00	10.00	480.00	10.00	SAME
QCABE41	240.00	10.00	0.00	0.00	CHANGE
QCABE42	10.00	10.00	10.00	10.00	SAME
QCABE43	1.00	10.00	1.00	10.00	SAME
QCABE44	180.00	10.00	180.00	10.00	SAME
QCABE45	10.00	10.00	10.00	10.00	SAME
QCABE46	240.00	10.00	240.00	10.00	SAME
QCABE47	240.00	10.00	240.00	10.00	SAME
QCABE48	180.00	20.00	180.00	20.00	SAME
QCABE49	180.00	20.00	180.00	20.00	SAME
QCABE50	180.00	10.00	180.00	10.00	SAME
QCABE51	1.00	1000.00	1.00	1000.00	SAME
QCABE52	1.00	1000.00	1.00	1000.00	SAME
QCABE53	240.00	10.00	240.00	10.00	SAME
QCABE54	240.00	10.00	0.00	0.00	CHANGE
QCABE55	240.00	10.00	240.00	10.00	SAME
QCABE56	1.00	500.00	1.00	500.00	SAME
QCABE57	1.00	250.00	1.00	250.00	SAME
QCABE58	1.00	250.00	1.00	250.00	SAME
QCABE59	240.00	10.00	0.00	0.00	CHANGE
QCABE60	240.00	10.00	0.00	0.00	CHANGE
QCABE61	180.00	10.00	0.00	0.00	CHANGE
QCABE62	250.00	10.00	1.00	1.00	CHANGE
QCABE63	180.00	10.00	180.00	10.00	SAME
QCABE64	150.00	10.00	1.00	1.00	CHANGE
QCABE65	150.00	10.00	1.00	1.00	CHANGE
QCABE66	150.00	10.00	1.00	1.00	CHANGE
QCABE67	100.00	10.00	1.00	1.00	CHANGE
QCABE68	1.00	2.00	0.00	0.00	CHANGE
QCABE69	240.00	10.00	0.00	0.00	CHANGE
QCABE70	180.00	10.00	1.00	1.00	CHANGE
QCABE71	1.00	500.00	1.00	1.00	CHANGE
QCABE72	180.00	10.00	1.00	1.00	CHANGE
QCABE73	180.00	10.00	0.00	0.00	CHANGE
QCABE74	240.00	10.00	0.00	0.00	CHANGE
QCABE75	240.00	10.00	0.00	0.00	CHANGE
QCABE76	240.00	10.00	0.00	0.00	CHANGE
QCABE77	180.00	10.00	1.00	1.00	CHANGE
QCABR01	24.00	250.00	24.00	250.00	SAME
QCABR02	48.00	100.00	48.00	100.00	SAME
QCABR03	48.00	100.00	48.00	100.00	SAME
QCABR04	24.00	250.00	24.00	250.00	SAME
QCABR05	48.00	100.00	48.00	100.00	SAME
QCABR06	24.00	250.00	24.00	250.00	SAME
QCABR07	48.00	100.00	48.00	100.00	SAME
QCABR08	20.00	500.00	20.00	500.00	SAME
QCABR09	40.00	250.00	40.00	250.00	SAME
QCABZ01	100.00	100.00	100.00	100.00	SAME
QCABZ02	12.00	1000.00	12.00	1000.00	SAME
QCALA01	10.00	1000.00	10.00	1000.00	SAME
QCALA02	20.00	250.00	20.00	250.00	SAME
QCALA03	20.00	500.00	20.00	500.00	SAME
QCALC01	20.00	1000.00	20.00	1000.00	SAME
QCALC02	20.00	1000.00	20.00	1000.00	SAME
QCALC03	20.00	1000.00	20.00	1000.00	SAME
QCALF01	20.00	1000.00	20.00	1000.00	SAME
QCALG01	20.00	1000.00	20.00	1000.00	SAME
QCALG02	4.00	5000.00	4.00	5000.00	SAME
QCALG03	1.00	20000.00	1.00	20000.00	SAME
QCALI01	20.00	900.00	20.00	900.00	SAME
QCALI02	10.00	900.00	0.00	0.00	CHANGE
QCALP01	20.00	1000.00	20.00	1000.00	SAME
QCALP02	10.00	2000.00	10.00	2000.00	SAME
QCAM01	20.00	1000.00	20.00	1000.00	SAME
QCAMI01	4.00	5000.00	4.00	5000.00	SAME
QCAMI02	1.00	20000.00	1.00	20000.00	SAME
QCAMP01	20.00	1000.00	20.00	1000.00	SAME
QCAMP02	5.00	5000.00	5.00	5000.00	SAME
QCAMP03	1.00	20000.00	1.00	20000.00	SAME
QCANI01	20.00	1000.00	20.00	1000.00	SAME
QCAPT01	20.00	1000.00	20.00	1000.00	SAME
QCARM01	50.00	80.00	50.00	80.00	SAME
QCARM02	40.00	200.00	40.00	200.00	SAME
QCASH01	24.00	250.00	0.00	0.00	CHANGE
QCASH02	50.00	100.00	0.00	0.00	CHANGE
QCAST01	100.00	100.00	100.00	100.00	SAME
QCAST02	24.00	400.00	24.00	400.00	SAME
QCAST03	50.00	200.00	50.00	200.00	SAME
QCAST04	400.00	15.00	400.00	15.00	SAME
QCASTO05	400.00	15.00	400.00	15.00	SAME
QCATE01	20.00	500.00	0.00	0.00	CHANGE
QCAUL01	60.00	10.00	60.00	10.00	SAME
QCAUL02	240.00	10.00	240.00	10.00	SAME
QCAUL03	250.00	10.00	250.00	10.00	SAME
QCAUL04	240.00	10.00	240.00	10.00	SAME
QCAUL05	1000.00	10.00	0.00	0.00	CHANGE
QCAUL06	500.00	10.00	500.00	10.00	SAME
QCEBA01	50.00	100.00	50.00	100.00	SAME
QCEBA02	20.00	200.00	20.00	200.00	SAME
QCEBA03	20.00	400.00	20.00	400.00	SAME
QCELC01	10.00	1000.00	10.00	1000.00	SAME
QCELQ01	10.00	1000.00	10.00	1000.00	SAME
QCELQ02	4.00	5000.00	0.00	0.00	CHANGE
QCELQ03	1.00	20000.00	0.00	0.00	CHANGE
QCENT01	20.00	1000.00	20.00	1000.00	SAME
QCENT02	1.00	80.00	1.00	80.00	SAME
QCENT03	4.00	5000.00	4.00	5000.00	SAME
QCENT04	1.00	20000.00	1.00	20000.00	SAME
QCENT05	20.00	1000.00	20.00	1000.00	SAME
QCENT06	4.00	5000.00	4.00	5000.00	SAME
QCENT07	1.00	20000.00	1.00	20000.00	SAME
QCENT08	20.00	1000.00	20.00	1000.00	SAME
QCENT09	20.00	400.00	20.00	400.00	SAME
QCENT10	20.00	1000.00	20.00	1000.00	SAME
QCENT11	25.00	200.00	25.00	200.00	SAME
QCENT12	20.00	1000.00	20.00	1000.00	SAME
QCENT13	4.00	5000.00	4.00	5000.00	SAME
QCENT14	1.00	20000.00	1.00	20000.00	SAME
QCENT15	20.00	500.00	0.00	0.00	CHANGE
QCENT16	10.00	2000.00	0.00	0.00	CHANGE
QCEPH01	50.00	100.00	50.00	100.00	SAME
QCHAM01	10.00	1000.00	0.00	0.00	CHANGE
QCHAM02	14.00	1000.00	1.00	1.00	CHANGE
QCHAR01	1.00	1000.00	1.00	1000.00	SAME
QCHAR02	1.00	1.00	0.00	0.00	CHANGE
QCHEP01	20.00	400.00	20.00	400.00	SAME
QCHEP02	10.00	1000.00	10.00	1000.00	SAME
QCHEP03	100.00	100.00	100.00	100.00	SAME
QCHIE01	20.00	1000.00	1.00	1.00	CHANGE
QCHIE02	4.00	5000.00	1.00	1.00	CHANGE
QCHIE03	1.00	20000.00	1.00	1.00	CHANGE
QCHIX01	20.00	500.00	20.00	500.00	SAME
QCHIX02	20.00	500.00	20.00	500.00	SAME
QCHLO01	50.00	100.00	1.00	1.00	CHANGE
QCHLO02	20.00	250.00	1.00	1.00	CHANGE
QCHLO03	20.00	500.00	1.00	1.00	CHANGE
QCLEA01	20.00	500.00	20.00	500.00	SAME
QCLEA02	4.00	5000.00	4.00	5000.00	SAME
QCLIN01	24.00	200.00	24.00	200.00	SAME
QCLIN02	48.00	250.00	1.00	1.00	CHANGE
QCLIP01	24.00	250.00	24.00	250.00	SAME
QCLIP02	50.00	100.00	50.00	100.00	SAME
QCLIP03	20.00	500.00	20.00	500.00	SAME
QCLOS01	200.00	7.50	200.00	7.00	CHANGE
QCNG01	10.00	1000.00	10.00	1000.00	SAME
QCOBR01	20.00	1000.00	20.00	1000.00	SAME
QCOBR02	20.00	200.00	20.00	200.00	SAME
QCOBR03	50.00	100.00	50.00	100.00	SAME
QCOBR04	20.00	500.00	20.00	500.00	SAME
QCOLA01	64.00	100.00	1.00	1.00	CHANGE
QCOLA02	48.00	250.00	1.00	1.00	CHANGE
QCOMB01	40.00	250.00	40.00	250.00	SAME
QCOMB02	24.00	500.00	24.00	500.00	SAME
QCOMB03	100.00	100.00	100.00	100.00	SAME
QCOMB04	12.00	1000.00	12.00	1000.00	SAME
QCOMP01	20.00	500.00	20.00	500.00	SAME
QCONF01	1.00	20000.00	1.00	20000.00	SAME
QCONF02	100.00	60.00	100.00	60.00	SAME
QCONF03	100.00	100.00	100.00	100.00	SAME
QCONF04	100.00	50.00	100.00	50.00	SAME
QCONF05	100.00	100.00	100.00	100.00	SAME
QCONF06	50.00	50.00	50.00	50.00	SAME
QCONF07	0.00	0.00	1.00	1.00	CHANGE
QCONS01	100.00	60.00	100.00	60.00	SAME
QCONT01	16.00	500.00	0.00	0.00	CHANGE
QCOPC01	120.00	100.00	120.00	100.00	SAME
QCOPC02	20.00	1000.00	20.00	1000.00	SAME
QCOPC03	40.00	400.00	40.00	400.00	SAME
QCOPC04	15.00	1000.00	15.00	1000.00	SAME
QCOPC05	16.00	1000.00	16.00	1000.00	SAME
QCOPC06	100.00	100.00	100.00	100.00	SAME
QCOPP01	60.00	250.00	60.00	250.00	SAME
QCOPP02	30.00	500.00	30.00	500.00	SAME
QCOPP03	20.00	1000.00	20.00	1000.00	SAME
QCORI01	40.00	250.00	0.00	0.00	CHANGE
QCORI02	20.00	500.00	0.00	0.00	CHANGE
QCOUN01	100.00	100.00	100.00	100.00	SAME
QCOUN02	20.00	500.00	20.00	500.00	SAME
QCOUN03	100.00	100.00	0.00	0.00	CHANGE
QCOUN04	100.00	50.00	100.00	50.00	SAME
QCOUN05	50.00	100.00	50.00	100.00	SAME
QCOUN06	50.00	50.00	50.00	100.00	CHANGE
QCOWI01	24.00	400.00	0.00	0.00	CHANGE
QCOYO01	40.00	250.00	1.00	1.00	CHANGE
QCOYO02	20.00	500.00	1.00	1.00	CHANGE
QCPN01	6.00	5000.00	6.00	5000.00	SAME
QCRAS01	12.00	1000.00	12.00	1000.00	SAME
QCRAS02	1.00	20000.00	1.00	20000.00	SAME
QCRAS03	4.00	5000.00	4.00	5000.00	SAME
QCRAS04	20.00	1000.00	20.00	1000.00	SAME
QCRON01	50.00	200.00	50.00	200.00	SAME
QCRON02	12.00	800.00	12.00	800.00	SAME
QCRUI01	80.00	12.50	80.00	12.00	CHANGE
QCRUM01	50.00	250.00	50.00	250.00	SAME
QCRUM02	50.00	100.00	50.00	100.00	SAME
QCULT01	40.00	250.00	40.00	250.00	SAME
QCUPR01	24.00	500.00	0.00	0.00	CHANGE
QCURA01	20.00	500.00	20.00	500.00	SAME
QCURA02	40.00	250.00	40.00	250.00	SAME
QCURA03	50.00	100.00	50.00	100.00	SAME
QCURA04	10.00	2000.00	10.00	2000.00	SAME
QCURB01	100.00	100.00	100.00	100.00	SAME
QCURB02	40.00	250.00	40.00	250.00	SAME
QCURZ01	20.00	400.00	20.00	400.00	SAME
QCUST01	100.00	50.00	100.00	50.00	SAME
QCUST02	40.00	200.00	40.00	200.00	SAME
QCUST03	40.00	250.00	40.00	250.00	SAME
QCYMA01	50.00	100.00	50.00	100.00	SAME
QCYMA02	20.00	200.00	20.00	200.00	SAME
QCYMB01	100.00	100.00	100.00	100.00	SAME
QCYMB02	20.00	500.00	20.00	500.00	SAME
QCYMB03	40.00	250.00	40.00	250.00	SAME
QCYMO01	35.00	250.00	35.00	250.00	SAME
QCYMO02	80.00	250.00	80.00	250.00	SAME
QCYMO03	40.00	250.00	40.00	250.00	SAME
QCYPE01	20.00	1000.00	20.00	1000.00	SAME
QCYPE02	20.00	500.00	0.00	0.00	CHANGE
QCYPE03	20.00	1000.00	0.00	0.00	CHANGE
QCYPR01	15.00	1000.00	15.00	1000.00	SAME
QDACO01	20.00	500.00	20.00	500.00	SAME
QDAMA01	20.00	800.00	20.00	800.00	SAME
QDAME01	10.00	1000.00	10.00	1000.00	SAME
QDAME02	30.00	500.00	30.00	500.00	SAME
QDANA01	20.00	1000.00	20.00	1000.00	SAME
QDANA02	4.00	5000.00	4.00	5000.00	SAME
QDANA03	1.00	20000.00	1.00	20000.00	SAME
QDAPP01	20.00	500.00	20.00	500.00	SAME
QDECI01	100.00	100.00	100.00	100.00	SAME
QDECI02	100.00	50.00	100.00	50.00	SAME
QDECI03	20.00	500.00	20.00	500.00	SAME
QDECI04	20.00	500.00	0.00	0.00	CHANGE
QDECI05	40.00	250.00	40.00	250.00	SAME
QDEKA01	20.00	500.00	0.00	0.00	CHANGE
QDEKA02	0.00	0.00	0.00	0.00	SAME
QDEKA03	12.00	1000.00	12.00	1000.00	SAME
QDEKA04	20.00	500.00	20.00	500.00	SAME
QDEKA05	50.00	100.00	50.00	100.00	SAME
QDEKA06	12.00	1000.00	12.00	1000.00	SAME
QDEKA07	0.00	0.00	0.00	0.00	SAME
QDEKA08	12.00	1000.00	12.00	1000.00	SAME
QDEKT01	20.00	200.00	20.00	200.00	SAME
QDEKT02	50.00	50.00	50.00	50.00	SAME
QDEKT03	12.00	500.00	12.00	500.00	SAME
QDELL01	40.00	200.00	40.00	200.00	SAME
QDELL02	20.00	500.00	20.00	500.00	SAME
QDELL03	20.00	1000.00	20.00	1000.00	SAME
QDELL04	25.00	500.00	25.00	500.00	SAME
QDELS01	100.00	100.00	100.00	100.00	SAME
QDELS02	20.00	500.00	20.00	500.00	SAME
QDEMA01	50.00	100.00	50.00	100.00	SAME
QDEMO01	72.00	50.00	72.00	50.00	SAME
QDEMO02	18.00	200.00	18.00	200.00	SAME
QDEMO03	36.00	100.00	36.00	100.00	SAME
QDEMO04	50.00	100.00	50.00	100.00	SAME
QDEMO05	100.00	50.00	100.00	50.00	SAME
QDEMO06	1.00	1.00	1.00	1.00	SAME
QDEMO07	1.00	1.00	1.00	1.00	SAME
QDEMO08	1.00	1.00	1.00	1.00	SAME
QDEMO09	400.00	5.00	0.00	0.00	CHANGE
QDESA01	100.00	100.00	100.00	100.00	SAME
QDESA02	40.00	250.00	40.00	250.00	SAME
QDESA03	100.00	100.00	100.00	100.00	SAME
QDESK01	200.00	0.30	200.00	0.00	CHANGE
QDEST01	100.00	100.00	100.00	100.00	SAME
QDEST02	40.00	250.00	40.00	250.00	SAME
QDEST04	20.00	300.00	20.00	300.00	SAME
QDEST05	50.00	100.00	50.00	100.00	SAME
QDETA01	20.00	1000.00	20.00	1000.00	SAME
QDETS03	20.00	500.00	20.00	500.00	SAME
QDEWA01	15.00	1000.00	15.00	1000.00	SAME
QDEWA02	20.00	500.00	20.00	500.00	SAME
QDHAR01	50.00	100.00	0.00	0.00	CHANGE
QDHAR02	20.00	400.00	0.00	0.00	CHANGE
QDIAZ01	20.00	1000.00	20.00	1000.00	SAME
QDIAZ02	20.00	500.00	20.00	500.00	SAME
QDIAZ03	50.00	100.00	50.00	100.00	SAME
QDIKA01	40.00	200.00	40.00	200.00	SAME
QDIKA02	1.00	20000.00	1.00	20000.00	SAME
QDIKA03	20.00	400.00	20.00	400.00	SAME
QDIKA04	4.00	5000.00	4.00	5000.00	SAME
QDIMA01	20.00	500.00	20.00	500.00	SAME
QDIMA02	48.00	100.00	48.00	100.00	SAME
QDINA01	1.00	1000.00	1.00	1000.00	SAME
QDINA02	400.00	5.00	400.00	5.00	SAME
QDINA03	80.00	25.00	80.00	25.00	SAME
QDINA04	1.00	1000.00	1.00	1.00	CHANGE
QDIND01	40.00	500.00	40.00	500.00	SAME
QDISP01	1.00	1000.00	0.00	0.00	CHANGE
QDITH01	20.00	1000.00	20.00	1000.00	SAME
QDITH02	20.00	500.00	20.00	500.00	SAME
QDITH03	50.00	200.00	50.00	200.00	SAME
QDIVA01	20.00	1000.00	20.00	1000.00	SAME
QDIVA02	4.00	5000.00	4.00	5000.00	SAME
QDIVA03	1.00	20000.00	1.00	20000.00	SAME
QDKDU01	40.00	250.00	40.00	250.00	SAME
QDKFE01	40.00	250.00	40.00	250.00	SAME
QDKFE02	20.00	500.00	20.00	500.00	SAME
QDKFE03	50.00	100.00	50.00	100.00	SAME
QDKFI01	100.00	50.00	100.00	50.00	SAME
QDKFI02	100.00	100.00	100.00	100.00	SAME
QDKFI03	40.00	250.00	40.00	250.00	SAME
QDKFI04	20.00	500.00	20.00	500.00	SAME
QDKFI05	100.00	50.00	100.00	50.00	SAME
QDKFI06	100.00	100.00	100.00	100.00	SAME
QDKFO01	20.00	500.00	20.00	500.00	SAME
QDKFO02	40.00	250.00	40.00	250.00	SAME
QDKFO03	100.00	100.00	100.00	100.00	SAME
QDKFO04	10.00	1000.00	10.00	1000.00	SAME
QDKGL08	10.00	1000.00	10.00	1000.00	SAME
QDKGL09	4.00	5000.00	4.00	5000.00	SAME
QDKGL10	1.00	20000.00	1.00	20000.00	SAME
QDKME01	20.00	1000.00	20.00	1000.00	SAME
QDKME02	4.00	5000.00	4.00	5000.00	SAME
QDKME03	1.00	20000.00	1.00	20000.00	SAME
QDKME04	10.00	1000.00	10.00	1000.00	SAME
QDKME05	15.00	500.00	15.00	500.00	SAME
QDKME06	15.00	1000.00	15.00	1000.00	SAME
QDKME07	40.00	250.00	40.00	250.00	SAME
QDKME08	40.00	250.00	40.00	250.00	SAME
QDKME09	20.00	500.00	20.00	500.00	SAME
QDKME10	100.00	100.00	100.00	100.00	SAME
QDKME11	10.00	1000.00	10.00	1000.00	SAME
QDKME12	40.00	200.00	40.00	200.00	SAME
QDKME13	20.00	400.00	20.00	400.00	SAME
QDKPR01	100.00	100.00	100.00	100.00	SAME
QDKPR02	40.00	250.00	40.00	250.00	SAME
QDKPR03	100.00	50.00	100.00	50.00	SAME
QDKPR04	20.00	500.00	20.00	500.00	SAME
QDKST01	40.00	250.00	40.00	250.00	SAME
QDKST02	20.00	500.00	20.00	500.00	SAME
QDKST03	10.00	800.00	10.00	800.00	SAME
QDKZO01	100.00	80.00	100.00	80.00	SAME
QDKZO02	40.00	250.00	40.00	250.00	SAME
QDKZO03	100.00	80.00	100.00	80.00	SAME
QDMA601	20.00	400.00	20.00	400.00	SAME
QDMA602	24.00	200.00	24.00	200.00	SAME
QDMA603	40.00	200.00	40.00	200.00	SAME
QDMEC01	12.00	1000.00	1.00	1.00	CHANGE
QDMEC02	20.00	500.00	1.00	1.00	CHANGE
QDMEC03	24.00	250.00	1.00	1.00	CHANGE
QDONK01	100.00	100.00	100.00	100.00	SAME
QDONK02	40.00	200.00	40.00	200.00	SAME
QDONK03	40.00	400.00	40.00	400.00	SAME
QDONK04	100.00	100.00	100.00	100.00	SAME
QDONK05	40.00	200.00	40.00	200.00	SAME
QDONK06	40.00	400.00	40.00	400.00	SAME
QDORU01	40.00	200.00	40.00	200.00	SAME
QDORU02	50.00	80.00	50.00	80.00	SAME
QDORU03	32.00	200.00	32.00	200.00	SAME
QDORU04	36.00	80.00	36.00	80.00	SAME
QDRYU01	20.00	1000.00	20.00	1000.00	SAME
QDRYU02	4.00	5000.00	4.00	5000.00	SAME
QDRYU03	1.00	20000.00	1.00	20000.00	SAME
QDRYU04	20.00	500.00	20.00	500.00	SAME
QDUIT01	1.00	20000.00	1.00	20000.00	SAME
QDUIT02	40.00	250.00	40.00	250.00	SAME
QDUIT03	20.00	1000.00	20.00	1000.00	SAME
QDUIT04	50.00	50.00	50.00	50.00	SAME
QDUIT05	50.00	100.00	50.00	100.00	SAME
QDUIT06	20.00	500.00	20.00	500.00	SAME
QDUIT07	30.00	200.00	30.00	200.00	SAME
QDUIT08	100.00	50.00	100.00	50.00	SAME
QDUMI01	100.00	100.00	100.00	100.00	SAME
QDUMI02	25.00	400.00	25.00	400.00	SAME
QDUMI03	10.00	1000.00	10.00	1000.00	SAME
QDURS01	10.00	1000.00	10.00	1000.00	SAME
QDURS02	20.00	500.00	20.00	500.00	SAME
QDURS03	30.00	250.00	30.00	250.00	SAME
QDURS04	50.00	100.00	50.00	100.00	SAME
QDURS05	24.00	250.00	24.00	250.00	SAME
QDURU01	80.00	25.00	0.00	0.00	CHANGE
QDURU02	20.00	100.00	20.00	100.00	SAME
QEDO01	100.00	100.00	100.00	100.00	SAME
QEFFI01	48.00	100.00	1.00	1.00	CHANGE
QEKSA01	20.00	1000.00	20.00	1000.00	SAME
QEKSA02	1.00	20000.00	1.00	20000.00	SAME
QEKST04	10.00	1000.00	0.00	0.00	CHANGE
QELAN01	15.00	1000.00	15.00	1000.00	SAME
QELAN02	1.00	20000.00	1.00	20000.00	SAME
QELAZ01	200.00	50.00	200.00	50.00	SAME
QELAZ02	200.00	10.00	200.00	10.00	SAME
QELAZA03	200.00	10.00	200.00	10.00	SAME
QELEC01	20.00	1000.00	20.00	1000.00	SAME
QELEC02	20.00	1000.00	20.00	1000.00	SAME
QELEC03	40.00	200.00	40.00	200.00	SAME
QELEC04	20.00	400.00	20.00	400.00	SAME
QELEC05	20.00	500.00	20.00	500.00	SAME
QELEC06	40.00	250.00	40.00	250.00	SAME
QELEK01	1.00	1000.00	1.00	1000.00	SAME
QELES01	20.00	150.00	20.00	150.00	SAME
QELES02	100.00	30.00	100.00	30.00	SAME
QEM-401	15.00	1000.00	15.00	1000.00	SAME
QEM-402	15.00	1000.00	15.00	1000.00	SAME
QEM-403	15.00	1000.00	15.00	1000.00	SAME
QEM-404	15.00	1000.00	15.00	1000.00	SAME
QEM-405	1.00	20000.00	1.00	1.00	CHANGE
QEMAC01	50.00	100.00	50.00	100.00	SAME
QEMAC02	50.00	250.00	50.00	250.00	SAME
QEMAC03	20.00	500.00	20.00	500.00	SAME
QEMAC04	10.00	1000.00	10.00	1000.00	SAME
QEMAC05	40.00	250.00	40.00	250.00	SAME
QEMAP01	30.00	200.00	30.00	200.00	SAME
QEMAP02	25.00	400.00	25.00	400.00	SAME
QEMAP03	50.00	80.00	50.00	80.00	SAME
QEMAP04	30.00	200.00	30.00	200.00	SAME
QEMAP05	20.00	400.00	20.00	400.00	SAME
QEMAP06	20.00	1000.00	20.00	1000.00	SAME
QEMAP07	20.00	250.00	20.00	250.00	SAME
QEMAP08	40.00	200.00	40.00	200.00	SAME
QEMCL01	20.00	250.00	20.00	250.00	SAME
QEMCL02	50.00	100.00	50.00	100.00	SAME
QEMER01	100.00	80.00	100.00	80.00	SAME
QEMER02	40.00	250.00	40.00	250.00	SAME
QENDU01	100.00	50.00	100.00	50.00	SAME
QENDU02	50.00	100.00	50.00	100.00	SAME
QENDU03	24.00	200.00	24.00	200.00	SAME
QEQUA01	200.00	30.00	200.00	30.00	SAME
QEQUA02	50.00	100.00	50.00	100.00	SAME
QEROS01	50.00	100.00	50.00	100.00	SAME
QEROS02	40.00	250.00	40.00	250.00	SAME
QETHR01	100.00	100.00	0.00	0.00	CHANGE
QETHR02	100.00	100.00	100.00	100.00	SAME
QETHR03	40.00	250.00	40.00	250.00	SAME
QETHR04	20.00	500.00	20.00	500.00	SAME
QEVEN01	20.00	330.00	20.00	330.00	SAME
QEVER01	20.00	1000.00	1.00	1.00	CHANGE
QEVER02	20.00	1000.00	1.00	1.00	CHANGE
QEVER03	30.00	500.00	1.00	1.00	CHANGE
QEVER04	30.00	500.00	0.00	0.00	CHANGE
QEVER05	40.00	250.00	40.00	250.00	SAME
QEXPE01	50.00	200.00	50.00	200.00	SAME
QEXPE02	50.00	100.00	50.00	100.00	SAME
QEXTR01	18.00	250.00	18.00	250.00	SAME
QEXTR02	10.00	500.00	10.00	500.00	SAME
QEXTR03	20.00	250.00	20.00	250.00	SAME
QFAMD01	100.00	80.00	100.00	80.00	SAME
QFAMD02	40.00	250.00	40.00	250.00	SAME
QFARG01	16.00	1000.00	0.00	0.00	CHANGE
QFARG02	40.00	250.00	0.00	0.00	CHANGE
QFARG03	20.00	500.00	0.00	0.00	CHANGE
QFASC01	10.00	1000.00	0.00	0.00	CHANGE
QFAST01	20.00	500.00	20.00	500.00	SAME
QFAST02	24.00	300.00	24.00	300.00	SAME
QFAST03	50.00	100.00	50.00	100.00	SAME
QFAST04	20.00	500.00	20.00	500.00	SAME
QFAST05	48.00	100.00	48.00	100.00	SAME
QFAST06	24.00	250.00	24.00	250.00	SAME
QFAST07	12.00	1000.00	12.00	1000.00	SAME
QFAST08	20.00	1000.00	20.00	1000.00	SAME
QFENP01	48.00	240.00	48.00	240.00	SAME
QFENT01	20.00	500.00	20.00	500.00	SAME
QFENT02	20.00	500.00	20.00	500.00	SAME
QFENT03	20.00	200.00	20.00	200.00	SAME
QFENT04	20.00	500.00	20.00	500.00	SAME
QFENT05	10.00	1000.00	10.00	1000.00	SAME
QFENV01	15.00	1000.00	15.00	1000.00	SAME
QFENV02	20.00	300.00	20.00	300.00	SAME
QFENV03	20.00	500.00	20.00	500.00	SAME
QFENV04	50.00	100.00	50.00	100.00	SAME
QFENV05	20.00	250.00	20.00	250.00	SAME
QFERA01	25.00	200.00	25.00	200.00	SAME
QFERA02	50.00	200.00	50.00	200.00	SAME
QFERA03	40.00	200.00	40.00	200.00	SAME
QFERT01	10.00	2000.00	10.00	2000.00	SAME
QFERT02	5.00	5000.00	5.00	5000.00	SAME
QFERT03	1.00	25000.00	1.00	25000.00	SAME
QFERT04	20.00	500.00	20.00	500.00	SAME
QFERT05	10.00	2000.00	10.00	2000.00	SAME
QFEST01	10.00	1000.00	10.00	1000.00	SAME
QFETR01	2400.00	2.50	2400.00	2.00	CHANGE
QFETR02	480.00	2.50	1.00	1.00	CHANGE
QFILI01	100.00	50.00	100.00	50.00	SAME
QFILI02	20.00	250.00	20.00	250.00	SAME
QFILL01	20.00	500.00	20.00	500.00	SAME
QFILL02	10.00	1000.00	10.00	1000.00	SAME
QFIPR01	50.00	100.00	50.00	100.00	SAME
QFIPR02	40.00	250.00	40.00	250.00	SAME
QFIRO01	40.00	250.00	40.00	250.00	SAME
QFITO01	20.00	500.00	20.00	500.00	SAME
QFITO02	40.00	250.00	40.00	250.00	SAME
QFITO03	50.00	100.00	50.00	100.00	SAME
QFITO04	20.00	500.00	20.00	500.00	SAME
QFITO05	10.00	1000.00	10.00	1000.00	SAME
QFITO06	20.00	1000.00	20.00	1000.00	SAME
QFITO07	12.00	1000.00	12.00	1000.00	SAME
QFITO08	12.00	500.00	12.00	500.00	SAME
QFITO09	20.00	500.00	20.00	500.00	SAME
QFITO10	20.00	1000.00	20.00	1000.00	SAME
QFLAS01	40.00	100.00	40.00	100.00	SAME
QFLAS02	80.00	100.00	1.00	1.00	CHANGE
QFLON01	50.00	100.00	1.00	1.00	CHANGE
QFLON02	40.00	250.00	1.00	1.00	CHANGE
QFOLI01	100.00	100.00	100.00	100.00	SAME
QFOLI02	100.00	60.00	100.00	60.00	SAME
QFOLI03	40.00	240.00	40.00	240.00	SAME
QFOLI04	15.00	1000.00	15.00	1000.00	SAME
QFOLI05	20.00	500.00	20.00	500.00	SAME
QFOLI06	200.00	50.00	200.00	50.00	SAME
QFOLI07	100.00	50.00	100.00	50.00	SAME
QFOLI08	40.00	250.00	40.00	250.00	SAME
QFOLI09	4.00	5000.00	4.00	5000.00	SAME
QFOND01	20.00	250.00	1.00	1.00	CHANGE
QFOND02	50.00	100.00	1.00	1.00	CHANGE
QFONI01	20.00	1000.00	1.00	1.00	CHANGE
QFORC01	100.00	100.00	1.00	1.00	CHANGE
QFORC02	48.00	250.00	1.00	1.00	CHANGE
QFORM01	20.00	1000.00	20.00	1000.00	SAME
QFORM02	1.00	20000.00	1.00	20000.00	SAME
QFORM03	20.00	1000.00	20.00	1000.00	SAME
QFORM04	20.00	500.00	20.00	500.00	SAME
QFORS01	20.00	250.00	20.00	250.00	SAME
QFORS02	20.00	500.00	20.00	500.00	SAME
QFORT01	15.00	1000.00	15.00	1000.00	SAME
QFORT02	80.00	12.00	80.00	12.00	SAME
QFOST01	20.00	1000.00	0.00	0.00	CHANGE
QFRUI01	10.00	1000.00	1.00	1.00	CHANGE
QFUJI01	20.00	500.00	20.00	500.00	SAME
QFUJI02	50.00	100.00	50.00	100.00	SAME
QFUNG01	1000.00	10.00	1000.00	10.00	SAME
QFUNG02	50.00	500.00	50.00	500.00	SAME
QFURA01	10.00	1000.00	10.00	1000.00	SAME
QFURA02	10.00	2000.00	10.00	2000.00	SAME
QFURA03	40.00	100.00	40.00	100.00	SAME
QFUTA01	50.00	100.00	0.00	0.00	CHANGE
QFUTA02	50.00	250.00	0.00	0.00	CHANGE
QFUTA03	30.00	500.00	0.00	0.00	CHANGE
QFUTA04	10.00	1000.00	0.00	0.00	CHANGE
QFUTA05	0.00	0.00	1.00	1.00	CHANGE
QFUTA06	0.00	0.00	1.00	1.00	CHANGE
QFUTA07	30.00	500.00	1.00	1.00	CHANGE
QFUTA08	10.00	1000.00	0.00	0.00	CHANGE
QFUTA09	50.00	100.00	1.00	1.00	CHANGE
QFUTA10	50.00	250.00	1.00	1.00	CHANGE
QFUTA11	30.00	500.00	1.00	1.00	CHANGE
QFUTA12	10.00	1000.00	0.00	0.00	CHANGE
QFUTA13	50.00	250.00	1.00	1.00	CHANGE
QFUTA14	30.00	500.00	1.00	1.00	CHANGE
QFUTA15	10.00	1000.00	0.00	0.00	CHANGE
QFUTA16	50.00	250.00	1.00	1.00	CHANGE
QFUTA17	30.00	500.00	1.00	1.00	CHANGE
QFUTA18	10.00	1000.00	0.00	0.00	CHANGE
QFUTA19	50.00	250.00	1.00	1.00	CHANGE
QFUTA20	30.00	500.00	1.00	1.00	CHANGE
QFUTA21	10.00	1000.00	0.00	0.00	CHANGE
QFUTA22	50.00	250.00	1.00	1.00	CHANGE
QFUTA23	30.00	500.00	1.00	1.00	CHANGE
QFUTA24	10.00	1000.00	0.00	0.00	CHANGE
QFUTA25	10.00	1000.00	1.00	1.00	CHANGE
QFUTA26	10.00	1000.00	1.00	1.00	CHANGE
QFUTA27	10.00	1000.00	1.00	1.00	CHANGE
QFUTA28	10.00	1000.00	1.00	1.00	CHANGE
QFUTA29	10.00	1000.00	1.00	1.00	CHANGE
QFUTA30	10.00	1000.00	1.00	1.00	CHANGE
QGABU01	20.00	500.00	20.00	500.00	SAME
QGACA01	20.00	500.00	20.00	500.00	SAME
QGAGA01	1.00	1.00	1.00	1.00	SAME
QGAGA02	1.00	1.00	1.00	1.00	SAME
QGAJA01	20.00	500.00	20.00	500.00	SAME
QGAJE01	20.00	500.00	20.00	500.00	SAME
QGALI01	40.00	250.00	40.00	250.00	SAME
QGALI02	50.00	100.00	50.00	100.00	SAME
QGALI03	100.00	100.00	100.00	100.00	SAME
QGALL01	10.00	1000.00	10.00	1000.00	SAME
QGALL02	30.00	500.00	30.00	500.00	SAME
QGALL03	50.00	200.00	50.00	200.00	SAME
QGALL04	8.00	2000.00	8.00	2000.00	SAME
QGALL05	30.00	500.00	30.00	500.00	SAME
QGALL06	30.00	500.00	30.00	500.00	SAME
QGALL07	10.00	1000.00	10.00	1000.00	SAME
QGALL08	10.00	1000.00	10.00	1000.00	SAME
QGALL09	30.00	500.00	30.00	500.00	SAME
QGALL10	10.00	1000.00	10.00	1000.00	SAME
QGALL11	30.00	500.00	30.00	500.00	SAME
QGALL12	10.00	1000.00	10.00	1000.00	SAME
QGALL13	20.00	500.00	20.00	500.00	SAME
QGALL14	30.00	500.00	30.00	500.00	SAME
QGALL15	10.00	1000.00	10.00	1000.00	SAME
QGALL16	30.00	500.00	30.00	500.00	SAME
QGALL17	4.00	4000.00	4.00	4000.00	SAME
QGALL18	10.00	1000.00	10.00	1000.00	SAME
QGALL19	30.00	500.00	30.00	500.00	SAME
QGALL20	4.00	4000.00	4.00	4000.00	SAME
QGALL21	4.00	4000.00	4.00	4000.00	SAME
QGALL22	4.00	4000.00	4.00	4000.00	SAME
QGALL23	10.00	1000.00	10.00	1000.00	SAME
QGALL24	10.00	1000.00	10.00	1000.00	SAME
QGAMB01	240.00	10.00	0.00	0.00	CHANGE
QGAME01	100.00	100.00	100.00	100.00	SAME
QGAME02	40.00	250.00	40.00	250.00	SAME
QGAME03	20.00	500.00	20.00	500.00	SAME
QGAND01	144.00	100.00	144.00	100.00	SAME
QGAND02	24.00	500.00	24.00	500.00	SAME
QGAND03	144.00	100.00	144.00	100.00	SAME
QGAND04	24.00	500.00	24.00	500.00	SAME
QGAND05	24.00	250.00	24.00	250.00	SAME
QGAND06	40.00	200.00	40.00	200.00	SAME
QGANE01	34.00	250.00	0.00	0.00	CHANGE
QGANE02	40.00	100.00	40.00	100.00	SAME
QGANE03	40.00	250.00	40.00	250.00	SAME
QGAPA01	20.00	500.00	20.00	500.00	SAME
QGAPL01	350.00	5.00	350.00	5.00	SAME
QGAPL02	450.00	35.00	450.00	35.00	SAME
QGAPL03	50.00	100.00	50.00	100.00	SAME
QGAPL04	350.00	5.00	1.00	1.00	CHANGE
QGARD01	100.00	100.00	100.00	100.00	SAME
QGARD02	40.00	500.00	40.00	500.00	SAME
QGARD03	40.00	500.00	40.00	500.00	SAME
QGARE01	20.00	500.00	20.00	500.00	SAME
QGASA01	20.00	500.00	20.00	500.00	SAME
QGASE01	20.00	500.00	1.00	1.00	CHANGE
QGATI01	1000.00	2.00	1000.00	2.00	SAME
QGAUC01	100.00	20.00	100.00	20.00	SAME
QGAUC02	1.00	20000.00	1.00	20000.00	SAME
QGAUC03	50.00	50.00	50.00	50.00	SAME
QGAVI01	50.00	100.00	50.00	100.00	SAME
QGAYA01	20.00	500.00	20.00	500.00	SAME
QGEMA01	20.00	1000.00	20.00	1000.00	SAME
QGEMA02	4.00	5000.00	4.00	5000.00	SAME
QGEMA03	1.00	20000.00	0.00	0.00	CHANGE
QGEMA04	20.00	500.00	20.00	500.00	SAME
QGEMA05	4.00	5000.00	4.00	5000.00	SAME
QGEMA06	20.00	1000.00	20.00	1000.00	SAME
QGEMA07	20.00	1000.00	20.00	1000.00	SAME
QGEMA08	10.00	2000.00	10.00	2000.00	SAME
QGEMA09	20.00	500.00	20.00	500.00	SAME
QGEMB01	12.00	1000.00	12.00	1000.00	SAME
QGEMI01	16.00	1000.00	16.00	1000.00	SAME
QGEMI02	20.00	400.00	20.00	400.00	SAME
QGEMP01	20.00	1000.00	20.00	1000.00	SAME
QGEMP02	4.00	5000.00	4.00	5000.00	SAME
QGEMP03	1.00	20000.00	1.00	20000.00	SAME
QGEMP04	20.00	1000.00	20.00	1000.00	SAME
QGENE01	24.00	500.00	24.00	500.00	SAME
QGENE02	24.00	500.00	24.00	500.00	SAME
QGENI01	20.00	1000.00	20.00	1000.00	SAME
QGENI02	4.00	5000.00	4.00	5000.00	SAME
QGENI03	1.00	20000.00	1.00	20000.00	SAME
QGERB01	40.00	200.00	40.00	200.00	SAME
QGERB02	20.00	500.00	20.00	500.00	SAME
QGGAM01	30.00	500.00	30.00	500.00	SAME
QGIBA01	20.00	1000.00	20.00	1000.00	SAME
QGIBA02	4.00	5000.00	4.00	5000.00	SAME
QGIBA03	1.00	20000.00	1.00	20000.00	SAME
QGIBG01	960.00	1.00	0.00	0.00	CHANGE
QGIBG03	1000.00	1.00	1000.00	1.00	SAME
QGIBG04	250.00	5.00	1.00	1.00	CHANGE
QGITA01	20.00	1000.00	20.00	1000.00	SAME
QGLAD01	30.00	400.00	30.00	400.00	SAME
QGLAD02	50.00	80.00	50.00	80.00	SAME
QGLAD03	50.00	200.00	50.00	200.00	SAME
QGLID01	20.00	1000.00	20.00	1000.00	SAME
QGLIF01	0.00	0.00	1.00	1.00	CHANGE
QGLIF02	0.00	0.00	1.00	1.00	CHANGE
QGLIF03	0.00	0.00	1.00	1.00	CHANGE
QGLIF04	20.00	1000.00	1.00	1.00	CHANGE
QGLIM01	20.00	1000.00	20.00	1000.00	SAME
QGLIM02	1.00	20000.00	1.00	20000.00	SAME
QGLIM03	4.00	5000.00	4.00	5000.00	SAME
QGLKY02	20.00	1000.00	0.00	0.00	CHANGE
QGLOV01	50.00	100.00	50.00	100.00	SAME
QGLOV02	20.00	500.00	20.00	500.00	SAME
QGLOV03	40.00	250.00	40.00	250.00	SAME
QGLUF01	15.00	1000.00	15.00	1000.00	SAME
QGLUF02	30.00	500.00	30.00	500.00	SAME
QGLUF03	20.00	1000.00	1.00	1.00	CHANGE
QGLUF04	4.00	5000.00	1.00	1.00	CHANGE
QGLYK01	20.00	1000.00	1.00	1.00	CHANGE
QGOAL01	100.00	50.00	100.00	50.00	SAME
QGOAL02	50.00	100.00	50.00	100.00	SAME
QGOAL03	50.00	100.00	1.00	1.00	CHANGE
QGOLD01	40.00	250.00	40.00	250.00	SAME
QGOLD02	20.00	250.00	20.00	250.00	SAME
QGOLD03	20.00	500.00	20.00	500.00	SAME
QGOLD04	50.00	100.00	50.00	100.00	SAME
QGOLD05	50.00	100.00	50.00	100.00	SAME
QGOLD06	50.00	250.00	50.00	250.00	SAME
QGOLD07	50.00	100.00	50.00	100.00	SAME
QGOLD08	50.00	250.00	50.00	250.00	SAME
QGOLD09	50.00	100.00	50.00	100.00	SAME
QGOLD10	50.00	100.00	0.00	0.00	CHANGE
QGOLD11	30.00	500.00	30.00	500.00	SAME
QGOLD12	20.00	1000.00	20.00	1000.00	SAME
QGOLD13	50.00	100.00	50.00	100.00	SAME
QGOLD14	20.00	1000.00	20.00	1000.00	SAME
QGOLD15	100.00	15.00	100.00	15.00	SAME
QGOLD16	100.00	15.00	100.00	15.00	SAME
QGOLD17	100.00	5.00	100.00	5.00	SAME
QGOLD18	80.00	5.00	1.00	1.00	CHANGE
QGOLD19	70.00	15.00	0.00	0.00	CHANGE
QGOLD20	0.00	0.00	1.00	1.00	CHANGE
QGOLD21	80.00	5.00	1.00	1.00	CHANGE
QGOLD22	12.00	1000.00	0.00	0.00	CHANGE
QGOLO01	20.00	250.00	20.00	250.00	SAME
QGOLO02	20.00	500.00	20.00	500.00	SAME
QGOLO03	50.00	100.00	50.00	100.00	SAME
QGOQU01	20.00	1000.00	20.00	1000.00	SAME
QGOQU02	1.00	20000.00	1.00	20000.00	SAME
QGORD01	20.00	250.00	20.00	250.00	SAME
QGORD02	20.00	500.00	20.00	500.00	SAME
QGRAM01	20.00	1000.00	20.00	1000.00	SAME
QGRAM02	20.00	500.00	20.00	500.00	SAME
QGRAM03	1.00	200000.00	1.00	200000.00	SAME
QGRAM04	40.00	250.00	40.00	250.00	SAME
QGRAM05	1.00	20000.00	1.00	20000.00	SAME
QGRAM06	4.00	5000.00	4.00	5000.00	SAME
QGRAN01	1.00	25.00	1.00	25.00	SAME
QGRAN02	1.00	5.00	1.00	5.00	SAME
QGRAN03	10.00	2000.00	10.00	2000.00	SAME
QGRAN04	1.00	5.00	1.00	5.00	SAME
QGRAN05	50.00	100.00	1.00	1.00	CHANGE
QGRAN06	40.00	250.00	1.00	1.00	CHANGE
QGRAS01	1.00	20000.00	1.00	20000.00	SAME
QGRAS02	20.00	1000.00	20.00	1000.00	SAME
QGRAS03	4.00	5000.00	4.00	5000.00	SAME
QGREE01	6.00	5000.00	6.00	5000.00	SAME
QGREE02	20.00	1000.00	20.00	1000.00	SAME
QGREE03	12.00	1000.00	1.00	1.00	CHANGE
QGREE04	80.00	30.00	1.00	1.00	CHANGE
QGREE05	20.00	500.00	1.00	1.00	CHANGE
QGREE06	12.00	998.00	1.00	1.00	CHANGE
QGRET01	20.00	500.00	20.00	500.00	SAME
QGRIB01	100.00	80.00	100.00	80.00	SAME
QGRIB02	50.00	200.00	50.00	200.00	SAME
QGRIB03	25.00	400.00	25.00	400.00	SAME
QGUSA01	100.00	100.00	100.00	100.00	SAME
QGUSA02	50.00	250.00	50.00	250.00	SAME
QGWBL01	12.00	1000.00	12.00	1000.00	SAME
QGWGE01	24.00	1000.00	24.00	1000.00	SAME
QGWMA01	24.00	1000.00	24.00	1000.00	SAME
QGWMA02	48.00	250.00	48.00	250.00	SAME
QGWMA03	12.00	998.00	12.00	998.00	SAME
QGWMA04	24.00	998.00	24.00	998.00	SAME
QGWMA05	12.00	998.00	0.00	0.00	CHANGE
QGWVI01	24.00	500.00	24.00	500.00	SAME
QGWVI02	32.00	150.00	32.00	150.00	SAME
QGWVI03	100.00	100.00	100.00	100.00	SAME
QGWVI04	56.00	200.00	56.00	200.00	SAME
QGWVI05	50.00	150.00	50.00	150.00	SAME
QGWVI06	50.00	200.00	50.00	200.00	SAME
QGWVI07	12.00	1000.00	12.00	1000.00	SAME
QGWVI08	50.00	250.00	50.00	250.00	SAME
QGWVI09	12.00	998.00	0.00	0.00	CHANGE
QHADE01	50.00	100.00	50.00	100.00	SAME
QHADE02	40.00	250.00	40.00	250.00	SAME
QHADE03	20.00	500.00	20.00	500.00	SAME
QHAND01	1.00	0.00	1.00	1.00	CHANGE
QHARA01	20.00	1000.00	20.00	1000.00	SAME
QHER01	48.00	250.00	48.00	250.00	SAME
QHER02	64.00	100.00	1.00	1.00	CHANGE
QHERO01	10.00	1000.00	0.00	0.00	CHANGE
QHEXA01	50.00	100.00	50.00	100.00	SAME
QHEXA02	40.00	250.00	0.00	0.00	CHANGE
QHEXA03	20.00	500.00	0.00	0.00	CHANGE
QHEXA04	20.00	1000.00	0.00	0.00	CHANGE
QHEXA05	50.00	100.00	50.00	100.00	SAME
QHEXA06	25.00	400.00	25.00	400.00	SAME
QHEXA07	25.00	500.00	0.00	0.00	CHANGE
QHEXA08	100.00	100.00	100.00	100.00	SAME
QHIDR01	10.00	2000.00	10.00	2000.00	SAME
QHIJA01	15.00	1000.00	15.00	1000.00	SAME
QHIJA02	15.00	1000.00	15.00	1000.00	SAME
QHIJA03	14.00	1000.00	14.00	1000.00	SAME
QHIPO01	10.00	1000.00	10.00	1000.00	SAME
QHIPO02	25.00	500.00	25.00	500.00	SAME
QHIPO03	30.00	200.00	30.00	200.00	SAME
QHIPR01	40.00	250.00	1.00	1.00	CHANGE
QHOKK01	0.00	0.00	0.00	0.00	SAME
QHOKK02	50.00	100.00	50.00	100.00	SAME
QHOKK03	16.00	1000.00	0.00	0.00	CHANGE
QHOST01	40.00	250.00	0.00	0.00	CHANGE
QHOTS01	20.00	500.00	1.00	1.00	CHANGE
QHOTS02	15.00	1000.00	1.00	1.00	CHANGE
QHOW 01	20.00	500.00	20.00	500.00	SAME
QHOW 02	20.00	250.00	20.00	250.00	SAME
QHSPA01	1.00	25000.00	1.00	25000.00	SAME
QHSPA02	10.00	5000.00	10.00	5000.00	SAME
QHSPA03	8.00	5000.00	8.00	5000.00	SAME
QHUMI01	0.00	0.00	1.00	1.00	CHANGE
QICEM01	540.00	20.00	540.00	20.00	SAME
QICEM02	100.00	20.00	100.00	20.00	SAME
QICON01	10.00	1000.00	10.00	1000.00	SAME
QIJOK01	300.00	20.00	300.00	20.00	SAME
QIMAR01	60.00	100.00	60.00	100.00	SAME
QIMPE01	1.00	50000.00	1.00	50000.00	SAME
QIMPE02	10.00	5000.00	1.00	1.00	CHANGE
QINDA01	24.00	250.00	24.00	250.00	SAME
QINDA02	50.00	80.00	50.00	80.00	SAME
QINDO01	40.00	250.00	40.00	250.00	SAME
QINDO02	20.00	500.00	20.00	500.00	SAME
QINDO03	15.00	1000.00	15.00	1000.00	SAME
QINDO04	20.00	250.00	0.00	0.00	CHANGE
QINFI01	100.00	100.00	100.00	100.00	SAME
QINFI02	40.00	250.00	40.00	250.00	SAME
QINFI03	24.00	250.00	24.00	250.00	SAME
QINKA01	50.00	100.00	1.00	1.00	CHANGE
QINKA02	40.00	250.00	1.00	1.00	CHANGE
QINNE01	1.00	1.00	0.00	0.00	CHANGE
QINNE02	1.00	100.00	0.00	0.00	CHANGE
QINOV01	50.00	100.00	50.00	100.00	SAME
QINSU01	100.00	25.00	0.00	0.00	CHANGE
QINSU02	1.00	200000.00	1.00	1.00	CHANGE
QINTE01	20.00	50.00	20.00	50.00	SAME
QINTE02	20.00	500.00	20.00	500.00	SAME
QINTE03	40.00	250.00	1.00	1.00	CHANGE
QINTE04	20.00	500.00	1.00	1.00	CHANGE
QINTE05	1000.00	5.00	0.00	0.00	CHANGE
QISIS01	10.00	0.00	10.00	1.00	CHANGE
QITTO01	20.00	400.00	20.00	400.00	SAME
QJAGA01	20.00	500.00	20.00	500.00	SAME
QJAGU01	18.00	1000.00	18.00	1000.00	SAME
QJAGU02	20.00	1000.00	20.00	1000.00	SAME
QJAGU03	20.00	1000.00	20.00	1000.00	SAME
QJAGU04	20.00	1000.00	20.00	1000.00	SAME
QJAGU05	20.00	1000.00	20.00	1000.00	SAME
QJAGU06	20.00	1000.00	20.00	1000.00	SAME
QJAGU07	20.00	1000.00	20.00	1000.00	SAME
QJAGU08	20.00	1000.00	20.00	1000.00	SAME
QJAGU09	20.00	1000.00	20.00	1000.00	SAME
QJAGU10	30.00	500.00	30.00	500.00	SAME
QJAGU100	20.00	500.00	0.00	0.00	CHANGE
QJAGU101	40.00	250.00	0.00	0.00	CHANGE
QJAGU102	20.00	500.00	0.00	0.00	CHANGE
QJAGU103	20.00	1000.00	1.00	1.00	CHANGE
QJAGU104	40.00	250.00	1.00	1.00	CHANGE
QJAGU105	40.00	250.00	0.00	0.00	CHANGE
QJAGU106	20.00	1000.00	20.00	1000.00	SAME
QJAGU107	40.00	250.00	0.00	0.00	CHANGE
QJAGU108	10.00	1000.00	0.00	0.00	CHANGE
QJAGU109	40.00	250.00	0.00	0.00	CHANGE
QJAGU11	40.00	250.00	40.00	250.00	SAME
QJAGU110	40.00	250.00	1.00	1.00	CHANGE
QJAGU111	20.00	1000.00	1.00	1.00	CHANGE
QJAGU112	20.00	1000.00	0.00	0.00	CHANGE
QJAGU113	10.00	1000.00	0.00	0.00	CHANGE
QJAGU114	20.00	1000.00	1.00	1.00	CHANGE
QJAGU115	20.00	1000.00	0.00	0.00	CHANGE
QJAGU116	40.00	250.00	1.00	1.00	CHANGE
QJAGU12	40.00	250.00	40.00	250.00	SAME
QJAGU13	20.00	1000.00	20.00	1000.00	SAME
QJAGU14	20.00	1000.00	20.00	1000.00	SAME
QJAGU15	20.00	1000.00	20.00	1000.00	SAME
QJAGU16	20.00	1000.00	20.00	1000.00	SAME
QJAGU17	20.00	1000.00	20.00	1000.00	SAME
QJAGU18	20.00	1000.00	20.00	1000.00	SAME
QJAGU19	40.00	250.00	40.00	250.00	SAME
QJAGU20	20.00	1000.00	20.00	1000.00	SAME
QJAGU21	40.00	250.00	40.00	250.00	SAME
QJAGU22	20.00	1000.00	20.00	1000.00	SAME
QJAGU23	20.00	1000.00	20.00	1000.00	SAME
QJAGU24	40.00	250.00	40.00	250.00	SAME
QJAGU25	20.00	1000.00	20.00	1000.00	SAME
QJAGU26	40.00	250.00	40.00	250.00	SAME
QJAGU27	40.00	250.00	40.00	250.00	SAME
QJAGU28	40.00	300.00	40.00	300.00	SAME
QJAGU29	20.00	1000.00	20.00	1000.00	SAME
QJAGU30	20.00	1000.00	20.00	1000.00	SAME
QJAGU31	20.00	1000.00	20.00	1000.00	SAME
QJAGU32	20.00	1000.00	20.00	1000.00	SAME
QJAGU33	20.00	1000.00	20.00	1000.00	SAME
QJAGU34	20.00	200.00	20.00	200.00	SAME
QJAGU35	40.00	250.00	40.00	250.00	SAME
QJAGU36	15.00	1000.00	15.00	1000.00	SAME
QJAGU37	20.00	1000.00	20.00	1000.00	SAME
QJAGU38	20.00	1000.00	20.00	1000.00	SAME
QJAGU39	20.00	1000.00	20.00	1000.00	SAME
QJAGU40	20.00	1000.00	20.00	1000.00	SAME
QJAGU41	20.00	1000.00	20.00	1000.00	SAME
QJAGU42	20.00	1000.00	20.00	1000.00	SAME
QJAGU43	40.00	250.00	40.00	250.00	SAME
QJAGU44	20.00	500.00	20.00	500.00	SAME
QJAGU45	40.00	250.00	40.00	250.00	SAME
QJAGU46	40.00	250.00	40.00	250.00	SAME
QJAGU47	20.00	500.00	20.00	500.00	SAME
QJAGU48	20.00	1000.00	20.00	1000.00	SAME
QJAGU49	4.00	5000.00	4.00	5000.00	SAME
QJAGU50	20.00	1000.00	20.00	1000.00	SAME
QJAGU51	20.00	1000.00	20.00	1000.00	SAME
QJAGU52	20.00	1000.00	20.00	1000.00	SAME
QJAGU53	20.00	1000.00	20.00	1000.00	SAME
QJAGU54	20.00	1000.00	20.00	1000.00	SAME
QJAGU55	20.00	500.00	20.00	500.00	SAME
QJAGU56	40.00	250.00	40.00	250.00	SAME
QJAGU57	4.00	0.00	4.00	1.00	CHANGE
QJAGU58	20.00	1000.00	20.00	1000.00	SAME
QJAGU59	4.00	5000.00	4.00	5000.00	SAME
QJAGU60	4.00	5000.00	4.00	5000.00	SAME
QJAGU61	4.00	5000.00	4.00	5000.00	SAME
QJAGU62	20.00	1000.00	20.00	1000.00	SAME
QJAGU63	20.00	1000.00	20.00	1000.00	SAME
QJAGU64	40.00	250.00	0.00	0.00	CHANGE
QJAGU65	20.00	1000.00	20.00	1000.00	SAME
QJAGU66	20.00	1000.00	20.00	1000.00	SAME
QJAGU67	20.00	1000.00	20.00	1000.00	SAME
QJAGU68	20.00	1000.00	1.00	1.00	CHANGE
QJAGU69	20.00	1000.00	20.00	1000.00	SAME
QJAGU70	20.00	1000.00	20.00	1000.00	SAME
QJAGU71	20.00	1000.00	20.00	1000.00	SAME
QJAGU72	20.00	1000.00	20.00	1000.00	SAME
QJAGU73	15.00	250.00	15.00	250.00	SAME
QJAGU74	20.00	1000.00	20.00	1000.00	SAME
QJAGU75	40.00	250.00	40.00	250.00	SAME
QJAGU76	10.00	1000.00	10.00	1000.00	SAME
QJAGU77	15.00	250.00	15.00	250.00	SAME
QJAGU78	20.00	1000.00	1.00	1.00	CHANGE
QJAGU79	20.00	250.00	20.00	250.00	SAME
QJAGU80	20.00	1000.00	20.00	1000.00	SAME
QJAGU81	40.00	250.00	40.00	250.00	SAME
QJAGU82	10.00	2000.00	10.00	2000.00	SAME
QJAGU83	10.00	2000.00	10.00	2000.00	SAME
QJAGU84	20.00	1000.00	1.00	1.00	CHANGE
QJAGU85	20.00	1000.00	0.00	0.00	CHANGE
QJAGU86	40.00	500.00	0.00	0.00	CHANGE
QJAGU87	20.00	1000.00	0.00	0.00	CHANGE
QJAGU88	10.00	1000.00	0.00	0.00	CHANGE
QJAGU89	20.00	1000.00	1.00	1.00	CHANGE
QJAGU90	10.00	1000.00	1.00	1.00	CHANGE
QJAGU91	20.00	1000.00	0.00	0.00	CHANGE
QJAGU92	20.00	1000.00	0.00	0.00	CHANGE
QJAGU93	40.00	250.00	0.00	0.00	CHANGE
QJAGU94	20.00	1000.00	0.00	0.00	CHANGE
QJAGU95	20.00	1000.00	0.00	0.00	CHANGE
QJAGU96	40.00	250.00	40.00	250.00	SAME
QJAGU97	20.00	1000.00	0.00	0.00	CHANGE
QJAGU98	10.00	1000.00	0.00	0.00	CHANGE
QJAGU99	20.00	500.00	0.00	0.00	CHANGE
QJAKE01	1.00	1.00	1.00	1.00	SAME
QJAMD01	1.00	1000.00	1.00	1000.00	SAME
QJAMD02	1.00	1000.00	1.00	1000.00	SAME
QJAMD03	1.00	1000.00	1.00	1000.00	SAME
QJAPR01	50.00	250.00	0.00	0.00	CHANGE
QJAPR02	20.00	500.00	0.00	0.00	CHANGE
QJAPR03	20.00	1000.00	20.00	1000.00	SAME
QJAPR04	50.00	250.00	50.00	250.00	SAME
QJAPR05	20.00	500.00	0.00	0.00	CHANGE
QJAPR06	30.00	500.00	30.00	500.00	SAME
QJAPR07	50.00	250.00	0.00	0.00	CHANGE
QJATR01	12.00	500.00	12.00	500.00	SAME
QJATR02	20.00	200.00	20.00	200.00	SAME
QJATR03	8.00	1000.00	8.00	1000.00	SAME
QJATR04	16.00	500.00	16.00	500.00	SAME
QJATR05	15.00	250.00	15.00	250.00	SAME
QJERA01	4.00	5000.00	4.00	5000.00	SAME
QJERS01	40.00	200.00	40.00	200.00	SAME
QJIDO01	50.00	100.00	0.00	0.00	CHANGE
QJIDO02	25.00	400.00	0.00	0.00	CHANGE
QJIDO03	15.00	1000.00	0.00	0.00	CHANGE
QJOKE01	50.00	100.00	50.00	100.00	SAME
QJOKE02	25.00	400.00	1.00	1.00	CHANGE
QJOKE03	50.00	100.00	50.00	100.00	SAME
QJONU01	20.00	1000.00	20.00	1000.00	SAME
QJONU02	1.00	20000.00	1.00	20000.00	SAME
QJONU03	1.00	200000.00	1.00	200000.00	SAME
QJONU04	4.00	5000.00	4.00	5000.00	SAME
QJOSS01	20.00	1000.00	20.00	1000.00	SAME
QJOSS02	1.00	20000.00	1.00	20000.00	SAME
QJOSS03	4.00	5000.00	4.00	5000.00	SAME
QKACA01	30.00	500.00	30.00	500.00	SAME
QKACA02	90.00	100.00	90.00	100.00	SAME
QKACA03	90.00	100.00	90.00	100.00	SAME
QKACA04	30.00	500.00	30.00	500.00	SAME
QKACA05	30.00	500.00	30.00	500.00	SAME
QKACA06	30.00	500.00	30.00	500.00	SAME
QKACA07	40.00	500.00	40.00	500.00	SAME
QKACA08	40.00	500.00	40.00	500.00	SAME
QKACA09	120.00	50.00	120.00	50.00	SAME
QKACA10	20.00	500.00	20.00	500.00	SAME
QKACA11	120.00	50.00	120.00	50.00	SAME
QKACA12	40.00	500.00	40.00	500.00	SAME
QKACA13	120.00	50.00	120.00	50.00	SAME
QKACA14	1.00	1000.00	1.00	1000.00	SAME
QKACA15	25.00	1000.00	25.00	1000.00	SAME
QKACA16	40.00	500.00	40.00	500.00	SAME
QKACA17	30.00	500.00	30.00	500.00	SAME
QKACA18	24.00	1000.00	1.00	1.00	CHANGE
QKACA19	40.00	500.00	0.00	0.00	CHANGE
QKACA20	40.00	500.00	0.00	0.00	CHANGE
QKACA21	20.00	500.00	1.00	1.00	CHANGE
QKACA22	30.00	500.00	1.00	1.00	CHANGE
QKACA23	100.00	100.00	1.00	1.00	CHANGE
QKALE01	1.00	0.00	1.00	1.00	CHANGE
QKALE02	1.00	0.00	1.00	1.00	CHANGE
QKALI01	20.00	400.00	20.00	400.00	SAME
QKALI02	30.00	400.00	30.00	400.00	SAME
QKALI03	40.00	200.00	40.00	200.00	SAME
QKALI04	50.00	200.00	50.00	200.00	SAME
QKALI05	50.00	80.00	50.00	80.00	SAME
QKALI06	30.00	400.00	30.00	400.00	SAME
QKALI07	50.00	80.00	50.00	80.00	SAME
QKALI08	30.00	400.00	30.00	400.00	SAME
QKALI09	10.00	1000.00	10.00	1000.00	SAME
QKAMI01	20.00	250.00	0.00	0.00	CHANGE
QKANG01	20.00	1000.00	20.00	1000.00	SAME
QKANG02	30.00	500.00	30.00	500.00	SAME
QKANG03	15.00	1000.00	15.00	1000.00	SAME
QKANG04	30.00	500.00	1.00	1.00	CHANGE
QKANG05	20.00	1000.00	20.00	1000.00	SAME
QKANG06	10.00	50.00	10.00	50.00	SAME
QKANG07	20.00	1000.00	20.00	1000.00	SAME
QKANG08	20.00	1000.00	20.00	1000.00	SAME
QKANG09	90.00	100.00	90.00	100.00	SAME
QKANG10	40.00	500.00	40.00	500.00	SAME
QKANG11	20.00	1000.00	0.00	0.00	CHANGE
QKANM01	20.00	1000.00	20.00	1000.00	SAME
QKANO01	20.00	400.00	20.00	400.00	SAME
QKANO02	50.00	100.00	50.00	100.00	SAME
QKAOS01	1.00	1000.00	1.00	1000.00	SAME
QKAOS02	1.00	1.00	1.00	1.00	SAME
QKAOS03	1.00	1.00	1.00	1.00	SAME
QKAOS04	1.00	1000.00	1.00	1000.00	SAME
QKAOS05	1.00	1.00	1.00	1.00	SAME
QKAOS06	1.00	1.00	1.00	1.00	SAME
QKAOS07	1.00	1000.00	1.00	1000.00	SAME
QKAOS08	1.00	1000.00	1.00	1000.00	SAME
QKAOS09	1.00	1000.00	1.00	1000.00	SAME
QKAOS10	1.00	1000.00	1.00	1000.00	SAME
QKAOS11	1.00	1000.00	1.00	1000.00	SAME
QKAOS12	1.00	1000.00	1.00	1000.00	SAME
QKAOS13	1.00	1.00	1.00	1.00	SAME
QKAOS14	1.00	1.00	1.00	1.00	SAME
QKAOS15	1.00	1000.00	0.00	0.00	CHANGE
QKAOS16	1.00	1.00	0.00	0.00	CHANGE
QKAOS17	1.00	1.00	0.00	0.00	CHANGE
QKAOS18	1.00	1.00	0.00	0.00	CHANGE
QKARB01	1.00	1.00	1.00	1.00	SAME
QKARB02	20.00	500.00	20.00	500.00	SAME
QKARD01	80.00	100.00	80.00	100.00	SAME
QKARD02	1.00	1.00	1.00	1.00	SAME
QKARD03	1.00	1.00	1.00	1.00	SAME
QKARD04	100.00	100.00	100.00	100.00	SAME
QKARE01	1.00	1.00	1.00	1.00	SAME
QKARI01	20.00	500.00	20.00	500.00	SAME
QKARI02	50.00	200.00	50.00	200.00	SAME
QKARI03	50.00	200.00	50.00	200.00	SAME
QKARI04	15.00	1000.00	15.00	1000.00	SAME
QKARI05	20.00	500.00	20.00	500.00	SAME
QKARI06	25.00	400.00	0.00	0.00	CHANGE
QKARI07	20.00	800.00	20.00	800.00	SAME
QKARI08	50.00	100.00	50.00	100.00	SAME
QKARI09	40.00	200.00	40.00	200.00	SAME
QKARI10	40.00	250.00	40.00	250.00	SAME
QKARI11	20.00	500.00	20.00	500.00	SAME
QKARI12	20.00	1000.00	20.00	1000.00	SAME
QKARI13	20.00	400.00	1.00	1.00	CHANGE
QKARI14	20.00	500.00	20.00	500.00	SAME
QKARI15	50.00	100.00	1.00	1.00	CHANGE
QKARI16	40.00	200.00	1.00	1.00	CHANGE
QKARI17	40.00	200.00	0.00	0.00	CHANGE
QKARI18	20.00	400.00	1.00	1.00	CHANGE
QKARI19	20.00	800.00	1.00	1.00	CHANGE
QKART01	1.00	1.00	0.00	0.00	CHANGE
QKARU01	1.00	1.00	0.00	0.00	CHANGE
QKATA01	20.00	100.00	20.00	100.00	SAME
QKATA02	40.00	50.00	40.00	50.00	SAME
QKATU01	1.00	1.00	1.00	1.00	SAME
QKAYA01	10.00	1000.00	10.00	1000.00	SAME
QKAYA02	20.00	500.00	20.00	500.00	SAME
QKAYA03	40.00	250.00	40.00	250.00	SAME
QKAYA04	20.00	500.00	20.00	500.00	SAME
QKCLK01	5.00	5000.00	5.00	5000.00	SAME
QKCLP01	10.00	5000.00	10.00	5000.00	SAME
QKCLW01	30.00	500.00	30.00	500.00	SAME
QKCLW02	12.00	1000.00	12.00	1000.00	SAME
QKELO01	20.00	500.00	20.00	500.00	SAME
QKELP01	20.00	500.00	20.00	500.00	SAME
QKELP02	1.00	100.00	1.00	100.00	SAME
QKELP03	50.00	100.00	50.00	100.00	SAME
QKELP04	40.00	250.00	40.00	250.00	SAME
QKEME01	1.00	1000.00	1.00	1000.00	SAME
QKENC01	24.00	500.00	24.00	500.00	SAME
QKENC02	20.00	1000.00	20.00	1000.00	SAME
QKENF01	10.00	2000.00	10.00	2000.00	SAME
QKENM01	100.00	100.00	0.00	0.00	CHANGE
QKENM02	48.00	250.00	0.00	0.00	CHANGE
QKENM03	24.00	500.00	0.00	0.00	CHANGE
QKENM04	100.00	100.00	1.00	1.00	CHANGE
QKENM05	48.00	250.00	1.00	1.00	CHANGE
QKENM06	24.00	250.00	0.00	0.00	CHANGE
QKENM07	24.00	250.00	0.00	0.00	CHANGE
QKENM08	24.00	500.00	0.00	0.00	CHANGE
QKENM09	20.00	1000.00	0.00	0.00	CHANGE
QKERI01	20.00	1000.00	20.00	1000.00	SAME
QKERI02	4.00	5000.00	4.00	5000.00	SAME
QKERI03	1.00	20000.00	1.00	20000.00	SAME
QKETA01	40.00	250.00	40.00	250.00	SAME
QKETA02	20.00	500.00	20.00	500.00	SAME
QKETA03	10.00	1000.00	10.00	1000.00	SAME
QKICK01	48.00	100.00	48.00	100.00	SAME
QKICK02	20.00	250.00	20.00	250.00	SAME
QKICK03	20.00	500.00	20.00	500.00	SAME
QKICK04	20.00	1000.00	20.00	1000.00	SAME
QKICK05	20.00	1000.00	20.00	1000.00	SAME
QKILA01	300.00	25.00	300.00	25.00	SAME
QKIMI01	80.00	100.00	80.00	100.00	SAME
QKING01	1.00	20000.00	1.00	20000.00	SAME
QKING02	4.00	5000.00	4.00	5000.00	SAME
QKING03	20.00	1000.00	20.00	1000.00	SAME
QKLEE01	1.00	20000.00	1.00	20000.00	SAME
QKLER01	10.00	1000.00	10.00	1000.00	SAME
QKLER02	4.00	5000.00	4.00	5000.00	SAME
QKLER03	40.00	150.00	40.00	150.00	SAME
QKLOO01	10.00	1000.00	10.00	1000.00	SAME
QKLOO02	50.00	100.00	50.00	100.00	SAME
QKLOO03	20.00	1000.00	20.00	1000.00	SAME
QKLOP01	20.00	500.00	20.00	500.00	SAME
QKLOP02	12.00	1000.00	12.00	1000.00	SAME
QKLOP03	40.00	250.00	1.00	1.00	CHANGE
QKLOP04	5.00	2000.00	1.00	1.00	CHANGE
QKLOR01	20.00	400.00	20.00	400.00	SAME
QKNO301	15.00	2000.00	15.00	2000.00	SAME
QKNO302	12.00	2000.00	12.00	2000.00	SAME
QKNO303	15.00	2000.00	15.00	2000.00	SAME
QKNO304	25.00	2000.00	25.00	2000.00	SAME
QKNO305	10.00	2000.00	10.00	2000.00	SAME
QKNO306	10.00	2000.00	10.00	2000.00	SAME
QKNO307	30.00	1000.00	30.00	1000.00	SAME
QKNO308	30.00	1000.00	30.00	1000.00	SAME
QKNO309	6.00	5000.00	6.00	5000.00	SAME
QKNO310	12.00	2000.00	12.00	2000.00	SAME
QKNOC01	30.00	200.00	30.00	200.00	SAME
QKNOC02	50.00	80.00	50.00	80.00	SAME
QKNOC03	20.00	400.00	20.00	400.00	SAME
QKNOC04	20.00	200.00	20.00	200.00	SAME
QKNOC05	30.00	200.00	30.00	200.00	SAME
QKNOCK06	40.00	200.00	40.00	200.00	SAME
QKOBO01	20.00	1000.00	1.00	1.00	CHANGE
QKOBO02	4.00	5000.00	1.00	1.00	CHANGE
QKOBO03	1.00	20000.00	1.00	1.00	CHANGE
QKOCI01	100.00	100.00	100.00	100.00	SAME
QKOMO01	4.00	5000.00	4.00	5000.00	SAME
QKONS01	40.00	250.00	40.00	250.00	SAME
QKONS02	25.00	500.00	25.00	500.00	SAME
QKONS03	50.00	100.00	50.00	100.00	SAME
QKONS04	20.00	1000.00	20.00	1000.00	SAME
QKONS05	100.00	100.00	100.00	100.00	SAME
QKONT01	50.00	200.00	0.00	0.00	CHANGE
QKONT02	20.00	500.00	1.00	1.00	CHANGE
QKOVI01	1000.00	15.00	1000.00	15.00	SAME
QKOVI02	100.00	100.00	100.00	100.00	SAME
QKOVI03	1.00	25000.00	1.00	25000.00	SAME
QKOVI04	10.00	1000.00	10.00	1000.00	SAME
QKRAN01	1.00	0.00	1.00	1.00	CHANGE
QKRAN02	1.00	1.00	1.00	1.00	SAME
QKRAN03	1.00	1.00	1.00	1.00	SAME
QKRES01	10.00	2000.00	10.00	2000.00	SAME
QKRES02	20.00	1000.00	20.00	1000.00	SAME
QKRES03	200.00	100.00	200.00	100.00	SAME
QKRES04	16.00	1000.00	0.00	0.00	CHANGE
QKRES05	4.00	5000.00	4.00	5000.00	SAME
QKRES06	1.00	20000.00	1.00	20000.00	SAME
QKRES07	20.00	1000.00	20.00	1000.00	SAME
QKSPL01	20.00	1000.00	20.00	1000.00	SAME
QKSPT01	1.00	50000.00	1.00	50000.00	SAME
QKSPT02	1.00	25000.00	1.00	25000.00	SAME
QKUBI01	240.00	15.00	240.00	15.00	SAME
QKUBI02	1000.00	20.00	1000.00	20.00	SAME
QKUBI03	1000.00	20.00	1000.00	20.00	SAME
QKUBI04	90.00	10.00	90.00	10.00	SAME
QKUBI05	10.00	20.00	10.00	20.00	SAME
QKUBI06	0.00	0.00	1.00	1.00	CHANGE
QKUBI07	240.00	15.00	240.00	15.00	SAME
QKUBI08	240.00	15.00	240.00	15.00	SAME
QKUBI09	1000.00	20.00	0.00	0.00	CHANGE
QKUBI10	200.00	15.00	200.00	15.00	SAME
QKUBI11	10.00	20.00	10.00	20.00	SAME
QKUBI12	100.00	100.00	100.00	100.00	SAME
QKUBI13	240.00	15.00	240.00	15.00	SAME
QKUBI14	240.00	15.00	240.00	15.00	SAME
QKUBI15	10.00	20.00	10.00	20.00	SAME
QKUBI17	240.00	10.00	240.00	10.00	SAME
QKUBI18	240.00	20.00	240.00	20.00	SAME
QKUBI19	80.00	120.00	80.00	120.00	SAME
QKUBI20	240.00	15.00	240.00	15.00	SAME
QKUBI21	30.00	15.00	1.00	1.00	CHANGE
QKULK01	1.00	1.00	0.00	0.00	CHANGE
QKUPR01	20.00	500.00	0.00	0.00	CHANGE
QKUPR02	40.00	200.00	0.00	0.00	CHANGE
QLABE01	1.00	1.00	0.00	0.00	CHANGE
QLABE02	1.00	1.00	0.00	0.00	CHANGE
QLABE03	1.00	1.00	0.00	0.00	CHANGE
QLABE04	1.00	1.00	0.00	0.00	CHANGE
QLABE05	1.00	1.00	0.00	0.00	CHANGE
QLABE06	1.00	1.00	0.00	0.00	CHANGE
QLABU01	240.00	10.00	240.00	10.00	SAME
QLABU02	180.00	10.00	0.00	0.00	CHANGE
QLABU03	180.00	10.00	0.00	0.00	CHANGE
QLALA01	20.00	1000.00	0.00	0.00	CHANGE
QLANC01	100.00	100.00	100.00	100.00	SAME
QLANC02	40.00	250.00	40.00	250.00	SAME
QLANC03	20.00	500.00	20.00	500.00	SAME
QLANG01	20.00	1000.00	20.00	1000.00	SAME
QLANG02	20.00	400.00	20.00	400.00	SAME
QLANG03	20.00	1000.00	20.00	1000.00	SAME
QLANG04	50.00	100.00	50.00	100.00	SAME
QLANG05	20.00	1000.00	20.00	1000.00	SAME
QLANI01	100.00	100.00	100.00	100.00	SAME
QLANN01	100.00	100.00	100.00	100.00	SAME
QLANN02	600.00	15.00	600.00	15.00	SAME
QLANN03	40.00	250.00	40.00	250.00	SAME
QLANN04	100.00	100.00	100.00	100.00	SAME
QLANN05	1000.00	15.00	1000.00	15.00	SAME
QLANN06	20.00	500.00	20.00	500.00	SAME
QLANN07	40.00	250.00	40.00	250.00	SAME
QLANN08	20.00	500.00	1.00	1.00	CHANGE
QLARV01	100.00	100.00	100.00	100.00	SAME
QLARV02	40.00	250.00	40.00	250.00	SAME
QLARV03	100.00	100.00	100.00	100.00	SAME
QLARV04	600.00	15.00	600.00	15.00	SAME
QLARV05	40.00	250.00	40.00	250.00	SAME
QLARV06	20.00	500.00	20.00	500.00	SAME
QLAST01	20.00	1000.00	20.00	1000.00	SAME
QLAST02	4.00	5000.00	4.00	5000.00	SAME
QLAST03	1.00	20000.00	1.00	20000.00	SAME
QLAST04	4.00	5000.00	4.00	5000.00	SAME
QLEBA01	100.00	100.00	100.00	100.00	SAME
QLEBA02	20.00	500.00	20.00	500.00	SAME
QLEDS01	0.00	0.00	0.00	0.00	SAME
QLEMA01	50.00	100.00	50.00	100.00	SAME
QLEMA02	50.00	50.00	50.00	50.00	SAME
QLENA01	20.00	500.00	0.00	0.00	CHANGE
QLENA02	10.00	1000.00	0.00	0.00	CHANGE
QLENA03	40.00	250.00	0.00	0.00	CHANGE
QLESE01	100.00	100.00	100.00	100.00	SAME
QLICR01	20.00	500.00	20.00	500.00	SAME
QLICR02	10.00	1000.00	10.00	1000.00	SAME
QLICR03	20.00	400.00	20.00	400.00	SAME
QLID01	48.00	200.00	0.00	0.00	CHANGE
QLIDI02	64.00	90.00	0.00	0.00	CHANGE
QLIDI03	48.00	200.00	0.00	0.00	CHANGE
QLIDI04	64.00	90.00	0.00	0.00	CHANGE
QLIDI05	12.00	1000.00	1.00	1.00	CHANGE
QLIND01	20.00	400.00	20.00	400.00	SAME
QLIND02	40.00	200.00	40.00	200.00	SAME
QLITO01	20.00	1000.00	20.00	1000.00	SAME
QLIVA01	100.00	100.00	100.00	100.00	SAME
QLIVA02	40.00	250.00	40.00	250.00	SAME
QLIVA03	20.00	400.00	20.00	400.00	SAME
QLOGA01	50.00	100.00	50.00	100.00	SAME
QLOGA02	30.00	250.00	0.00	0.00	CHANGE
QLOGA03	20.00	500.00	20.00	500.00	SAME
QLOGA04	10.00	1000.00	10.00	1000.00	SAME
QLOGA05	20.00	800.00	20.00	800.00	SAME
QLOGA06	100.00	100.00	0.00	0.00	CHANGE
QLOGA07	40.00	250.00	40.00	250.00	SAME
QLOGR01	1000.00	1.50	1000.00	1.00	CHANGE
QLONG01	20.00	400.00	20.00	400.00	SAME
QLOSM01	50.00	100.00	50.00	100.00	SAME
QLOSM02	40.00	250.00	40.00	250.00	SAME
QLOYA01	20.00	500.00	20.00	500.00	SAME
QLUDE01	50.00	100.00	50.00	100.00	SAME
QLUDE02	30.00	250.00	30.00	250.00	SAME
QLUNA01	100.00	50.00	100.00	50.00	SAME
QLUNA02	100.00	100.00	0.00	0.00	CHANGE
QLUNA03	50.00	100.00	1.00	1.00	CHANGE
QMACE01	20.00	500.00	20.00	500.00	SAME
QMACE02	50.00	250.00	50.00	250.00	SAME
QMACO01	10.00	1000.00	10.00	1000.00	SAME
QMACO02	10.00	1000.00	10.00	1000.00	SAME
QMAES01	10.00	1000.00	10.00	1000.00	SAME
QMAES02	20.00	500.00	20.00	500.00	SAME
QMAGI01	20.00	1000.00	20.00	1000.00	SAME
QMAGI02	4.00	5000.00	4.00	5000.00	SAME
QMAGI03	1.00	20000.00	1.00	20000.00	SAME
QMAGN01	20.00	1000.00	1.00	1.00	CHANGE
QMAKL01	30.00	500.00	30.00	500.00	SAME
QMALA01	1.00	20000.00	0.00	0.00	CHANGE
QMAMI01	20.00	1000.00	20.00	1000.00	SAME
QMAMI02	20.00	1000.00	20.00	1000.00	SAME
QMAMI03	20.00	1000.00	20.00	1000.00	SAME
QMAMI04	20.00	500.00	20.00	500.00	SAME
QMAMI05	40.00	500.00	40.00	500.00	SAME
QMAMI06	20.00	1000.00	0.00	0.00	CHANGE
QMAMI07	40.00	500.00	0.00	0.00	CHANGE
QMAMI08	3.00	5000.00	0.00	0.00	CHANGE
QMANC01	1.00	25000.00	1.00	25000.00	SAME
QMAND01	1.00	20000.00	1.00	20000.00	SAME
QMAND02	20.00	1000.00	20.00	1000.00	SAME
QMAND03	4.00	5000.00	4.00	5000.00	SAME
QMAND04	40.00	250.00	40.00	250.00	SAME
QMAND05	25.00	500.00	25.00	500.00	SAME
QMAND06	1.00	200000.00	1.00	200000.00	SAME
QMANG01	20.00	400.00	20.00	400.00	SAME
QMANG02	20.00	1000.00	20.00	1000.00	SAME
QMANG03	500.00	400.00	500.00	400.00	SAME
QMANI01	120.00	10.00	120.00	10.00	SAME
QMANI02	180.00	10.00	180.00	10.00	SAME
QMANI03	20.00	500.00	20.00	500.00	SAME
QMANO01	20.00	1000.00	20.00	1000.00	SAME
QMANO02	15.00	1000.00	15.00	1000.00	SAME
QMANO03	15.00	1000.00	1.00	1.00	CHANGE
QMANO04	20.00	500.00	1.00	1.00	CHANGE
QMANT01	50.00	200.00	50.00	200.00	SAME
QMANT02	16.00	500.00	16.00	500.00	SAME
QMANZ01	10.00	1000.00	10.00	1000.00	SAME
QMANZ02	20.00	500.00	20.00	500.00	SAME
QMARB01	40.00	100.00	40.00	100.00	SAME
QMARB02	60.00	100.00	60.00	100.00	SAME
QMARC01	20.00	300.00	20.00	300.00	SAME
QMARS01	100.00	100.00	100.00	100.00	SAME
QMARS02	20.00	1000.00	20.00	1000.00	SAME
QMARS03	24.00	500.00	24.00	500.00	SAME
QMARS04	200.00	25.00	200.00	25.00	SAME
QMARS05	50.00	100.00	50.00	100.00	SAME
QMARS06	24.00	500.00	24.00	500.00	SAME
QMART01	12.00	1000.00	12.00	1000.00	SAME
QMARX01	20.00	1000.00	20.00	1000.00	SAME
QMASH01	1.00	50000.00	1.00	50000.00	SAME
QMAST01	20.00	1000.00	20.00	1000.00	SAME
QMAST02	20.00	1000.00	20.00	1000.00	SAME
QMAST03	30.00	1.00	0.00	0.00	CHANGE
QMAST04	10.00	1.00	0.00	0.00	CHANGE
QMASTE01	1.00	1.00	0.00	0.00	CHANGE
QMATA01	10.00	1000.00	10.00	1000.00	SAME
QMATA02	100.00	50.00	100.00	50.00	SAME
QMATA03	100.00	80.00	100.00	80.00	SAME
QMATA04	40.00	250.00	40.00	250.00	SAME
QMATC01	50.00	100.00	50.00	100.00	SAME
QMATR01	20.00	500.00	20.00	500.00	SAME
QMAXI01	40.00	250.00	40.00	250.00	SAME
QMAXI02	50.00	100.00	50.00	100.00	SAME
QMAXX01	20.00	1000.00	20.00	1000.00	SAME
QMAXX02	4.00	5000.00	4.00	5000.00	SAME
QMAXX03	1.00	20000.00	1.00	20000.00	SAME
QMEDI01	1.00	50000.00	1.00	1.00	CHANGE
QMEGA01	20.00	1000.00	20.00	1000.00	SAME
QMEGA02	25.00	400.00	25.00	400.00	SAME
QMEGA03	20.00	1000.00	20.00	1000.00	SAME
QMEGA04	4.00	5000.00	4.00	5000.00	SAME
QMEGA05	1.00	20000.00	1.00	20000.00	SAME
QMEGA06	20.00	1000.00	20.00	1000.00	SAME
QMEGA07	4.00	5000.00	4.00	5000.00	SAME
QMEGA08	1.00	20000.00	1.00	20000.00	SAME
QMEGA09	20.00	1000.00	20.00	1000.00	SAME
QMEGA10	4.00	5000.00	4.00	5000.00	SAME
QMEGA11	1.00	20000.00	1.00	20000.00	SAME
QMEGA12	10.00	1000.00	1.00	1.00	CHANGE
QMEGA13	20.00	400.00	1.00	1.00	CHANGE
QMEGA14	40.00	250.00	1.00	1.00	CHANGE
QMEGA15	20.00	1000.00	0.00	0.00	CHANGE
QMEGA16	20.00	1000.00	1.00	1.00	CHANGE
QMELO01	240.00	13.00	240.00	13.00	SAME
QMELO02	150.00	13.00	150.00	13.00	SAME
QMELO03	120.00	0.00	120.00	1.00	CHANGE
QMELO04	240.00	13.00	240.00	13.00	SAME
QMELO05	240.00	1.00	240.00	1.00	SAME
QMELO06	150.00	13.00	150.00	13.00	SAME
QMELO07	250.00	0.00	250.00	1.00	CHANGE
QMELO08	240.00	12.50	240.00	12.00	CHANGE
QMELO09	120.00	20.00	120.00	20.00	SAME
QMELO10	240.00	13.00	240.00	13.00	SAME
QMELO11	120.00	20.00	120.00	20.00	SAME
QMELO12	120.00	45.00	120.00	45.00	SAME
QMELO13	120.00	20.00	120.00	20.00	SAME
QMELO14	120.00	20.00	120.00	20.00	SAME
QMELO15	240.00	10.00	240.00	10.00	SAME
QMELO16	120.00	20.00	120.00	20.00	SAME
QMELO17	240.00	550.00	240.00	550.00	SAME
QMELO18	200.00	550.00	200.00	550.00	SAME
QMELO19	200.00	1.00	200.00	1.00	SAME
QMELO20	200.00	1.00	200.00	1.00	SAME
QMELO21	200.00	12.50	200.00	12.00	CHANGE
QMELO22	200.00	13.00	200.00	13.00	SAME
QMELO23	200.00	12.50	200.00	12.00	CHANGE
QMELO24	200.00	13.00	0.00	0.00	CHANGE
QMELO25	250.00	1.00	1.00	1.00	CHANGE
QMELO26	200.00	13.00	0.00	0.00	CHANGE
QMELY01	24.00	250.00	1.00	1.00	CHANGE
QMEOT01	20.00	500.00	20.00	500.00	SAME
QMEOT02	80.00	100.00	80.00	100.00	SAME
QMESI01	1.00	0.00	1.00	1.00	CHANGE
QMESI02	0.00	0.00	1.00	1.00	CHANGE
QMESI03	1.00	1000.00	1.00	1000.00	SAME
QMETA01	40.00	250.00	40.00	250.00	SAME
QMETA02	200.00	5.00	200.00	5.00	SAME
QMETA03	25.00	400.00	0.00	0.00	CHANGE
QMETA04	20.00	800.00	0.00	0.00	CHANGE
QMETA05	50.00	100.00	0.00	0.00	CHANGE
QMETA06	400.00	5.00	400.00	5.00	SAME
QMETA07	15.00	500.00	15.00	500.00	SAME
QMETA08	25.00	100.00	25.00	100.00	SAME
QMETA09	100.00	100.00	0.00	0.00	CHANGE
QMETA10	1.00	5.00	1.00	5.00	SAME
QMETA11	25.00	400.00	1.00	1.00	CHANGE
QMETA12	100.00	100.00	1.00	1.00	CHANGE
QMETA13	20.00	800.00	1.00	1.00	CHANGE
QMETI01	100.00	100.00	100.00	100.00	SAME
QMETI02	40.00	200.00	40.00	200.00	SAME
QMETI03	100.00	100.00	100.00	100.00	SAME
QMETI04	1000.00	15.00	1000.00	15.00	SAME
QMETI05	40.00	250.00	40.00	250.00	SAME
QMETI06	40.00	500.00	40.00	500.00	SAME
QMETI07	40.00	400.00	40.00	400.00	SAME
QMETI08	40.00	250.00	40.00	250.00	SAME
QMETI09	20.00	500.00	20.00	500.00	SAME
QMETI10	20.00	800.00	1.00	1.00	CHANGE
QMETR01	40.00	500.00	40.00	500.00	SAME
QMETR02	100.00	100.00	100.00	100.00	SAME
QMETR03	20.00	1000.00	20.00	1000.00	SAME
QMETS01	200.00	40.00	200.00	40.00	SAME
QMETS02	400.00	5.00	400.00	5.00	SAME
QMETS03	800.00	5.00	800.00	5.00	SAME
QMETS04	40.00	50.00	40.00	50.00	SAME
QMETS05	20.00	200.00	20.00	200.00	SAME
QMETS06	20.00	250.00	20.00	250.00	SAME
QMETS07	20.00	100.00	20.00	100.00	SAME
QMEXD01	40.00	200.00	40.00	200.00	SAME
QMEXD02	50.00	100.00	50.00	100.00	SAME
QMEXD03	50.00	50.00	50.00	50.00	SAME
QMEXD04	20.00	1000.00	20.00	1000.00	SAME
QMEXD05	20.00	1000.00	20.00	1000.00	SAME
QMEXD06	20.00	500.00	0.00	0.00	CHANGE
QMEXD07	40.00	250.00	0.00	0.00	CHANGE
QMEXD08	20.00	1000.00	20.00	1000.00	SAME
QMEXD09	20.00	500.00	20.00	500.00	SAME
QMEXD10	40.00	200.00	40.00	200.00	SAME
QMEXD11	20.00	1000.00	20.00	1000.00	SAME
QMEXD12	20.00	500.00	20.00	500.00	SAME
QMEXD13	40.00	200.00	40.00	200.00	SAME
QMEXD14	50.00	100.00	50.00	100.00	SAME
QMEXD15	50.00	50.00	50.00	50.00	SAME
QMICR01	0.00	0.00	1.00	1.00	CHANGE
QMICR02	0.00	0.00	1.00	1.00	CHANGE
QMIKR01	5.00	4000.00	5.00	4000.00	SAME
QMIKR02	4.00	5000.00	4.00	5000.00	SAME
QMINE01	100.00	50.00	100.00	50.00	SAME
QMINE02	50.00	100.00	50.00	100.00	SAME
QMIPC01	100.00	100.00	100.00	100.00	SAME
QMIPC02	100.00	100.00	100.00	100.00	SAME
QMIPC03	20.00	500.00	20.00	500.00	SAME
QMIPC04	20.00	500.00	20.00	500.00	SAME
QMIRA01	100.00	100.00	100.00	100.00	SAME
QMIRA02	25.00	400.00	25.00	400.00	SAME
QMITI01	50.00	100.00	50.00	100.00	SAME
QMITI02	20.00	500.00	1.00	1.00	CHANGE
QMITI03	15.00	1000.00	1.00	1.00	CHANGE
QMITI04	50.00	100.00	1.00	1.00	CHANGE
QMITI05	40.00	200.00	1.00	1.00	CHANGE
QMITI06	50.00	100.00	1.00	1.00	CHANGE
QMITI07	40.00	200.00	1.00	1.00	CHANGE
QMITR01	20.00	500.00	20.00	500.00	SAME
QMITR02	15.00	1000.00	15.00	1000.00	SAME
QMITR03	10.00	1000.00	10.00	1000.00	SAME
QMKFO01	20.00	1000.00	20.00	1000.00	SAME
QMKP01	20.00	1000.00	20.00	1000.00	SAME
QMOME01	200.00	5.00	200.00	5.00	SAME
QMONE01	20.00	400.00	20.00	400.00	SAME
QMONE02	30.00	200.00	30.00	200.00	SAME
QMONE03	1.00	20000.00	1.00	20000.00	SAME
QMONE04	1.00	200000.00	1.00	200000.00	SAME
QMONE05	4.00	5000.00	4.00	5000.00	SAME
QMONE06	20.00	1000.00	20.00	1000.00	SAME
QMONE07	40.00	200.00	40.00	200.00	SAME
QMONE08	50.00	200.00	50.00	200.00	SAME
QMONK01	100.00	100.00	100.00	100.00	SAME
QMONK02	40.00	200.00	40.00	200.00	SAME
QMONK03	40.00	400.00	40.00	400.00	SAME
QMONK04	100.00	100.00	100.00	100.00	SAME
QMONT01	40.00	250.00	40.00	250.00	SAME
QMONT02	50.00	100.00	50.00	100.00	SAME
QMONT03	20.00	500.00	20.00	500.00	SAME
QMOPK01	10.00	5000.00	10.00	5000.00	SAME
QMOPK02	1.00	50000.00	1.00	50000.00	SAME
QMOPK03	1.00	50000.00	1.00	50000.00	SAME
QMOSP01	20.00	100.00	20.00	100.00	SAME
QMOSP02	20.00	400.00	20.00	400.00	SAME
QMOSP03	48.00	100.00	48.00	100.00	SAME
QMOVE01	100.00	100.00	0.00	0.00	CHANGE
QMOVE02	100.00	50.00	100.00	50.00	SAME
QMOVE03	50.00	50.00	1.00	1.00	CHANGE
QMOVE04	50.00	100.00	1.00	1.00	CHANGE
QMOXA01	20.00	400.00	20.00	400.00	SAME
QMRGL03	50.00	100.00	1.00	1.00	CHANGE
QMRKL01	50.00	100.00	50.00	100.00	SAME
QMRQL01	30.00	200.00	1.00	1.00	CHANGE
QMRQL02	50.00	50.00	1.00	1.00	CHANGE
QMUL07	1.00	9000.00	1.00	9000.00	SAME
QMUL09	1.00	9000.00	1.00	9000.00	SAME
QMUL100	1.00	18000.00	1.00	18000.00	SAME
QMUL101	1.00	17000.00	1.00	17000.00	SAME
QMUL102	1.00	18000.00	0.00	0.00	CHANGE
QMUL103	1.00	9000.00	1.00	9000.00	SAME
QMUL104	1.00	18000.00	0.00	0.00	CHANGE
QMUL105	1.00	9000.00	1.00	9000.00	SAME
QMUL106	1.00	18000.00	0.00	0.00	CHANGE
QMUL107	1.00	17000.00	1.00	1.00	CHANGE
QMUL108	1.00	18000.00	0.00	0.00	CHANGE
QMUL109	1.00	17000.00	1.00	1.00	CHANGE
QMUL110	1.00	18000.00	0.00	0.00	CHANGE
QMUL111	1.00	9000.00	1.00	9000.00	SAME
QMUL112	1.00	18000.00	0.00	0.00	CHANGE
QMUL113	1.00	9000.00	1.00	9000.00	SAME
QMUL114	1.00	1000.00	1.00	1000.00	SAME
QMUL115	1.00	18000.00	1.00	18000.00	SAME
QMUL116	1.00	18000.00	1.00	18000.00	SAME
QMUL117	1.00	9000.00	1.00	9000.00	SAME
QMUL118	1.00	17000.00	1.00	17000.00	SAME
QMUL119	1.00	8000.00	1.00	8000.00	SAME
QMUL120	1.00	9000.00	1.00	9000.00	SAME
QMUL121	1.00	17000.00	1.00	17000.00	SAME
QMUL122	1.00	8000.00	1.00	8000.00	SAME
QMUL123	1.00	18000.00	0.00	0.00	CHANGE
QMUL124	1.00	9000.00	1.00	9000.00	SAME
QMUL125	1.00	5000.00	0.00	0.00	CHANGE
QMUL126	1.00	17000.00	1.00	17000.00	SAME
QMUL127	1.00	9000.00	1.00	9000.00	SAME
QMUL128	1.00	17000.00	1.00	17000.00	SAME
QMUL129	1.00	8000.00	1.00	8000.00	SAME
QMUL130	1.00	18000.00	1.00	1.00	CHANGE
QMUL131	1.00	5000.00	1.00	1.00	CHANGE
QMUL132	1.00	9000.00	1.00	1.00	CHANGE
QMUL133	1.00	17000.00	1.00	1.00	CHANGE
QMUL134	1.00	8000.00	1.00	1.00	CHANGE
QMUL135	1.00	9000.00	1.00	1.00	CHANGE
QMUL136	1.00	18000.00	1.00	1.00	CHANGE
QMUL137	1.00	18000.00	1.00	1.00	CHANGE
QMUL138	1.00	18000.00	1.00	1.00	CHANGE
QMUL139	1.00	18000.00	1.00	1.00	CHANGE
QMUL140	0.00	0.00	1.00	1.00	CHANGE
QMUL141	1.00	18000.00	1.00	1.00	CHANGE
QMUL142	0.00	0.00	1.00	1.00	CHANGE
QMULS01	1.00	18000.00	1.00	18000.00	SAME
QMULS02	1.00	9000.00	1.00	9000.00	SAME
QMULS03	1.00	5500.00	1.00	5500.00	SAME
QMULS04	1.00	18000.00	1.00	18000.00	SAME
QMULS05	1.00	9000.00	1.00	9000.00	SAME
QMULS06	1.00	18000.00	1.00	18000.00	SAME
QMULS07	1.00	9000.00	1.00	9000.00	SAME
QMULS08	1.00	9000.00	1.00	9000.00	SAME
QMULS09	1.00	9000.00	1.00	9000.00	SAME
QMULS10	1.00	18000.00	1.00	18000.00	SAME
QMULS100	1.00	17000.00	1.00	17000.00	SAME
QMULS101	1.00	18000.00	1.00	1.00	CHANGE
QMULS102	1.00	18000.00	1.00	1.00	CHANGE
QMULS103	1.00	18000.00	1.00	1.00	CHANGE
QMULS11	1.00	18000.00	1.00	18000.00	SAME
QMULS12	1.00	18000.00	1.00	18000.00	SAME
QMULS13	1.00	9000.00	1.00	9000.00	SAME
QMULS14	1.00	18000.00	1.00	18000.00	SAME
QMULS15	1.00	9000.00	1.00	9000.00	SAME
QMULS16	1.00	18000.00	1.00	18000.00	SAME
QMULS17	1.00	9000.00	1.00	9000.00	SAME
QMULS18	1.00	18000.00	1.00	18000.00	SAME
QMULS19	1.00	9000.00	1.00	9000.00	SAME
QMULS20	1.00	20000.00	1.00	20000.00	SAME
QMULS21	1.00	20000.00	1.00	20000.00	SAME
QMULS22	1.00	10000.00	1.00	10000.00	SAME
QMULS23	1.00	18000.00	1.00	18000.00	SAME
QMULS24	1.00	10000.00	1.00	10000.00	SAME
QMULS25	1.00	9000.00	1.00	9000.00	SAME
QMULS26	1.00	9000.00	1.00	9000.00	SAME
QMULS27	1.00	10000.00	1.00	10000.00	SAME
QMULS28	1.00	20000.00	1.00	20000.00	SAME
QMULS29	1.00	18000.00	1.00	18000.00	SAME
QMULS30	1.00	18000.00	1.00	18000.00	SAME
QMULS31	1.00	18000.00	1.00	18000.00	SAME
QMULS32	1.00	9000.00	1.00	9000.00	SAME
QMULS33	1.00	18000.00	1.00	18000.00	SAME
QMULS34	1.00	9000.00	1.00	9000.00	SAME
QMULS35	1.00	18000.00	1.00	18000.00	SAME
QMULS36	1.00	9000.00	1.00	9000.00	SAME
QMULS37	1.00	18000.00	1.00	18000.00	SAME
QMULS38	1.00	18000.00	1.00	18000.00	SAME
QMULS39	1.00	9000.00	1.00	9000.00	SAME
QMULS40	1.00	9000.00	1.00	9000.00	SAME
QMULS41	1.00	17000.00	1.00	17000.00	SAME
QMULS42	1.00	8000.00	1.00	8000.00	SAME
QMULS43	1.00	17000.00	1.00	17000.00	SAME
QMULS44	1.00	8000.00	1.00	8000.00	SAME
QMULS45	1.00	18000.00	1.00	18000.00	SAME
QMULS46	1.00	9000.00	1.00	9000.00	SAME
QMULS47	1.00	18000.00	1.00	18000.00	SAME
QMULS48	1.00	9000.00	1.00	9000.00	SAME
QMULS49	1.00	9000.00	1.00	9000.00	SAME
QMULS50	1.00	18000.00	1.00	18000.00	SAME
QMULS51	1.00	9000.00	1.00	9000.00	SAME
QMULS52	1.00	10000.00	1.00	10000.00	SAME
QMULS53	1.00	1000.00	0.00	0.00	CHANGE
QMULS54	1.00	18000.00	1.00	18000.00	SAME
QMULS55	0.00	0.00	0.00	0.00	SAME
QMULS56	1.00	1000.00	1.00	1000.00	SAME
QMULS57	1.00	1000.00	0.00	0.00	CHANGE
QMULS58	1.00	18000.00	1.00	18000.00	SAME
QMULS59	1.00	9000.00	1.00	9000.00	SAME
QMULS60	1.00	1000.00	1.00	1000.00	SAME
QMULS61	1.00	1000.00	1.00	1000.00	SAME
QMULS62	1.00	1000.00	1.00	1000.00	SAME
QMULS63	1.00	17000.00	1.00	17000.00	SAME
QMULS64	1.00	8000.00	1.00	8000.00	SAME
QMULS65	1.00	6000.00	1.00	6000.00	SAME
QMULS66	1.00	9000.00	1.00	9000.00	SAME
QMULS67	1.00	18000.00	1.00	18000.00	SAME
QMULS68	1.00	18000.00	1.00	18000.00	SAME
QMULS69	1.00	9000.00	1.00	9000.00	SAME
QMULS70	1.00	18000.00	1.00	18000.00	SAME
QMULS71	1.00	1000.00	1.00	1000.00	SAME
QMULS72	1.00	17000.00	1.00	17000.00	SAME
QMULS73	1.00	8000.00	1.00	8000.00	SAME
QMULS74	1.00	17000.00	1.00	17000.00	SAME
QMULS75	1.00	8000.00	1.00	8000.00	SAME
QMULS76	1.00	18000.00	1.00	18000.00	SAME
QMULS77	1.00	9000.00	1.00	9000.00	SAME
QMULS78	1.00	17000.00	1.00	17000.00	SAME
QMULS79	1.00	8000.00	1.00	8000.00	SAME
QMULS80	1.00	16000.00	1.00	16000.00	SAME
QMULS81	1.00	8000.00	1.00	8000.00	SAME
QMULS82	1.00	16000.00	1.00	16000.00	SAME
QMULS83	1.00	8000.00	1.00	8000.00	SAME
QMULS84	1.00	17000.00	1.00	17000.00	SAME
QMULS85	1.00	17000.00	1.00	17000.00	SAME
QMULS86	1.00	8000.00	1.00	8000.00	SAME
QMULS87	1.00	16000.00	1.00	16000.00	SAME
QMULS88	1.00	8000.00	1.00	8000.00	SAME
QMULS89	1.00	8000.00	1.00	8000.00	SAME
QMULS90	1.00	18000.00	1.00	18000.00	SAME
QMULS91	1.00	17000.00	1.00	17000.00	SAME
QMULS92	1.00	8000.00	1.00	8000.00	SAME
QMULS93	1.00	9000.00	1.00	9000.00	SAME
QMULS94	1.00	15000.00	1.00	15000.00	SAME
QMULS95	0.00	0.00	0.00	0.00	SAME
QMULS96	1.00	9000.00	1.00	9000.00	SAME
QMULS97	1.00	18000.00	1.00	18000.00	SAME
QMULS98	1.00	9000.00	1.00	9000.00	SAME
QMULS99	1.00	16000.00	1.00	16000.00	SAME
QMULT01	20.00	1000.00	20.00	1000.00	SAME
QMULT02	20.00	1000.00	20.00	1000.00	SAME
QMULT03	20.00	1000.00	20.00	1000.00	SAME
QMUPX01	20.00	1000.00	20.00	1000.00	SAME
QMUPX02	4.00	5000.00	4.00	5000.00	SAME
QMUPX03	1.00	20000.00	1.00	20000.00	SAME
QMUPX04	20.00	1000.00	1.00	1.00	CHANGE
QMUPX05	4.00	5000.00	1.00	1.00	CHANGE
QMUPX06	1.00	20000.00	1.00	1.00	CHANGE
QMURY01	1.00	1.00	1.00	1.00	SAME
QMUTU01	100.00	100.00	100.00	100.00	SAME
QMUTU02	40.00	250.00	40.00	250.00	SAME
QMUTU03	50.00	100.00	0.00	0.00	CHANGE
QNAND01	50.00	100.00	50.00	100.00	SAME
QNANO01	500.00	2.00	0.00	0.00	CHANGE
QNATI01	300.00	12.50	0.00	0.00	CHANGE
QNATI02	100.00	50.00	100.00	50.00	SAME
QNATI03	320.00	12.50	320.00	12.00	CHANGE
QNELV01	20.00	1000.00	20.00	1000.00	SAME
QNEMA01	20.00	1000.00	20.00	1000.00	SAME
QNEMA02	20.00	500.00	20.00	500.00	SAME
QNEMA03	10.00	1000.00	10.00	1000.00	SAME
QNEOC01	20.00	500.00	20.00	500.00	SAME
QNEOC02	20.00	250.00	20.00	250.00	SAME
QNEOC03	15.00	1000.00	15.00	1000.00	SAME
QNEOF01	50.00	100.00	50.00	100.00	SAME
QNEOF02	40.00	250.00	40.00	250.00	SAME
QNEOF03	24.00	500.00	24.00	500.00	SAME
QNEOF04	12.00	800.00	12.00	800.00	SAME
QNEOR01	16.00	250.00	16.00	250.00	SAME
QNEPT01	50.00	50.00	50.00	50.00	SAME
QNEPT02	50.00	100.00	50.00	100.00	SAME
QNESH01	300.00	25.00	300.00	25.00	SAME
QNEWF01	30.00	500.00	1.00	1.00	CHANGE
QNEWF02	30.00	500.00	1.00	1.00	CHANGE
QNEWF03	30.00	500.00	1.00	1.00	CHANGE
QNIKO01	20.00	500.00	0.00	0.00	CHANGE
QNIKO02	40.00	250.00	0.00	0.00	CHANGE
QNIKO03	10.00	1000.00	0.00	0.00	CHANGE
QNIMR01	40.00	250.00	40.00	250.00	SAME
QNITR01	4.00	5000.00	4.00	5000.00	SAME
QNITR02	1.00	25000.00	1.00	25000.00	SAME
QNIXO01	20.00	1000.00	20.00	1000.00	SAME
QNIXO02	4.00	5000.00	4.00	5000.00	SAME
QNOMI01	40.00	250.00	40.00	250.00	SAME
QNORD01	100.00	100.00	100.00	100.00	SAME
QNORD02	0.00	0.00	1.00	1.00	CHANGE
QNORD03	150.00	100.00	1.00	1.00	CHANGE
QNORD04	30.00	500.00	1.00	1.00	CHANGE
QNOSE01	1.00	1.00	1.00	1.00	SAME
QNOSE02	1.00	1.00	1.00	1.00	SAME
QNOSE03	1.00	1000.00	1.00	1000.00	SAME
QNOSE04	1.00	1000.00	1.00	1000.00	SAME
QNOSE05	1.00	1000.00	1.00	1000.00	SAME
QNOST01	20.00	500.00	0.00	0.00	CHANGE
QNOST02	40.00	250.00	0.00	0.00	CHANGE
QNOST03	0.00	0.00	0.00	0.00	SAME
QNOST04	40.00	250.00	40.00	250.00	SAME
QNOST05	20.00	500.00	1.00	1.00	CHANGE
QNOTEB01	1.00	1.00	0.00	0.00	CHANGE
QNOVL01	20.00	500.00	20.00	500.00	SAME
QNOWE01	50.00	100.00	50.00	100.00	SAME
QNOWE02	50.00	50.00	50.00	50.00	SAME
QNOXO01	20.00	1000.00	20.00	1000.00	SAME
QNOXO02	20.00	500.00	20.00	500.00	SAME
QNOXO03	50.00	250.00	50.00	250.00	SAME
QNOXO04	20.00	1000.00	20.00	1000.00	SAME
QNOXO05	4.00	5000.00	4.00	5000.00	SAME
QNOXO06	1.00	20000.00	1.00	20000.00	SAME
QNOXO07	1.00	20000.00	1.00	20000.00	SAME
QNOXO08	4.00	5000.00	4.00	5000.00	SAME
QNOXO10	20.00	1000.00	20.00	1000.00	SAME
QNOZZ01	1.00	0.00	1.00	1.00	CHANGE
QNPK101	1.00	20000.00	1.00	20000.00	SAME
QNPK102	1.00	50000.00	1.00	50000.00	SAME
QNPK103	20.00	1000.00	20.00	1000.00	SAME
QNPK104	50.00	1000.00	50.00	1000.00	SAME
QNPK105	1.00	50000.00	1.00	50000.00	SAME
QNPK106	1.00	50000.00	1.00	50000.00	SAME
QNPK107	1.00	50000.00	1.00	50000.00	SAME
QNPK108	20.00	1000.00	20.00	1000.00	SAME
QNPK109	50.00	1000.00	50.00	1000.00	SAME
QNPK110	1.00	20000.00	1.00	20000.00	SAME
QNPK111	25.00	1000.00	25.00	1000.00	SAME
QNPK112	1.00	50000.00	1.00	50000.00	SAME
QNPK113	1.00	50000.00	1.00	50000.00	SAME
QNPK114	1.00	20000.00	1.00	20000.00	SAME
QNPK115	20.00	1000.00	20.00	1000.00	SAME
QNPK116	1.00	25000.00	1.00	25000.00	SAME
QNPK117	20.00	1000.00	20.00	1000.00	SAME
QNPK118	1.00	20000.00	1.00	20000.00	SAME
QNPK119	1.00	50000.00	1.00	50000.00	SAME
QNPK120	25.00	1000.00	25.00	1000.00	SAME
QNPK121	6.00	5000.00	6.00	5000.00	SAME
QNPK122	1.00	20000.00	1.00	20000.00	SAME
QNPK123	10.00	5000.00	10.00	5000.00	SAME
QNPK124	5.00	5.00	5.00	5.00	SAME
QNPKA01	1.00	25000.00	1.00	25000.00	SAME
QNPKA02	0.00	0.00	1.00	1.00	CHANGE
QNPKA03	0.00	0.00	1.00	1.00	CHANGE
QNPKB01	1.00	50000.00	0.00	0.00	CHANGE
QNPKB02	4.00	5000.00	0.00	0.00	CHANGE
QNPKB03	1.00	25000.00	1.00	25000.00	SAME
QNPKB04	10.00	1000.00	10.00	1000.00	SAME
QNPKB06	20.00	1000.00	20.00	1000.00	SAME
QNPKB07	1.00	25000.00	1.00	25000.00	SAME
QNPKB08	1.00	50000.00	1.00	50000.00	SAME
QNPKB09	1.00	25000.00	1.00	25000.00	SAME
QNPKB10	25.00	1000.00	25.00	1000.00	SAME
QNPKB11	10.00	5000.00	10.00	5000.00	SAME
QNPKB12	1.00	25000.00	1.00	25000.00	SAME
QNPKC01	4.00	5000.00	4.00	5000.00	SAME
QNPKC02	1.00	50000.00	1.00	50000.00	SAME
QNPKC03	1.00	50000.00	1.00	50000.00	SAME
QNPKC04	1.00	10000.00	1.00	10000.00	SAME
QNPKC05	20.00	1000.00	20.00	1000.00	SAME
QNPKC06	1.00	25000.00	1.00	25000.00	SAME
QNPKC07	1.00	50000.00	1.00	50000.00	SAME
QNPKC08	10.00	5000.00	10.00	5000.00	SAME
QNPKC09	10.00	5000.00	10.00	5000.00	SAME
QNPKC10	1.00	25000.00	1.00	25000.00	SAME
QNPKC11	20.00	1000.00	20.00	1000.00	SAME
QNPKC12	10.00	5000.00	10.00	5000.00	SAME
QNPKC13	1.00	50000.00	1.00	50000.00	SAME
QNPKD01	24.00	1000.00	24.00	1000.00	SAME
QNPKD02	1.00	50000.00	1.00	50000.00	SAME
QNPKD03	1.00	50000.00	1.00	50000.00	SAME
QNPKD04	6.00	5000.00	6.00	5000.00	SAME
QNPKD05	24.00	1000.00	24.00	1000.00	SAME
QNPKD06	1.00	50000.00	1.00	50000.00	SAME
QNPKD07	1.00	25000.00	1.00	25000.00	SAME
QNPKD08	30.00	1000.00	30.00	1000.00	SAME
QNPKD09	1.00	25000.00	1.00	25000.00	SAME
QNPKD10	1.00	25000.00	1.00	25000.00	SAME
QNPKD11	1.00	25000.00	1.00	25000.00	SAME
QNPKD17	1.00	25000.00	1.00	25000.00	SAME
QNPKD18	24.00	1000.00	24.00	1000.00	SAME
QNPKL01	1.00	50000.00	1.00	50000.00	SAME
QNPKM01	20.00	1000.00	20.00	1000.00	SAME
QNPKM02	1.00	50000.00	1.00	50000.00	SAME
QNPKM03	1.00	50000.00	1.00	50000.00	SAME
QNPKM04	1.00	20000.00	1.00	20000.00	SAME
QNPKM05	1.00	50000.00	1.00	50000.00	SAME
QNPKM06	1.00	50000.00	1.00	50000.00	SAME
QNPKM07	1.00	50000.00	1.00	50000.00	SAME
QNPKM08	1.00	20000.00	1.00	20000.00	SAME
QNPKM09	1.00	25000.00	1.00	25000.00	SAME
QNPKM10	1.00	50000.00	1.00	50000.00	SAME
QNPKM11	20.00	1000.00	0.00	0.00	CHANGE
QNPKM12	1.00	25000.00	1.00	1.00	CHANGE
QNPKM13	1.00	20000.00	1.00	1.00	CHANGE
QNPKM14	1.00	50000.00	1.00	1.00	CHANGE
QNPKM15	16.00	1000.00	0.00	0.00	CHANGE
QNPKN01	1.00	25000.00	1.00	25000.00	SAME
QNPKN02	1.00	25000.00	1.00	25000.00	SAME
QNPKN03	10.00	1000.00	10.00	1000.00	SAME
QNPKN04	10.00	1000.00	10.00	1000.00	SAME
QNPKN05	25.00	1000.00	25.00	1000.00	SAME
QNPKN06	25.00	1000.00	25.00	1000.00	SAME
QNPKN07	5.00	5000.00	5.00	5000.00	SAME
QNPKR01	1.00	25000.00	1.00	25000.00	SAME
QNPKR02	1.00	25000.00	1.00	25000.00	SAME
QNPKR03	1.00	25000.00	1.00	25000.00	SAME
QNPKR04	1.00	25000.00	1.00	25000.00	SAME
QNPKR05	1.00	50000.00	1.00	1.00	CHANGE
QNPKR06	4.00	5000.00	1.00	1.00	CHANGE
QNPKR07	50.00	1000.00	1.00	1.00	CHANGE
QNPKS01	1.00	50000.00	1.00	50000.00	SAME
QNPKS02	1.00	50000.00	1.00	50000.00	SAME
QNPKS03	1.00	25000.00	1.00	25000.00	SAME
QNPKS04	8.00	5000.00	0.00	0.00	CHANGE
QNPKS05	1.00	25000.00	1.00	25000.00	SAME
QNPKS06	8.00	5000.00	0.00	0.00	CHANGE
QNPKS07	1.00	50000.00	1.00	50000.00	SAME
QNPKS08	1.00	50000.00	1.00	50000.00	SAME
QNUCL01	1.00	20000.00	1.00	20000.00	SAME
QNUCL02	20.00	1000.00	20.00	1000.00	SAME
QNUCL03	4.00	5000.00	4.00	5000.00	SAME
QNUCL04	1.00	20000.00	1.00	20000.00	SAME
QNUFA01	15.00	1000.00	15.00	1000.00	SAME
QNUFA02	12.00	1000.00	12.00	1000.00	SAME
QNUGR01	50.00	100.00	50.00	100.00	SAME
QNUGR02	40.00	250.00	40.00	250.00	SAME
QNUME01	15.00	1000.00	15.00	1000.00	SAME
QNURE01	20.00	500.00	20.00	500.00	SAME
QNURE02	50.00	100.00	50.00	100.00	SAME
QOBAL01	20.00	400.00	20.00	400.00	SAME
QOBSE01	10.00	1000.00	10.00	1000.00	SAME
QODEO01	100.00	100.00	100.00	100.00	SAME
QODEO02	20.00	500.00	20.00	500.00	SAME
QODEO03	16.00	500.00	16.00	500.00	SAME
QOMNI01	100.00	100.00	1.00	1.00	CHANGE
QOMNI02	50.00	200.00	1.00	1.00	CHANGE
QOMNI03	20.00	400.00	1.00	1.00	CHANGE
QONES01	50.00	100.00	50.00	100.00	SAME
QONES02	40.00	250.00	40.00	250.00	SAME
QONES03	40.00	250.00	40.00	250.00	SAME
QONES04	20.00	500.00	20.00	500.00	SAME
QONES05	100.00	100.00	100.00	100.00	SAME
QONEU01	20.00	1000.00	20.00	1000.00	SAME
QONEU02	4.00	5000.00	4.00	5000.00	SAME
QOPLO01	50.00	80.00	50.00	80.00	SAME
QOPLO02	40.00	200.00	40.00	200.00	SAME
QOPLO03	20.00	400.00	20.00	400.00	SAME
QOPLO04	10.00	800.00	10.00	800.00	SAME
QOPTI01	120.00	30.00	120.00	30.00	SAME
QOPTI02	128.00	30.00	128.00	30.00	SAME
QOPTI03	20.00	1000.00	0.00	0.00	CHANGE
QOPUS01	48.00	80.00	48.00	80.00	SAME
QORCA01	20.00	1000.00	20.00	1000.00	SAME
QORCA02	1.00	20000.00	1.00	20000.00	SAME
QORCA03	4.00	5000.00	4.00	5000.00	SAME
QORCA04	1.00	200000.00	1.00	200000.00	SAME
QORIN01	1.00	0.00	1.00	1.00	CHANGE
QORIO01	50.00	200.00	0.00	0.00	CHANGE
QORON01	20.00	500.00	20.00	500.00	SAME
QOSCA01	20.00	500.00	20.00	500.00	SAME
QOSCA02	50.00	80.00	50.00	80.00	SAME
QOSMO01	40.00	100.00	40.00	100.00	SAME
QOSMO02	24.00	500.00	24.00	500.00	SAME
QOSMO03	40.00	100.00	40.00	100.00	SAME
QOSMO04	24.00	500.00	24.00	500.00	SAME
QOSMO05	40.00	100.00	40.00	100.00	SAME
QOSMO06	24.00	500.00	24.00	500.00	SAME
QOUTE01	1.00	1.00	0.00	0.00	CHANGE
QOUTE02	1.00	100.00	0.00	0.00	CHANGE
QOXAT01	100.00	100.00	100.00	100.00	SAME
QOYON01	180.00	1.00	0.00	0.00	CHANGE
QOYON02	240.00	10.00	240.00	10.00	SAME
QOYON03	180.00	10.00	180.00	10.00	SAME
QOYON04	25.00	3.00	25.00	3.00	SAME
QOYON05	180.00	1.00	180.00	1.00	SAME
QOYON06	180.00	1.00	180.00	1.00	SAME
QOYON07	480.00	10.00	480.00	10.00	SAME
QOYON08	180.00	10.00	180.00	10.00	SAME
QOYON09	12.00	10.00	12.00	10.00	SAME
QPACL01	80.00	100.00	80.00	100.00	SAME
QPADI01	20.00	1000.00	20.00	1000.00	SAME
QPADI02	8.00	5000.00	0.00	0.00	CHANGE
QPADI03	8.00	5000.00	8.00	5000.00	SAME
QPADI04	15.00	1000.00	15.00	1000.00	SAME
QPADI05	15.00	1000.00	15.00	1000.00	SAME
QPADI06	20.00	1000.00	20.00	1000.00	SAME
QPADI07	4.00	5000.00	4.00	5000.00	SAME
QPADI08	20.00	1000.00	20.00	1000.00	SAME
QPADI09	4.00	5000.00	4.00	5000.00	SAME
QPADI10	4.00	5000.00	4.00	5000.00	SAME
QPADI11	4.00	5000.00	4.00	5000.00	SAME
QPADI12	4.00	5000.00	4.00	5000.00	SAME
QPADI13	4.00	5000.00	4.00	5000.00	SAME
QPADI14	4.00	5000.00	4.00	5000.00	SAME
QPADI15	4.00	5000.00	4.00	5000.00	SAME
QPADI16	4.00	5000.00	4.00	5000.00	SAME
QPADI17	4.00	5000.00	4.00	5000.00	SAME
QPADI18	4.00	5000.00	4.00	5000.00	SAME
QPADI19	4.00	5000.00	4.00	5000.00	SAME
QPADI20	4.00	5000.00	4.00	5000.00	SAME
QPADI21	4.00	5000.00	4.00	5000.00	SAME
QPADI22	4.00	5000.00	4.00	5000.00	SAME
QPADI23	4.00	5000.00	4.00	5000.00	SAME
QPADI24	4.00	5000.00	4.00	5000.00	SAME
QPADI25	4.00	5000.00	4.00	5000.00	SAME
QPADI26	4.00	5000.00	4.00	5000.00	SAME
QPADI27	4.00	5000.00	4.00	5000.00	SAME
QPADI28	4.00	5000.00	4.00	5000.00	SAME
QPADI29	20.00	1000.00	20.00	1000.00	SAME
QPADI30	4.00	5000.00	4.00	5000.00	SAME
QPADI31	4.00	5000.00	4.00	5000.00	SAME
QPADI32	8.00	5000.00	8.00	5000.00	SAME
QPADI33	8.00	5000.00	8.00	5000.00	SAME
QPADI34	4.00	5000.00	4.00	5000.00	SAME
QPADI35	0.00	0.00	0.00	0.00	SAME
QPADI36	0.00	0.00	0.00	0.00	SAME
QPADI37	4.00	5000.00	4.00	5000.00	SAME
QPADI38	4.00	5000.00	4.00	5000.00	SAME
QPADI39	4.00	5000.00	1.00	1.00	CHANGE
QPADI40	20.00	1000.00	1.00	1.00	CHANGE
QPADI41	20.00	1000.00	0.00	0.00	CHANGE
QPADI42	4.00	5000.00	1.00	1.00	CHANGE
QPADI43	4.00	5000.00	1.00	1.00	CHANGE
QPADI44	4.00	5000.00	1.00	1.00	CHANGE
QPADI45	20.00	1000.00	1.00	1.00	CHANGE
QPADI46	0.00	0.00	0.00	0.00	SAME
QPADI47	0.00	0.00	0.00	0.00	SAME
QPADI48	0.00	0.00	0.00	0.00	SAME
QPADI49	0.00	0.00	0.00	0.00	SAME
QPADI50	0.00	0.00	0.00	0.00	SAME
QPADI51	20.00	1000.00	0.00	0.00	CHANGE
QPADI52	0.00	0.00	0.00	0.00	SAME
QPADI53	0.00	0.00	0.00	0.00	SAME
QPAKE01	10.00	40.00	10.00	40.00	SAME
QPAKE02	20.00	20.00	20.00	20.00	SAME
QPAKE03	10.00	500.00	10.00	500.00	SAME
QPAKE04	20.00	250.00	20.00	250.00	SAME
QPAKE05	5.00	1000.00	5.00	1000.00	SAME
QPAKE06	50.00	100.00	50.00	100.00	SAME
QPAKE07	150.00	1000.00	150.00	1000.00	SAME
QPAKE08	20.00	50.00	20.00	50.00	SAME
QPAKE09	0.00	0.00	1.00	1.00	CHANGE
QPAKE10	24.00	0.00	1.00	1.00	CHANGE
QPAKE11	50.00	100.00	1.00	1.00	CHANGE
QPAKE12	0.00	0.00	1.00	1.00	CHANGE
QPAKE13	12.00	500.00	0.00	0.00	CHANGE
QPAKE14	0.00	0.00	0.00	0.00	SAME
QPAKE15	100.00	5.00	0.00	0.00	CHANGE
QPAKE16	0.00	0.00	0.00	0.00	SAME
QPAKE17	0.00	0.00	0.00	0.00	SAME
QPANI01	100.00	100.00	100.00	100.00	SAME
QPAPA01	20.00	1000.00	20.00	1000.00	SAME
QPAPA02	4.00	5000.00	4.00	5000.00	SAME
QPAPA03	1.00	20000.00	1.00	20000.00	SAME
QPAPA04	1.00	200000.00	1.00	200000.00	SAME
QPARA01	1.00	20000.00	1.00	20000.00	SAME
QPARA02	20.00	1000.00	20.00	1000.00	SAME
QPARA03	12.00	1000.00	12.00	1000.00	SAME
QPARA04	1.00	20000.00	1.00	20000.00	SAME
QPARA05	1.00	200000.00	1.00	200000.00	SAME
QPARA06	20.00	500.00	20.00	500.00	SAME
QPARA07	20.00	1000.00	20.00	1000.00	SAME
QPARA08	4.00	5000.00	1.00	1.00	CHANGE
QPARA09	4.00	4000.00	1.00	1.00	CHANGE
QPARE01	120.00	20.00	1.00	1.00	CHANGE
QPARE02	240.00	10.00	240.00	10.00	SAME
QPARE03	300.00	10.00	300.00	10.00	SAME
QPARE04	240.00	10.00	240.00	10.00	SAME
QPARE05	180.00	10.00	180.00	10.00	SAME
QPARE06	240.00	10.00	240.00	10.00	SAME
QPARE07	240.00	10.00	240.00	10.00	SAME
QPARE08	180.00	10.00	180.00	10.00	SAME
QPASK01	60.00	100.00	60.00	100.00	SAME
QPASK02	24.00	250.00	24.00	250.00	SAME
QPASK03	16.00	500.00	16.00	500.00	SAME
QPASK04	20.00	500.00	20.00	500.00	SAME
QPASK05	32.00	250.00	0.00	0.00	CHANGE
QPASS01	20.00	1000.00	20.00	1000.00	SAME
QPASS02	4.00	5000.00	4.00	5000.00	SAME
QPASS03	1.00	20000.00	1.00	20000.00	SAME
QPAYU01	1.00	1000.00	1.00	1000.00	SAME
QPEGA01	50.00	80.00	50.00	80.00	SAME
QPELA01	1.00	1.00	1.00	1.00	SAME
QPELA02	1.00	0.00	1.00	1.00	CHANGE
QPELL01	20.00	400.00	0.00	0.00	CHANGE
QPELL02	15.00	1000.00	0.00	0.00	CHANGE
QPEMB01	20.00	500.00	1.00	1.00	CHANGE
QPEMB02	12.00	1000.00	1.00	1.00	CHANGE
QPENE01	40.00	125.00	40.00	125.00	SAME
QPENE02	50.00	125.00	50.00	125.00	SAME
QPENG01	20.00	1000.00	20.00	1000.00	SAME
QPENG02	4.00	5000.00	4.00	5000.00	SAME
QPENG03	0.00	0.00	1.00	1.00	CHANGE
QPENT01	20.00	1000.00	20.00	1000.00	SAME
QPENT02	20.00	1000.00	1.00	1.00	CHANGE
QPENT03	4.00	5000.00	1.00	1.00	CHANGE
QPENT04	1.00	20000.00	1.00	1.00	CHANGE
QPENT05	0.00	0.00	0.00	0.00	SAME
QPENY01	1.00	1.00	1.00	1.00	SAME
QPEPA01	500.00	1.00	500.00	1.00	SAME
QPEPA02	40.00	1000.00	0.00	0.00	CHANGE
QPERO01	60.00	150.00	60.00	150.00	SAME
QPERO02	15.00	400.00	15.00	400.00	SAME
QPERO03	14.00	1000.00	14.00	1000.00	SAME
QPETI01	1.00	20000.00	1.00	20000.00	SAME
QPETR01	400.00	5.00	400.00	5.00	SAME
QPETR02	200.00	100.00	200.00	100.00	SAME
QPETR03	20.00	1000.00	20.00	1000.00	SAME
QPEXA01	30.00	100.00	30.00	100.00	SAME
QPEXA02	50.00	100.00	1.00	1.00	CHANGE
QPEXA03	24.00	240.00	1.00	1.00	CHANGE
QPHOS01	20.00	400.00	20.00	400.00	SAME
QPHOS02	50.00	200.00	50.00	200.00	SAME
QPHOS03	1.00	50000.00	1.00	50000.00	SAME
QPHOS04	1.00	300.00	1.00	300.00	SAME
QPHOS05	100.00	100.00	100.00	100.00	SAME
QPHOT01	100.00	100.00	100.00	100.00	SAME
QPHOT02	240.00	50.00	240.00	50.00	SAME
QPHOT03	50.00	200.00	50.00	200.00	SAME
QPILA01	20.00	500.00	20.00	500.00	SAME
QPILA02	32.00	250.00	32.00	250.00	SAME
QPILA03	20.00	1000.00	20.00	1000.00	SAME
QPILA04	4.00	5000.00	4.00	5000.00	SAME
QPILA05	1.00	20000.00	1.00	20000.00	SAME
QPILA06	60.00	100.00	0.00	0.00	CHANGE
QPILA07	40.00	200.00	0.00	0.00	CHANGE
QPILA08	40.00	200.00	1.00	1.00	CHANGE
QPILA09	800.00	2.00	0.00	0.00	CHANGE
QPILA10	20.00	1000.00	0.00	0.00	CHANGE
QPILL01	1.00	20.00	1.00	20.00	SAME
QPINA01	50.00	100.00	50.00	100.00	SAME
QPINA02	40.00	250.00	40.00	250.00	SAME
QPINA03	20.00	500.00	20.00	500.00	SAME
QPINA04	15.00	1000.00	0.00	0.00	CHANGE
QPINA05	40.00	200.00	1.00	1.00	CHANGE
QPINA06	15.00	1000.00	0.00	0.00	CHANGE
QPINA07	20.00	500.00	20.00	500.00	SAME
QPINA08	50.00	100.00	50.00	100.00	SAME
QPINA09	50.00	100.00	50.00	100.00	SAME
QPINA10	50.00	100.00	1.00	1.00	CHANGE
QPINA11	40.00	250.00	1.00	1.00	CHANGE
QPINA12	20.00	500.00	1.00	1.00	CHANGE
QPINA13	20.00	1000.00	1.00	1.00	CHANGE
QPINA14	15.00	1000.00	1.00	1.00	CHANGE
QPINA15	15.00	1000.00	1.00	1.00	CHANGE
QPIPA01	1.00	0.00	1.00	1.00	CHANGE
QPIPA02	1.00	1.00	1.00	1.00	SAME
QPIPA03	1.00	0.00	1.00	1.00	CHANGE
QPIRA01	100.00	100.00	100.00	100.00	SAME
QPIRA02	40.00	250.00	40.00	250.00	SAME
QPIRA03	100.00	100.00	100.00	100.00	SAME
QPIRI01	100.00	50.00	100.00	50.00	SAME
QPIRI02	50.00	100.00	50.00	100.00	SAME
QPIRI03	50.00	200.00	50.00	200.00	SAME
QPIRI04	50.00	50.00	50.00	50.00	SAME
QPITA01	500.00	1000.00	500.00	1000.00	SAME
QPLAN01	40.00	100.00	40.00	100.00	SAME
QPLAN02	200.00	10.00	200.00	10.00	SAME
QPLAN03	1.00	1.00	1.00	1.00	SAME
QPLAN04	80.00	100.00	80.00	100.00	SAME
QPLAN05	200.00	1000.00	200.00	1000.00	SAME
QPLAN06	1.00	1000.00	1.00	1000.00	SAME
QPLAN07	1.00	1000.00	1.00	1000.00	SAME
QPLAN08	1.00	1000.00	1.00	1000.00	SAME
QPLAN09	1.00	1000.00	1.00	1000.00	SAME
QPLAN10	1.00	1000.00	1.00	1000.00	SAME
QPLAN11	1.00	1000.00	1.00	1000.00	SAME
QPLAN12	1.00	1000.00	1.00	1000.00	SAME
QPLAN13	1.00	1000.00	1.00	1000.00	SAME
QPLAN14	1.00	1000.00	1.00	1000.00	SAME
QPLAN15	1.00	1000.00	1.00	1000.00	SAME
QPLAN16	1.00	1000.00	1.00	1000.00	SAME
QPLAN17	1.00	1000.00	1.00	1000.00	SAME
QPLAN18	1.00	1000.00	1.00	1000.00	SAME
QPLAN19	1.00	1000.00	1.00	1000.00	SAME
QPLAN20	1.00	1000.00	1.00	1000.00	SAME
QPLAN21	1.00	1000.00	1.00	1000.00	SAME
QPLAN22	20.00	0.00	20.00	1.00	CHANGE
QPLAN23	1.00	1000.00	1.00	1000.00	SAME
QPLAN24	1.00	1000.00	1.00	1000.00	SAME
QPLAN25	20.00	100.00	1.00	1.00	CHANGE
QPLAS01	1.00	20000.00	1.00	20000.00	SAME
QPLAS02	1.00	9000.00	1.00	9000.00	SAME
QPLAS03	1.00	18000.00	1.00	18000.00	SAME
QPLAS04	1.00	18000.00	1.00	18000.00	SAME
QPLAST01	1.00	1.00	0.00	0.00	CHANGE
QPLAST02	1.00	1.00	0.00	0.00	CHANGE
QPLEN01	50.00	100.00	50.00	100.00	SAME
QPLEN02	120.00	25.00	120.00	25.00	SAME
QPLET01	40.00	250.00	40.00	250.00	SAME
QPLET02	20.00	400.00	20.00	400.00	SAME
QPLUS01	48.00	500.00	48.00	500.00	SAME
QPN601	6.00	5000.00	6.00	5000.00	SAME
QPOIN01	20.00	1000.00	20.00	1000.00	SAME
QPOIN02	4.00	5000.00	4.00	5000.00	SAME
QPOIN03	1.00	20000.00	1.00	20000.00	SAME
QPOLO01	1.00	0.00	0.00	0.00	CHANGE
QPOLY01	20.00	1000.00	20.00	1000.00	SAME
QPOLY02	40.00	500.00	40.00	500.00	SAME
QPOLY03	80.00	250.00	80.00	250.00	SAME
QPOLY04	1.00	15.00	1.00	15.00	SAME
QPOLY05	1.00	15.00	1.00	15.00	SAME
QPOLY06	1.00	30.00	1.00	30.00	SAME
QPOLY07	1.00	40.00	1.00	40.00	SAME
QPOLY08	1.00	20.00	1.00	20.00	SAME
QPOLY09	1.00	25.00	1.00	25.00	SAME
QPOLY10	1.00	50.00	1.00	50.00	SAME
QPOLY11	1.00	45.00	1.00	45.00	SAME
QPOLY12	1.00	30.00	1.00	30.00	SAME
QPOLY13	1.00	25.00	1.00	25.00	SAME
QPOLY14	1.00	35.00	1.00	35.00	SAME
QPOLY15	1.00	30.00	1.00	1.00	CHANGE
QPOLY16	1.00	40.00	1.00	40.00	SAME
QPOLY17	1.00	40.00	1.00	1.00	CHANGE
QPOLY18	1.00	30.00	1.00	30.00	SAME
QPOLY19	1.00	1.00	1.00	1.00	SAME
QPOLY20	25.00	1000.00	25.00	1000.00	SAME
QPOLY21	25.00	1000.00	25.00	1000.00	SAME
QPOLY22	25.00	1000.00	25.00	1000.00	SAME
QPOLY23	25.00	1000.00	25.00	1000.00	SAME
QPOLY24	25.00	1000.00	25.00	1000.00	SAME
QPOLY25	25.00	1000.00	25.00	1000.00	SAME
QPOLY26	25.00	1000.00	25.00	1000.00	SAME
QPOLY27	25.00	1000.00	25.00	1000.00	SAME
QPOLY28	25.00	1000.00	25.00	1000.00	SAME
QPOLY29	25.00	1000.00	25.00	1000.00	SAME
QPOLY30	25.00	1000.00	25.00	1000.00	SAME
QPOLY31	25.00	1000.00	25.00	1000.00	SAME
QPOLY32	25.00	1000.00	25.00	1000.00	SAME
QPOLY33	25.00	1000.00	25.00	1000.00	SAME
QPOLY34	25.00	1000.00	25.00	1000.00	SAME
QPOLY35	25.00	1000.00	25.00	1000.00	SAME
QPOLY36	25.00	1000.00	25.00	1000.00	SAME
QPOLY38	25.00	1000.00	25.00	1000.00	SAME
QPOLY40	25.00	1000.00	25.00	1000.00	SAME
QPOLY41	25.00	1000.00	25.00	1000.00	SAME
QPOLY42	25.00	1000.00	25.00	1000.00	SAME
QPOLY43	50.00	500.00	50.00	500.00	SAME
QPOLY44	50.00	500.00	50.00	500.00	SAME
QPOLY45	50.00	500.00	50.00	500.00	SAME
QPOLY46	25.00	1000.00	25.00	1000.00	SAME
QPOLY47	25.00	1000.00	25.00	1000.00	SAME
QPOLY48	25.00	1000.00	25.00	1000.00	SAME
QPOLY49	1.00	1.00	1.00	1.00	SAME
QPOLY50	0.00	0.00	0.00	0.00	SAME
QPOMP01	1.00	1.00	1.00	1.00	SAME
QPOP01	64.00	100.00	64.00	100.00	SAME
QPOP02	48.00	240.00	48.00	240.00	SAME
QPORY01	10.00	1000.00	10.00	1000.00	SAME
QPORY02	20.00	500.00	20.00	500.00	SAME
QPORY03	40.00	200.00	40.00	200.00	SAME
QPORY04	50.00	200.00	50.00	200.00	SAME
QPORY05	30.00	500.00	30.00	500.00	SAME
QPOTT01	100.00	1.00	100.00	1.00	SAME
QPOTT02	150.00	1.00	150.00	1.00	SAME
QPOTT03	100.00	1.00	100.00	1.00	SAME
QPOTT04	100.00	1.00	100.00	1.00	SAME
QPOTT05	100.00	1.00	100.00	1.00	SAME
QPOTT06	100.00	1.00	100.00	1.00	SAME
QPOTT07	100.00	1.00	100.00	1.00	SAME
QPOTT08	100.00	1.00	1.00	1.00	CHANGE
QPOTT09	100.00	1.00	1.00	1.00	CHANGE
QPOTT10	100.00	1.00	1.00	1.00	CHANGE
QPOTT11	25.00	1.00	1.00	1.00	CHANGE
QPOUN01	24.00	500.00	24.00	500.00	SAME
QPOUN02	20.00	500.00	20.00	500.00	SAME
QPOWE01	20.00	1000.00	20.00	1000.00	SAME
QPOWE02	20.00	1000.00	0.00	0.00	CHANGE
QPOWE03	20.00	500.00	0.00	0.00	CHANGE
QPOWE04	20.00	1000.00	1.00	1.00	CHANGE
QPREV01	24.00	250.00	24.00	250.00	SAME
QPREV02	40.00	100.00	40.00	100.00	SAME
QPREV03	100.00	100.00	100.00	100.00	SAME
QPREV04	20.00	500.00	20.00	500.00	SAME
QPREV05	40.00	100.00	1.00	1.00	CHANGE
QPREZ01	12.00	250.00	12.00	250.00	SAME
QPREZ02	40.00	50.00	40.00	50.00	SAME
QPRIM01	10.00	2000.00	10.00	2000.00	SAME
QPRIM02	400.00	15.00	400.00	15.00	SAME
QPRIM03	10.00	1000.00	10.00	1000.00	SAME
QPRIM04	20.00	1000.00	20.00	1000.00	SAME
QPRIM05	20.00	1000.00	20.00	1000.00	SAME
QPRIM06	4.00	5000.00	4.00	5000.00	SAME
QPRIM07	1.00	20000.00	1.00	20000.00	SAME
QPRIM08	20.00	400.00	20.00	400.00	SAME
QPRIM09	20.00	1000.00	20.00	1000.00	SAME
QPRIM10	200.00	5.00	200.00	5.00	SAME
QPRIM11	50.00	100.00	50.00	100.00	SAME
QPRIM12	40.00	250.00	40.00	250.00	SAME
QPRIM13	20.00	500.00	20.00	500.00	SAME
QPRIM14	10.00	1000.00	10.00	1000.00	SAME
QPRIM15	0.00	0.00	1.00	1.00	CHANGE
QPRIM16	0.00	0.00	1.00	1.00	CHANGE
QPRIM17	0.00	0.00	1.00	1.00	CHANGE
QPRIM18	0.00	0.00	1.00	1.00	CHANGE
QPRIM19	20.00	1000.00	20.00	1000.00	SAME
QPRIM20	4.00	5000.00	4.00	5000.00	SAME
QPRIM21	1.00	20000.00	1.00	20000.00	SAME
QPRIM22	10.00	2000.00	10.00	2000.00	SAME
QPRIM23	50.00	100.00	1.00	1.00	CHANGE
QPRIM24	20.00	250.00	0.00	0.00	CHANGE
QPRIM25	50.00	100.00	0.00	0.00	CHANGE
QPRIM26	0.00	0.00	0.00	0.00	SAME
QPRIM27	20.00	500.00	1.00	1.00	CHANGE
QPRIM28	10.00	1000.00	0.00	0.00	CHANGE
QPRIM29	20.00	1000.00	1.00	1.00	CHANGE
QPRIM30	20.00	1000.00	1.00	1.00	CHANGE
QPRIM31	4.00	5000.00	1.00	1.00	CHANGE
QPRIM32	20.00	1000.00	1.00	1.00	CHANGE
QPRIM33	40.00	250.00	1.00	1.00	CHANGE
QPRIM34	40.00	250.00	0.00	0.00	CHANGE
QPRIM35	20.00	1000.00	1.00	1.00	CHANGE
QPRIM36	4.00	5000.00	1.00	1.00	CHANGE
QPRIM37	150.00	40.00	0.00	0.00	CHANGE
QPRIM38	20.00	500.00	0.00	0.00	CHANGE
QPROA01	100.00	50.00	100.00	50.00	SAME
QPROC01	80.00	25.00	80.00	25.00	SAME
QPROF01	50.00	100.00	50.00	100.00	SAME
QPROF02	40.00	250.00	40.00	250.00	SAME
QPROF03	20.00	500.00	20.00	500.00	SAME
QPROF04	25.00	500.00	25.00	500.00	SAME
QPROG01	200.00	1.50	200.00	1.00	CHANGE
QPROG02	50.00	100.00	1.00	1.00	CHANGE
QPROG03	0.00	0.00	1.00	1.00	CHANGE
QPROM01	50.00	100.00	50.00	100.00	SAME
QPROM02	50.00	200.00	50.00	200.00	SAME
QPROM03	4.00	5000.00	4.00	5000.00	SAME
QPROM04	20.00	1000.00	20.00	1000.00	SAME
QPROM05	20.00	1000.00	20.00	1000.00	SAME
QPROM06	1.00	20000.00	1.00	20000.00	SAME
QPROM07	1.00	20000.00	1.00	20000.00	SAME
QPROM08	4.00	5000.00	4.00	5000.00	SAME
QPROM09	50.00	250.00	50.00	250.00	SAME
QPROM10	20.00	500.00	20.00	500.00	SAME
QPROM11	50.00	100.00	50.00	100.00	SAME
QPROM12	20.00	500.00	20.00	500.00	SAME
QPROM13	20.00	1000.00	20.00	1000.00	SAME
QPROM14	4.00	5000.00	4.00	5000.00	SAME
QPROM15	20.00	1000.00	20.00	1000.00	SAME
QPROM16	1.00	20000.00	1.00	20000.00	SAME
QPROM17	4.00	5000.00	4.00	5000.00	SAME
QPROM18	20.00	1000.00	20.00	1000.00	SAME
QPROT01	50.00	100.00	50.00	100.00	SAME
QPROT02	20.00	500.00	20.00	500.00	SAME
QPROT03	20.00	1000.00	20.00	1000.00	SAME
QPROT04	10.00	1000.00	10.00	1000.00	SAME
QPROT05	20.00	400.00	20.00	400.00	SAME
QPROT06	40.00	100.00	40.00	100.00	SAME
QPUPU01	1.00	25000.00	1.00	25000.00	SAME
QPUPU02	10.00	2000.00	10.00	2000.00	SAME
QPUPU03	1.00	50000.00	1.00	50000.00	SAME
QPUPU04	1.00	50000.00	1.00	50000.00	SAME
QPUPU05	1.00	50000.00	1.00	50000.00	SAME
QPUPU06	1.00	50000.00	1.00	50000.00	SAME
QPUPU07	20.00	1000.00	20.00	1000.00	SAME
QPUPU08	20.00	1000.00	20.00	1000.00	SAME
QPUPU09	10.00	1000.00	10.00	1000.00	SAME
QPUPU10	5.00	5000.00	5.00	5000.00	SAME
QPUPU11	1.00	40000.00	1.00	40000.00	SAME
QPUPU12	20.00	1000.00	20.00	1000.00	SAME
QPUPU13	1.00	40000.00	1.00	40000.00	SAME
QPUPU14	12.00	1000.00	1.00	1.00	CHANGE
QPUPU15	25.00	1000.00	1.00	1.00	CHANGE
QPUPU16	1.00	10000.00	1.00	1.00	CHANGE
QPUPU17	1.00	25000.00	1.00	1.00	CHANGE
QPUPU18	1.00	50000.00	1.00	1.00	CHANGE
QPUPU19	1.00	50000.00	1.00	1.00	CHANGE
QPUPU20	0.00	0.00	1.00	1.00	CHANGE
QPUPU21	100.00	250.00	1.00	1.00	CHANGE
QPUPU22	1.00	10000.00	1.00	1.00	CHANGE
QPUPU23	1.00	25000.00	1.00	1.00	CHANGE
QPUPU24	1.00	50000.00	0.00	0.00	CHANGE
QPUSH01	50.00	100.00	0.00	0.00	CHANGE
QPYPE01	50.00	100.00	50.00	100.00	SAME
QPYPE02	20.00	250.00	20.00	250.00	SAME
QPYZE01	24.00	400.00	24.00	400.00	SAME
QPYZE02	48.00	200.00	48.00	200.00	SAME
QQAIS01	50.00	100.00	50.00	100.00	SAME
QQAIS02	100.00	100.00	100.00	100.00	SAME
QQAIS03	1000.00	5.00	1000.00	5.00	SAME
QQIUA01	20.00	1000.00	1.00	1.00	CHANGE
QQIUA02	20.00	1000.00	1.00	1.00	CHANGE
QQIUA03	20.00	1000.00	1.00	1.00	CHANGE
QQIUA04	20.00	1000.00	1.00	1.00	CHANGE
QQIUD01	100.00	100.00	100.00	100.00	SAME
QQIUD02	40.00	250.00	1.00	1.00	CHANGE
QQIUM01	100.00	50.00	100.00	50.00	SAME
QQIUM02	16.00	1000.00	0.00	0.00	CHANGE
QQIUM03	20.00	500.00	20.00	500.00	SAME
QQIUM04	40.00	200.00	40.00	200.00	SAME
QQIUM05	50.00	100.00	0.00	0.00	CHANGE
QQIUM06	40.00	250.00	40.00	250.00	SAME
QQIUM07	10.00	1000.00	10.00	1000.00	SAME
QQIUM08	100.00	100.00	100.00	100.00	SAME
QQIUM09	20.00	250.00	20.00	250.00	SAME
QQIUM10	20.00	500.00	20.00	500.00	SAME
QQIUN01	40.00	500.00	40.00	500.00	SAME
QQIUO01	30.00	250.00	30.00	250.00	SAME
QQIUO02	50.00	100.00	0.00	0.00	CHANGE
QQIUO03	0.00	0.00	0.00	0.00	SAME
QQIUS01	50.00	100.00	50.00	100.00	SAME
QQIUS02	40.00	200.00	40.00	200.00	SAME
QQIUT01	20.00	1000.00	20.00	1000.00	SAME
QQIUT02	25.00	800.00	25.00	800.00	SAME
QQIUV01	100.00	100.00	100.00	100.00	SAME
QQIUV02	20.00	500.00	20.00	500.00	SAME
QQIUV03	100.00	100.00	100.00	100.00	SAME
QQIUV04	20.00	500.00	20.00	500.00	SAME
QQIUV05	100.00	100.00	100.00	100.00	SAME
QQIUV06	20.00	500.00	20.00	500.00	SAME
QQIUV07	25.00	100.00	25.00	100.00	SAME
QQIUV08	30.00	250.00	30.00	250.00	SAME
QQIUV09	30.00	500.00	30.00	500.00	SAME
QQIUV10	20.00	1000.00	20.00	1000.00	SAME
QQIUV11	100.00	100.00	0.00	0.00	CHANGE
QQIUV12	20.00	500.00	20.00	500.00	SAME
QQIUV13	20.00	500.00	20.00	500.00	SAME
QQIUV14	20.00	500.00	20.00	500.00	SAME
QQIUV15	0.00	0.00	0.00	0.00	SAME
QQIUV16	0.00	0.00	0.00	0.00	SAME
QQUAT01	1.00	20000.00	1.00	20000.00	SAME
QQUAT02	20.00	1000.00	20.00	1000.00	SAME
QQUAT03	4.00	5000.00	4.00	5000.00	SAME
QQUIL01	40.00	250.00	40.00	250.00	SAME
QQUIL02	20.00	500.00	20.00	500.00	SAME
QRACU01	288.00	20.00	288.00	20.00	SAME
QRADI01	50.00	100.00	50.00	100.00	SAME
QRAFT01	40.00	250.00	40.00	250.00	SAME
QRAJA01	25.00	400.00	25.00	400.00	SAME
QRAJA02	50.00	200.00	50.00	200.00	SAME
QRAJA03	50.00	80.00	50.00	80.00	SAME
QRAJA04	10.00	1000.00	10.00	1000.00	SAME
QRAJA05	60.00	0.00	60.00	1.00	CHANGE
QRAJA06	60.00	0.00	60.00	1.00	CHANGE
QRAJA07	50.00	0.00	50.00	1.00	CHANGE
QRAJA08	50.00	0.00	50.00	1.00	CHANGE
QRAKS01	10.00	1000.00	10.00	1000.00	SAME
QRAMB01	20.00	1000.00	20.00	1000.00	SAME
QRAMB02	4.00	5000.00	4.00	5000.00	SAME
QRAMB03	20.00	500.00	20.00	500.00	SAME
QRAMB04	1.00	20000.00	1.00	20000.00	SAME
QRAMB05	20.00	1000.00	20.00	1000.00	SAME
QRAMB06	20.00	1000.00	0.00	0.00	CHANGE
QRAMO01	1.00	20000.00	1.00	20000.00	SAME
QRAMO02	20.00	1000.00	20.00	1000.00	SAME
QRAMO03	4.00	5000.00	4.00	5000.00	SAME
QRANG01	1.00	20000.00	1.00	20000.00	SAME
QRANG02	20.00	1000.00	20.00	1000.00	SAME
QRANG03	4.00	5000.00	4.00	5000.00	SAME
QRATC01	0.00	0.00	0.00	0.00	SAME
QRATC02	0.00	0.00	0.00	0.00	SAME
QRATC03	0.00	0.00	0.00	0.00	SAME
QRATG01	10.00	1000.00	10.00	1000.00	SAME
QRATO01	1000.00	10.00	1000.00	10.00	SAME
QRATO02	0.00	0.00	0.00	0.00	SAME
QRAYA01	40.00	250.00	1.00	1.00	CHANGE
QRAYA02	20.00	500.00	1.00	1.00	CHANGE
QRAYD01	20.00	500.00	0.00	0.00	CHANGE
QRAYD02	20.00	1000.00	0.00	0.00	CHANGE
QREAC01	1.00	20000.00	1.00	20000.00	SAME
QREAC02	20.00	1000.00	20.00	1000.00	SAME
QREAC03	20.00	500.00	0.00	0.00	CHANGE
QREAC04	1.00	200000.00	0.00	0.00	CHANGE
QREAC05	30.00	250.00	0.00	0.00	CHANGE
QREAC06	4.00	5000.00	4.00	5000.00	SAME
QREAD01	20.00	1000.00	1.00	1.00	CHANGE
QRECO01	20.00	1000.00	20.00	1000.00	SAME
QRECO02	50.00	250.00	50.00	250.00	SAME
QRECO03	50.00	100.00	50.00	100.00	SAME
QRECO04	20.00	500.00	20.00	500.00	SAME
QRECO05	50.00	250.00	50.00	250.00	SAME
QRECO06	20.00	1000.00	0.00	0.00	CHANGE
QREDZ01	15.00	1000.00	15.00	1000.00	SAME
QREDZ02	4.00	5000.00	4.00	5000.00	SAME
QREDZ03	1.00	20000.00	1.00	20000.00	SAME
QREGE01	10.00	1000.00	10.00	1000.00	SAME
QREGE02	48.00	100.00	48.00	100.00	SAME
QREGE03	80.00	50.00	80.00	50.00	SAME
QREGE04	10.00	500.00	10.00	500.00	SAME
QREGE05	48.00	100.00	48.00	100.00	SAME
QREGE06	200.00	1.60	200.00	1.00	CHANGE
QREGE07	24.00	250.00	24.00	250.00	SAME
QREGE08	80.00	50.00	80.00	50.00	SAME
QREGE09	24.00	250.00	24.00	250.00	SAME
QREMA01	100.00	100.00	100.00	100.00	SAME
QREMA02	40.00	250.00	40.00	250.00	SAME
QREMA03	20.00	400.00	20.00	400.00	SAME
QREVI01	100.00	100.00	100.00	100.00	SAME
QREVU01	100.00	50.00	100.00	50.00	SAME
QREVU02	20.00	250.00	20.00	250.00	SAME
QREVU03	50.00	100.00	50.00	100.00	SAME
QREVU04	40.00	250.00	40.00	250.00	SAME
QREXD01	12.00	1000.00	12.00	1000.00	SAME
QREXD02	6.00	2000.00	6.00	2000.00	SAME
QREXD03	20.00	1000.00	20.00	1000.00	SAME
QREXD04	10.00	2000.00	10.00	2000.00	SAME
QREXR01	20.00	500.00	20.00	500.00	SAME
QREXR02	20.00	1000.00	20.00	1000.00	SAME
QREXS01	50.00	100.00	1.00	1.00	CHANGE
QREXS02	20.00	250.00	1.00	1.00	CHANGE
QREXX01	20.00	1000.00	20.00	1000.00	SAME
QREXX02	4.00	5000.00	4.00	5000.00	SAME
QREXX03	1.00	20000.00	1.00	20000.00	SAME
QRG0101	30.00	500.00	30.00	500.00	SAME
QRG0201	30.00	500.00	30.00	500.00	SAME
QRG0202	30.00	500.00	30.00	500.00	SAME
QRG0301	30.00	500.00	30.00	500.00	SAME
QRG0501	30.00	500.00	30.00	500.00	SAME
QRG0502	200.00	100.00	200.00	100.00	SAME
QRHIZ01	20.00	1000.00	20.00	1000.00	SAME
QRICE01	100.00	100.00	100.00	100.00	SAME
QRICE02	40.00	250.00	40.00	250.00	SAME
QRICE03	100.00	100.00	100.00	100.00	SAME
QRICE04	40.00	250.00	40.00	250.00	SAME
QRIDO01	1.00	20000.00	1.00	20000.00	SAME
QRIDO02	80.00	12.50	80.00	12.00	CHANGE
QRIDO03	100.00	100.00	100.00	100.00	SAME
QRIDO04	20.00	500.00	20.00	500.00	SAME
QRIDO05	40.00	250.00	40.00	250.00	SAME
QRIMO01	100.00	100.00	100.00	100.00	SAME
QRIMO02	40.00	250.00	40.00	250.00	SAME
QRING01	1.00	1000.00	1.00	1000.00	SAME
QRIOM01	100.00	100.00	100.00	100.00	SAME
QRIOM02	40.00	250.00	40.00	250.00	SAME
QRIP201	100.00	100.00	100.00	100.00	SAME
QRIZE01	50.00	100.00	50.00	100.00	SAME
QRIZO01	20.00	250.00	20.00	250.00	SAME
QRIZO02	20.00	500.00	20.00	500.00	SAME
QRIZO03	50.00	100.00	50.00	100.00	SAME
QRIZO04	40.00	250.00	40.00	250.00	SAME
QROBU01	50.00	100.00	0.00	0.00	CHANGE
QROBU02	40.00	200.00	0.00	0.00	CHANGE
QROBU03	100.00	100.00	0.00	0.00	CHANGE
QROCK01	1.00	50000.00	1.00	50000.00	SAME
QROCK02	12.00	1000.00	12.00	1000.00	SAME
QROCK03	1.00	20000.00	1.00	20000.00	SAME
QROGE01	1.00	20000.00	1.00	20000.00	SAME
QROGE02	20.00	1000.00	20.00	1000.00	SAME
QROGE03	4.00	5000.00	4.00	5000.00	SAME
QROGE04	1.00	200000.00	1.00	200000.00	SAME
QROLI01	10.00	1000.00	10.00	1000.00	SAME
QROLI02	20.00	500.00	20.00	500.00	SAME
QROLL01	10.00	1000.00	10.00	1000.00	SAME
QROLL02	1.00	20000.00	1.00	20000.00	SAME
QRONN01	100.00	100.00	100.00	100.00	SAME
QRONN02	40.00	200.00	40.00	200.00	SAME
QRONN03	20.00	400.00	20.00	400.00	SAME
QROTO01	20.00	500.00	20.00	500.00	SAME
QROTO02	50.00	100.00	50.00	100.00	SAME
QROTR01	20.00	500.00	20.00	500.00	SAME
QROTR02	50.00	100.00	50.00	100.00	SAME
QROUN01	12.00	1000.00	12.00	1000.00	SAME
QROUN02	1.00	20000.00	1.00	20000.00	SAME
QROUN03	4.00	4000.00	4.00	4000.00	SAME
QROUN04	50.00	200.00	50.00	200.00	SAME
QROUN05	12.00	1000.00	12.00	1000.00	SAME
QROUN06	4.00	4000.00	4.00	4000.00	SAME
QROUN07	12.00	1000.00	12.00	1000.00	SAME
QROUN08	50.00	200.00	50.00	200.00	SAME
QROUN09	4.00	4000.00	4.00	4000.00	SAME
QROUP01	20.00	1000.00	1.00	1.00	CHANGE
QROVE01	200.00	5.00	200.00	5.00	SAME
QROVR01	120.00	100.00	120.00	100.00	SAME
QROZA01	100.00	100.00	100.00	100.00	SAME
QROZA02	20.00	400.00	20.00	400.00	SAME
QROZA03	12.00	900.00	12.00	900.00	SAME
QRUBO01	50.00	100.00	50.00	100.00	SAME
QRUBO02	40.00	200.00	40.00	200.00	SAME
QRUMA01	20.00	1000.00	20.00	1000.00	SAME
QRUMO01	0.00	0.00	1.00	1.00	CHANGE
QRUMO02	0.00	0.00	1.00	1.00	CHANGE
QRUMO03	0.00	0.00	1.00	1.00	CHANGE
QRUMP01	100.00	100.00	100.00	100.00	SAME
QRUMP02	40.00	250.00	40.00	250.00	SAME
QSAAF01	20.00	400.00	20.00	400.00	SAME
QSAAF02	50.00	100.00	50.00	100.00	SAME
QSAAF03	10.00	1000.00	10.00	1000.00	SAME
QSAGR01	100.00	80.00	100.00	80.00	SAME
QSAGR02	20.00	1000.00	20.00	1000.00	SAME
QSAGR03	20.00	500.00	20.00	500.00	SAME
QSAGR04	40.00	250.00	40.00	250.00	SAME
QSAGR05	100.00	100.00	100.00	100.00	SAME
QSAGR06	25.00	400.00	25.00	400.00	SAME
QSAGR07	100.00	100.00	100.00	100.00	SAME
QSAGR08	25.00	400.00	25.00	400.00	SAME
QSALS01	40.00	250.00	40.00	250.00	SAME
QSALS02	20.00	400.00	20.00	400.00	SAME
QSALS03	20.00	1000.00	20.00	1000.00	SAME
QSAMI01	50.00	250.00	50.00	250.00	SAME
QSAMI02	50.00	100.00	50.00	100.00	SAME
QSAMI03	0.00	0.00	0.00	0.00	SAME
QSAMI04	20.00	1000.00	0.00	0.00	CHANGE
QSANG01	30.00	500.00	30.00	500.00	SAME
QSANG02	50.00	80.00	50.00	80.00	SAME
QSANG03	50.00	250.00	50.00	250.00	SAME
QSANG04	20.00	1000.00	20.00	1000.00	SAME
QSANV01	20.00	1000.00	20.00	1000.00	SAME
QSANV02	20.00	500.00	20.00	500.00	SAME
QSANV03	4.00	5000.00	4.00	5000.00	SAME
QSAPR01	1.00	25000.00	1.00	25000.00	SAME
QSARO01	400.00	5.00	400.00	5.00	SAME
QSARO02	400.00	5.00	0.00	0.00	CHANGE
QSARU01	1.00	1000.00	1.00	1000.00	SAME
QSARU02	1.00	1000.00	0.00	0.00	CHANGE
QSARU03	1.00	1000.00	0.00	0.00	CHANGE
QSATG01	10.00	800.00	1.00	1.00	CHANGE
QSATG02	40.00	250.00	1.00	1.00	CHANGE
QSATU01	10.00	2000.00	10.00	2000.00	SAME
QSATU02	20.00	500.00	20.00	500.00	SAME
QSATU03	20.00	250.00	20.00	250.00	SAME
QSATU05	20.00	1000.00	20.00	1000.00	SAME
QSATU06	12.00	1000.00	12.00	1000.00	SAME
QSATY01	20.00	1000.00	20.00	1000.00	SAME
QSAWI01	200.00	25.00	200.00	25.00	SAME
QSAWI02	180.00	25.00	180.00	25.00	SAME
QSAWI03	36.00	100.00	36.00	100.00	SAME
QSAWI04	10.00	20.00	10.00	20.00	SAME
QSAWI05	480.00	15.00	480.00	15.00	SAME
QSAWI06	180.00	25.00	180.00	25.00	SAME
QSAWI07	24.00	100.00	24.00	100.00	SAME
QSAWI08	10.00	20.00	10.00	20.00	SAME
QSAWI09	160.00	50.00	160.00	50.00	SAME
QSAWI10	90.00	100.00	90.00	100.00	SAME
QSAWI11	10.00	20.00	10.00	20.00	SAME
QSAWI12	160.00	50.00	160.00	50.00	SAME
QSAWI13	24.00	100.00	24.00	100.00	SAME
QSAWI14	120.00	25.00	120.00	25.00	SAME
QSAWI15	10.00	10.00	10.00	10.00	SAME
QSAWI16	10.00	20.00	10.00	20.00	SAME
QSAWI17	40.00	100.00	40.00	100.00	SAME
QSAWI18	180.00	10.00	180.00	10.00	SAME
QSAWI19	240.00	10.00	240.00	10.00	SAME
QSAWI20	120.00	20.00	120.00	20.00	SAME
QSAWI21	240.00	10.00	240.00	10.00	SAME
QSAWI22	48.00	100.00	48.00	100.00	SAME
QSAWI23	120.00	50.00	120.00	50.00	SAME
QSAWI24	48.00	100.00	48.00	100.00	SAME
QSAWI25	240.00	10.00	240.00	10.00	SAME
QSAWI26	1000.00	20.00	1000.00	20.00	SAME
QSAWI27	120.00	50.00	120.00	50.00	SAME
QSAWI28	1.00	5000.00	1.00	5000.00	SAME
QSAWI29	1.00	1000.00	1.00	1000.00	SAME
QSAWI30	180.00	10.00	180.00	10.00	SAME
QSAWI31	1.00	2000.00	1.00	2000.00	SAME
QSAWI32	1.00	500.00	1.00	500.00	SAME
QSAWI33	240.00	15.00	240.00	15.00	SAME
QSAWI34	1.00	3000.00	1.00	3000.00	SAME
QSAWI35	12.00	15.00	12.00	15.00	SAME
QSAWI36	1.00	500.00	1.00	500.00	SAME
QSCOR01	200.00	10.00	200.00	10.00	SAME
QSCOR02	40.00	250.00	40.00	250.00	SAME
QSCOR03	50.00	80.00	50.00	80.00	SAME
QSCOR04	50.00	80.00	50.00	80.00	SAME
QSCOR05	40.00	250.00	40.00	250.00	SAME
QSEED01	120.00	20.00	120.00	20.00	SAME
QSEED02	120.00	25.00	120.00	25.00	SAME
QSEED03	120.00	20.00	120.00	20.00	SAME
QSEED04	120.00	20.00	120.00	20.00	SAME
QSEKO01	80.00	1000.00	80.00	1000.00	SAME
QSEKO02	100.00	1000.00	100.00	1000.00	SAME
QSELA01	1.00	0.00	1.00	1.00	CHANGE
QSELA02	1.00	1.00	1.00	1.00	SAME
QSELA03	240.00	15.00	240.00	15.00	SAME
QSELA04	1.00	1.00	1.00	1.00	SAME
QSELA05	180.00	10.00	180.00	10.00	SAME
QSELA06	180.00	10.00	180.00	10.00	SAME
QSELA07	1.00	7000.00	1.00	7000.00	SAME
QSELA08	1.00	5000.00	1.00	5000.00	SAME
QSELA09	1.00	2500.00	1.00	2500.00	SAME
QSELA10	1.00	0.00	1.00	1.00	CHANGE
QSELA11	180.00	10.00	0.00	0.00	CHANGE
QSELA12	180.00	10.00	0.00	0.00	CHANGE
QSELA13	1.00	500.00	1.00	500.00	SAME
QSELE01	120.00	20.00	120.00	20.00	SAME
QSELE02	1.00	1.00	1.00	1.00	SAME
QSELT01	20.00	500.00	20.00	500.00	SAME
QSELT02	24.00	250.00	1.00	1.00	CHANGE
QSENG01	20.00	1000.00	20.00	1000.00	SAME
QSENG02	1.00	20000.00	1.00	20000.00	SAME
QSENY01	10.00	1000.00	1.00	1.00	CHANGE
QSEPE01	1.00	1000.00	1.00	1000.00	SAME
QSEPE02	1.00	1000.00	1.00	1000.00	SAME
QSEPE03	1.00	1000.00	1.00	1000.00	SAME
QSEPE04	1.00	1000.00	1.00	1000.00	SAME
QSETO01	50.00	100.00	50.00	100.00	SAME
QSEVI01	100.00	100.00	100.00	100.00	SAME
QSEVI02	100.00	100.00	100.00	100.00	SAME
QSEVI03	40.00	500.00	40.00	500.00	SAME
QSG0101	30.00	500.00	30.00	500.00	SAME
QSG0501	30.00	500.00	30.00	500.00	SAME
QSG0502	200.00	100.00	200.00	100.00	SAME
QSHAD01	30.00	400.00	30.00	400.00	SAME
QSHAD02	50.00	80.00	50.00	80.00	SAME
QSHEN01	50.00	100.00	1.00	1.00	CHANGE
QSIDA01	50.00	100.00	50.00	100.00	SAME
QSIDA02	25.00	400.00	25.00	400.00	SAME
QSIDA03	40.00	200.00	40.00	200.00	SAME
QSIDA04	25.00	400.00	25.00	400.00	SAME
QSIDA05	200.00	100.00	200.00	100.00	SAME
QSIDA06	20.00	1000.00	20.00	1000.00	SAME
QSIDA07	15.00	1000.00	15.00	1000.00	SAME
QSIDA08	20.00	1000.00	1.00	1.00	CHANGE
QSIDA09	40.00	250.00	1.00	1.00	CHANGE
QSIDA10	25.00	400.00	1.00	1.00	CHANGE
QSIDA11	15.00	1000.00	1.00	1.00	CHANGE
QSIDA12	25.00	400.00	1.00	1.00	CHANGE
QSIDA13	40.00	200.00	1.00	1.00	CHANGE
QSIDA14	15.00	1000.00	1.00	1.00	CHANGE
QSIDA15	25.00	500.00	0.00	0.00	CHANGE
QSIGN01	1.00	1000.00	1.00	1000.00	SAME
QSIKL01	80.00	25.00	0.00	0.00	CHANGE
QSIKL02	160.00	25.00	160.00	25.00	SAME
QSILI01	0.00	0.00	1.00	1.00	CHANGE
QSILI02	0.00	0.00	1.00	1.00	CHANGE
QSILK01	100.00	100.00	1.00	1.00	CHANGE
QSILO01	40.00	250.00	0.00	0.00	CHANGE
QSILO02	20.00	500.00	0.00	0.00	CHANGE
QSIMO01	50.00	100.00	0.00	0.00	CHANGE
QSIMX01	20.00	1000.00	20.00	1000.00	SAME
QSIMX02	4.00	5000.00	4.00	5000.00	SAME
QSIMX03	1.00	20000.00	1.00	20000.00	SAME
QSINA01	20.00	1000.00	20.00	1000.00	SAME
QSINA02	1.00	20000.00	1.00	1.00	CHANGE
QSINA03	20.00	1000.00	20.00	1000.00	SAME
QSINA04	40.00	400.00	40.00	400.00	SAME
QSINA05	20.00	1000.00	20.00	1000.00	SAME
QSINA06	4.00	5000.00	4.00	5000.00	SAME
QSINA07	1000.00	5.00	1000.00	5.00	SAME
QSINA08	40.00	250.00	40.00	250.00	SAME
QSINE01	50.00	80.00	50.00	80.00	SAME
QSINE02	40.00	250.00	40.00	250.00	SAME
QSINO01	40.00	250.00	40.00	250.00	SAME
QSINO02	50.00	80.00	50.00	80.00	SAME
QSINO03	100.00	100.00	100.00	100.00	SAME
QSINT01	400.00	4.00	1.00	1.00	CHANGE
QSINW01	20.00	500.00	0.00	0.00	CHANGE
QSINW02	10.00	1000.00	0.00	0.00	CHANGE
QSINW03	40.00	250.00	1.00	1.00	CHANGE
QSIVA01	100.00	100.00	0.00	0.00	CHANGE
QSIVA02	100.00	50.00	100.00	50.00	SAME
QSIVA03	50.00	100.00	1.00	1.00	CHANGE
QSKIE01	4.00	5000.00	4.00	5000.00	SAME
QSKIE02	1.00	20000.00	1.00	20000.00	SAME
QSMK01	48.00	20.00	48.00	20.00	SAME
QSMK02	240.00	10.00	240.00	10.00	SAME
QSMK04	240.00	10.00	240.00	10.00	SAME
QSMK05	1.00	10.00	1.00	10.00	SAME
QSMK06	1.00	0.00	1.00	1.00	CHANGE
QSMK07	120.00	20.00	0.00	0.00	CHANGE
QSMK08	120.00	1.00	120.00	1.00	SAME
QSMK09	120.00	20.00	120.00	20.00	SAME
QSMK10	120.00	20.00	120.00	20.00	SAME
QSMK11	120.00	20.00	120.00	20.00	SAME
QSMK12	120.00	20.00	120.00	20.00	SAME
QSMK13	240.00	20.00	240.00	20.00	SAME
QSMK14	480.00	10.00	480.00	10.00	SAME
QSMK15	500.00	20.00	500.00	20.00	SAME
QSMK16	240.00	20.00	240.00	20.00	SAME
QSMK17	120.00	20.00	120.00	20.00	SAME
QSMK18	1.00	20.00	1.00	20.00	SAME
QSMK19	120.00	20.00	0.00	0.00	CHANGE
QSMK20	120.00	20.00	120.00	20.00	SAME
QSMK21	120.00	20.00	120.00	20.00	SAME
QSMK22	480.00	10.00	480.00	10.00	SAME
QSMK23	240.00	10.00	240.00	10.00	SAME
QSMK24	120.00	20.00	120.00	20.00	SAME
QSMK25	10.00	20.00	10.00	20.00	SAME
QSMK26	120.00	20.00	120.00	20.00	SAME
QSMK27	120.00	20.00	12.00	20.00	CHANGE
QSMK28	120.00	20.00	120.00	20.00	SAME
QSMK29	120.00	20.00	120.00	20.00	SAME
QSMK30	120.00	20.00	120.00	20.00	SAME
QSMK31	120.00	20.00	120.00	20.00	SAME
QSMK32	120.00	20.00	0.00	0.00	CHANGE
QSMK33	120.00	20.00	0.00	0.00	CHANGE
QSMK34	120.00	20.00	0.00	0.00	CHANGE
QSMK35	120.00	20.00	1.00	1.00	CHANGE
QSMK36	75.00	20.00	1.00	1.00	CHANGE
QSMK37	120.00	20.00	0.00	0.00	CHANGE
QSMK38	120.00	20.00	0.00	0.00	CHANGE
QSMK39	75.00	20.00	1.00	1.00	CHANGE
QSNAI01	20.00	200.00	20.00	200.00	SAME
QSNAI02	20.00	500.00	20.00	500.00	SAME
QSNAI03	20.00	100.00	20.00	100.00	SAME
QSNAI04	48.00	100.00	48.00	100.00	SAME
QSOFI01	200.00	20.00	200.00	20.00	SAME
QSOFI02	32.00	250.00	32.00	250.00	SAME
QSOFI03	16.00	500.00	16.00	500.00	SAME
QSOFI04	8.00	1000.00	8.00	1000.00	SAME
QSOLU01	1.00	25000.00	1.00	1.00	CHANGE
QSORA01	10.00	1000.00	10.00	1000.00	SAME
QSORA02	20.00	500.00	20.00	500.00	SAME
QSORT01	100.00	100.00	100.00	100.00	SAME
QSORT02	25.00	400.00	25.00	400.00	SAME
QSORT03	25.00	400.00	25.00	400.00	SAME
QSORT04	100.00	100.00	100.00	100.00	SAME
QSORT05	30.00	400.00	30.00	400.00	SAME
QSORT06	30.00	400.00	30.00	400.00	SAME
QSPAR01	1.00	1.00	1.00	1.00	SAME
QSPHI01	50.00	100.00	50.00	100.00	SAME
QSPHI02	100.00	100.00	100.00	100.00	SAME
QSPOD01	30.00	400.00	30.00	400.00	SAME
QSPON01	20.00	200.00	20.00	200.00	SAME
QSPON02	20.00	500.00	20.00	500.00	SAME
QSPON03	12.00	1000.00	12.00	1000.00	SAME
QSPON04	4.00	4000.00	4.00	4000.00	SAME
QSPON05	0.00	0.00	10.00	1000.00	CHANGE
QSPON06	50.00	200.00	50.00	200.00	SAME
QSPON07	20.00	500.00	20.00	500.00	SAME
QSPON08	10.00	1000.00	10.00	1000.00	SAME
QSPRA01	1.00	1.00	1.00	1.00	SAME
QSPRA02	20.00	2000.00	20.00	2000.00	SAME
QSPRA03	1.00	15000.00	1.00	15000.00	SAME
QSPRA04	1.00	1.00	1.00	1.00	SAME
QSPRA05	6.00	1.00	6.00	1.00	SAME
QSPRA06	6.00	1.00	6.00	1.00	SAME
QSPRA07	1.00	1.00	1.00	1.00	SAME
QSPRA08	1.00	18000.00	1.00	18000.00	SAME
QSPRA09	1.00	1.00	1.00	1.00	SAME
QSPRA10	1.00	20000.00	1.00	20000.00	SAME
QSPRA11	1.00	1.00	1.00	1.00	SAME
QSPRA12	1.00	0.00	1.00	1.00	CHANGE
QSPRA13	1.00	16000.00	1.00	16000.00	SAME
QSPRA14	20.00	2000.00	20.00	2000.00	SAME
QSPRA15	1.00	16000.00	1.00	16000.00	SAME
QSPRA16	6.00	1.00	6.00	1.00	SAME
QSPRA17	1.00	1.00	1.00	1.00	SAME
QSPRA18	1.00	1.00	1.00	1.00	SAME
QSPRA19	1.00	1.00	1.00	1.00	SAME
QSPRA20	1.00	1.00	1.00	1.00	SAME
QSPRA21	450.00	25.00	450.00	25.00	SAME
QSPRA22	50.00	50.00	50.00	50.00	SAME
QSPRA23	50.00	100.00	50.00	100.00	SAME
QSPRA24	40.00	250.00	40.00	250.00	SAME
QSPRA25	1.00	16000.00	1.00	16000.00	SAME
QSPRA26	6.00	1.00	6.00	1.00	SAME
QSPRA27	6.00	1.00	6.00	1.00	SAME
QSPRA28	20.00	2000.00	20.00	2000.00	SAME
QSPRA29	1.00	1.00	1.00	1.00	SAME
QSPRA30	6.00	1.00	6.00	1.00	SAME
QSPRA31	6.00	1.00	6.00	1.00	SAME
QSPRA32	30.00	1.00	30.00	1.00	SAME
QSPRA33	1.00	1.00	1.00	1.00	SAME
QSPRA34	1.00	16000.00	1.00	16000.00	SAME
QSPRA35	1.00	16000.00	1.00	16000.00	SAME
QSPRA36	1.00	16000.00	1.00	16000.00	SAME
QSPRA37	1.00	1.00	1.00	1.00	SAME
QSPRA38	1.00	1.00	1.00	1.00	SAME
QSPRA39	1.00	1.00	1.00	1.00	SAME
QSPRA40	6.00	1.00	6.00	1.00	SAME
QSPRA41	6.00	1.00	6.00	1.00	SAME
QSPRA42	1.00	1.00	1.00	1.00	SAME
QSPRA43	1.00	1000.00	1.00	1000.00	SAME
QSPRA44	1.00	1000.00	0.00	0.00	CHANGE
QSPRA45	1.00	1.00	1.00	1.00	SAME
QSPRA46	1.00	1.00	1.00	1.00	SAME
QSPRA47	1.00	1.00	1.00	1.00	SAME
QSPRA48	1.00	16000.00	0.00	0.00	CHANGE
QSPRA49	6.00	1.00	0.00	0.00	CHANGE
QSPRA50	20.00	500.00	1.00	1.00	CHANGE
QSPRA51	1.00	1000.00	0.00	0.00	CHANGE
QSPRA52	1.00	1000.00	1.00	1.00	CHANGE
QSPRA53	0.00	0.00	0.00	0.00	SAME
QSPYK01	20.00	1000.00	1.00	1.00	CHANGE
QSPYK02	4.00	5000.00	1.00	1.00	CHANGE
QSPYK03	1.00	20000.00	1.00	1.00	CHANGE
QSQUA01	4.00	5000.00	4.00	5000.00	SAME
QSQUA02	1.00	20000.00	1.00	20000.00	SAME
QSQUA03	20.00	1000.00	20.00	1000.00	SAME
QSRIK01	20.00	250.00	20.00	250.00	SAME
QSTAR01	1.00	20000.00	0.00	0.00	CHANGE
QSTAR02	20.00	1000.00	0.00	0.00	CHANGE
QSTAR03	40.00	100.00	40.00	100.00	SAME
QSTAR04	1.00	1.00	1.00	1.00	SAME
QSTAR05	0.00	0.00	0.00	0.00	SAME
QSTAR06	20.00	500.00	20.00	500.00	SAME
QSTAR07	15.00	1000.00	15.00	1000.00	SAME
QSTAR08	40.00	100.00	40.00	100.00	SAME
QSTAR09	20.00	400.00	20.00	400.00	SAME
QSTAR10	20.00	200.00	20.00	200.00	SAME
QSTAR11	10.00	2000.00	10.00	2000.00	SAME
QSTAR12	40.00	500.00	40.00	500.00	SAME
QSTAR13	80.00	100.00	1.00	1.00	CHANGE
QSTIC04	1.00	1.00	0.00	0.00	CHANGE
QSTICQVT01	1.00	1.00	0.00	0.00	CHANGE
QSTICQVT02	1.00	1.00	0.00	0.00	CHANGE
QSTIK01	0.00	0.00	0.00	0.00	SAME
QSTIK02	1.00	1.00	0.00	0.00	CHANGE
QSTOP01	20.00	500.00	20.00	500.00	SAME
QSUGO01	20.00	400.00	20.00	400.00	SAME
QSUGO02	20.00	1000.00	20.00	1000.00	SAME
QSUGO03	40.00	250.00	40.00	250.00	SAME
QSUGO04	100.00	100.00	100.00	100.00	SAME
QSUIC01	200.00	25.00	0.00	0.00	CHANGE
QSUIC02	50.00	100.00	50.00	100.00	SAME
QSUIC03	200.00	25.00	1.00	1.00	CHANGE
QSULF01	50.00	200.00	1.00	1.00	CHANGE
QSUMO01	20.00	500.00	20.00	500.00	SAME
QSUMO02	50.00	80.00	50.00	80.00	SAME
QSUMO03	40.00	250.00	40.00	250.00	SAME
QSUNB01	1.00	50000.00	1.00	1.00	CHANGE
QSUPE01	100.00	50.00	100.00	50.00	SAME
QSUPE02	50.00	100.00	50.00	100.00	SAME
QSUPE03	50.00	200.00	50.00	200.00	SAME
QSUPE04	40.00	50.00	40.00	50.00	SAME
QSUPE05	1.00	25000.00	1.00	25000.00	SAME
QSUPE06	24.00	500.00	24.00	500.00	SAME
QSUPE07	20.00	1000.00	20.00	1000.00	SAME
QSUPE08	20.00	500.00	20.00	500.00	SAME
QSUPE09	1000.00	5.00	1000.00	5.00	SAME
QSUPE10	16.00	1000.00	1.00	1.00	CHANGE
QSUPE11	24.00	500.00	1.00	1.00	CHANGE
QSUPR01	1.00	20000.00	1.00	20000.00	SAME
QSUPR02	20.00	1000.00	20.00	1000.00	SAME
QSUPR03	20.00	1000.00	0.00	0.00	CHANGE
QSWAL01	40.00	250.00	40.00	250.00	SAME
QSWIT01	400.00	20.00	1.00	1.00	CHANGE
QSYMB01	100.00	50.00	100.00	50.00	SAME
QSYMB02	75.00	100.00	75.00	100.00	SAME
QSYMB03	50.00	100.00	50.00	100.00	SAME
QSYMP01	40.00	100.00	40.00	100.00	SAME
QSYMP02	32.00	250.00	32.00	250.00	SAME
QSYMP03	0.00	0.00	0.00	0.00	SAME
QTABA01	50.00	100.00	50.00	100.00	SAME
QTABA02	50.00	80.00	50.00	80.00	SAME
QTABA03	20.00	500.00	20.00	500.00	SAME
QTABA04	10.00	1000.00	10.00	1000.00	SAME
QTABU01	1.00	1.00	1.00	1.00	SAME
QTABU02	1.00	0.00	1.00	1.00	CHANGE
QTAEK01	20.00	1000.00	0.00	0.00	CHANGE
QTAFT01	50.00	100.00	50.00	100.00	SAME
QTAFT02	40.00	400.00	40.00	400.00	SAME
QTAKE01	50.00	200.00	50.00	200.00	SAME
QTAKE02	20.00	500.00	20.00	500.00	SAME
QTAKE03	20.00	1000.00	20.00	1000.00	SAME
QTAKU01	20.00	50.00	20.00	50.00	SAME
QTALA01	0.00	0.00	0.00	0.00	SAME
QTALD01	48.00	250.00	48.00	250.00	SAME
QTALI01	1.00	1.00	1.00	1.00	SAME
QTALI02	1.00	1.00	1.00	1.00	SAME
QTALI03	1.00	900.00	1.00	900.00	SAME
QTALI04	1.00	0.00	1.00	1.00	CHANGE
QTALI05	1.00	450.00	1.00	450.00	SAME
QTALI06	40.00	600.00	40.00	600.00	SAME
QTALI07	1.00	1000.00	1.00	1000.00	SAME
QTALI08	1.00	0.00	1.00	1.00	CHANGE
QTAME01	20.00	500.00	20.00	500.00	SAME
QTAMI01	40.00	100.00	0.00	0.00	CHANGE
QTAMO01	20.00	400.00	0.00	0.00	CHANGE
QTAMP01	40.00	100.00	0.00	0.00	CHANGE
QTAMP02	20.00	200.00	20.00	200.00	SAME
QTAMP03	100.00	100.00	100.00	100.00	SAME
QTAMP04	40.00	200.00	0.00	0.00	CHANGE
QTAMU01	20.00	50.00	0.00	0.00	CHANGE
QTAMU02	20.00	500.00	0.00	0.00	CHANGE
QTANG01	1.00	0.00	1.00	1.00	CHANGE
QTANG02	1.00	0.00	1.00	1.00	CHANGE
QTANG03	1.00	0.00	1.00	1.00	CHANGE
QTANG04	1.00	0.00	1.00	1.00	CHANGE
QTANG05	1.00	0.00	1.00	1.00	CHANGE
QTANG06	1.00	0.00	1.00	1.00	CHANGE
QTANG07	6.00	0.00	6.00	1.00	CHANGE
QTANG08	6.00	0.00	6.00	1.00	CHANGE
QTANG09	6.00	1.00	6.00	1.00	SAME
QTANG10	6.00	0.00	6.00	1.00	CHANGE
QTANG11	1.00	0.00	1.00	1.00	CHANGE
QTANG12	15.00	0.00	15.00	1.00	CHANGE
QTANG13	1.00	0.00	1.00	1.00	CHANGE
QTANG14	1.00	1.00	1.00	1.00	SAME
QTANG15	1.00	0.00	1.00	1.00	CHANGE
QTANG16	1.00	1.00	1.00	1.00	SAME
QTANG17	1.00	0.00	1.00	1.00	CHANGE
QTANG18	15.00	1.00	15.00	1.00	SAME
QTANG19	1.00	1.00	1.00	1.00	SAME
QTANG20	1.00	0.00	1.00	1.00	CHANGE
QTANG21	1.00	0.00	1.00	1.00	CHANGE
QTANG22	1.00	1.00	1.00	1.00	SAME
QTANG23	1.00	1.00	1.00	1.00	SAME
QTANG24	1.00	1.00	1.00	1.00	SAME
QTANG25	1.00	1.00	1.00	1.00	SAME
QTANG26	1.00	0.00	1.00	1.00	CHANGE
QTANG27	1.00	0.00	1.00	1.00	CHANGE
QTANG28	1.00	1.00	1.00	1.00	SAME
QTANG29	1.00	0.00	1.00	1.00	CHANGE
QTANG30	1.00	1.00	1.00	1.00	SAME
QTANG31	1.00	1.00	1.00	1.00	SAME
QTANG32	1.00	0.00	1.00	1.00	CHANGE
QTANG33	1.00	0.00	1.00	1.00	CHANGE
QTANG34	1.00	0.00	1.00	1.00	CHANGE
QTANG35	1.00	0.00	1.00	1.00	CHANGE
QTANG36	1.00	0.00	1.00	1.00	CHANGE
QTANG37	1.00	0.00	1.00	1.00	CHANGE
QTANG38	1.00	0.00	1.00	1.00	CHANGE
QTANG39	1.00	1.00	0.00	0.00	CHANGE
QTANG40	1.00	1.00	1.00	1.00	SAME
QTANG41	1.00	0.00	1.00	1.00	CHANGE
QTANG42	1.00	0.00	1.00	1.00	CHANGE
QTANG43	1.00	1.00	1.00	1.00	SAME
QTANG44	1.00	0.00	1.00	1.00	CHANGE
QTANG45	1.00	1.00	1.00	1.00	SAME
QTANG46	1.00	0.00	1.00	1.00	CHANGE
QTANG47	1.00	1.00	1.00	1.00	SAME
QTANG48	1.00	1.00	1.00	1.00	SAME
QTANG49	1.00	16000.00	1.00	16000.00	SAME
QTANG50	1.00	1.00	1.00	1.00	SAME
QTANG51	1.00	1.00	1.00	1.00	SAME
QTANG52	1.00	0.00	1.00	1.00	CHANGE
QTANG53	1.00	0.00	1.00	1.00	CHANGE
QTANG54	1.00	0.00	0.00	0.00	CHANGE
QTANG55	1.00	0.00	0.00	0.00	CHANGE
QTANG56	1.00	0.00	0.00	0.00	CHANGE
QTANG57	1.00	0.00	0.00	0.00	CHANGE
QTANG58	1.00	1.00	0.00	0.00	CHANGE
QTANG59	1.00	1.00	1.00	1.00	SAME
QTANG60	1.00	20000.00	1.00	1.00	CHANGE
QTANG61	1.00	0.00	1.00	1.00	CHANGE
QTANT01	40.00	250.00	40.00	250.00	SAME
QTANT02	0.00	0.00	1.00	1.00	CHANGE
QTARG01	100.00	50.00	100.00	50.00	SAME
QTEBA01	50.00	100.00	1.00	1.00	CHANGE
QTEBA02	40.00	250.00	1.00	1.00	CHANGE
QTEBA03	0.00	0.00	1.00	1.00	CHANGE
QTENA01	50.00	100.00	50.00	100.00	SAME
QTERB01	20.00	1000.00	1.00	1.00	CHANGE
QTERM01	20.00	400.00	20.00	400.00	SAME
QTERM02	50.00	100.00	50.00	100.00	SAME
QTERM03	40.00	250.00	40.00	250.00	SAME
QTERM04	20.00	500.00	20.00	500.00	SAME
QTERM05	50.00	100.00	50.00	100.00	SAME
QTERM06	20.00	500.00	20.00	500.00	SAME
QTERO01	480.00	10.00	480.00	10.00	SAME
QTERO02	180.00	10.00	180.00	10.00	SAME
QTERO03	180.00	10.00	180.00	10.00	SAME
QTERO04	480.00	10.00	480.00	10.00	SAME
QTERO05	180.00	10.00	180.00	10.00	SAME
QTERO06	400.00	15.00	400.00	15.00	SAME
QTERO07	60.00	1.00	60.00	1.00	SAME
QTERO08	240.00	5.00	240.00	5.00	SAME
QTERO09	480.00	10.00	480.00	10.00	SAME
QTERO10	500.00	1.00	500.00	1.00	SAME
QTERO11	500.00	1.00	500.00	1.00	SAME
QTERO12	240.00	10.00	240.00	10.00	SAME
QTERO13	240.00	10.00	0.00	0.00	CHANGE
QTERO14	240.00	10.00	240.00	10.00	SAME
QTERO15	10.00	5.00	10.00	5.00	SAME
QTERO16	1.00	1000.00	1.00	1000.00	SAME
QTERO17	1.00	1000.00	1.00	1000.00	SAME
QTERO18	240.00	500.00	240.00	500.00	SAME
QTERO19	180.00	10.00	0.00	0.00	CHANGE
QTERO20	180.00	10.00	0.00	0.00	CHANGE
QTERO21	180.00	10.00	0.00	0.00	CHANGE
QTERO22	1.00	1000.00	1.00	1.00	CHANGE
QTERO23	480.00	5.00	0.00	0.00	CHANGE
QTERO24	480.00	5.00	0.00	0.00	CHANGE
QTERO25	1.00	100.00	1.00	1.00	CHANGE
QTHRI01	50.00	100.00	1.00	1.00	CHANGE
QTHRO01	20.00	100.00	20.00	100.00	SAME
QTHRO02	20.00	250.00	20.00	250.00	SAME
QTHRO03	20.00	500.00	20.00	500.00	SAME
QTHRO04	48.00	100.00	48.00	100.00	SAME
QTIEZ01	20.00	1000.00	0.00	0.00	CHANGE
QTIEZ02	40.00	500.00	0.00	0.00	CHANGE
QTIEZ03	0.00	0.00	0.00	0.00	SAME
QTIGO01	200.00	25.00	200.00	25.00	SAME
QTIMT01	20.00	1000.00	20.00	1000.00	SAME
QTIMT02	4.00	5000.00	4.00	5000.00	SAME
QTIMT03	1.00	20000.00	1.00	20000.00	SAME
QTIMU01	1.00	10.00	1.00	10.00	SAME
QTIMU02	120.00	20.00	120.00	20.00	SAME
QTIMU03	120.00	20.00	120.00	20.00	SAME
QTIMU04	180.00	10.00	180.00	10.00	SAME
QTIMU05	5.00	20.00	5.00	20.00	SAME
QTIMU06	120.00	20.00	120.00	20.00	SAME
QTIMU07	480.00	10.00	480.00	10.00	SAME
QTIMU08	240.00	10.00	240.00	10.00	SAME
QTIMU09	200.00	10.00	200.00	10.00	SAME
QTIMU10	240.00	25.00	240.00	25.00	SAME
QTIMU11	400.00	10.00	400.00	10.00	SAME
QTIMU12	200.00	20.00	200.00	20.00	SAME
QTIMU13	240.00	20.00	240.00	20.00	SAME
QTIMU14	120.00	20.00	120.00	20.00	SAME
QTIMU15	180.00	10.00	180.00	10.00	SAME
QTIMU16	180.00	10.00	180.00	10.00	SAME
QTIMU17	240.00	20.00	240.00	20.00	SAME
QTIMU18	240.00	10.00	240.00	10.00	SAME
QTIMU19	300.00	10.00	300.00	10.00	SAME
QTIMU20	120.00	20.00	120.00	20.00	SAME
QTIMU21	240.00	10.00	240.00	10.00	SAME
QTIMU22	120.00	20.00	120.00	20.00	SAME
QTIMU23	180.00	0.00	180.00	1.00	CHANGE
QTIMU24	120.00	20.00	120.00	20.00	SAME
QTIMU25	270.00	10.00	270.00	10.00	SAME
QTIMU26	120.00	1.00	120.00	1.00	SAME
QTIMU27	120.00	20.00	120.00	20.00	SAME
QTIMU28	120.00	20.00	120.00	20.00	SAME
QTIMU29	120.00	20.00	120.00	20.00	SAME
QTIMU30	1.00	1000.00	1.00	1000.00	SAME
QTIMU31	1.00	1000.00	1.00	1000.00	SAME
QTIMU32	100.00	20.00	1.00	1.00	CHANGE
QTIMU33	240.00	10.00	0.00	0.00	CHANGE
QTIMU34	120.00	20.00	0.00	0.00	CHANGE
QTIMU35	144.00	20.00	1.00	1.00	CHANGE
QTINK01	40.00	200.00	1.00	1.00	CHANGE
QTINK02	20.00	400.00	1.00	1.00	CHANGE
QTOBA01	20.00	500.00	20.00	500.00	SAME
QTOMA01	120.00	5.00	120.00	5.00	SAME
QTOMA02	180.00	10.00	180.00	10.00	SAME
QTOMA03	240.00	5.00	240.00	5.00	SAME
QTOMA04	450.00	5.00	450.00	5.00	SAME
QTOMA05	240.00	5.00	240.00	5.00	SAME
QTOMA06	450.00	5.00	450.00	5.00	SAME
QTOMA07	600.00	5.00	600.00	5.00	SAME
QTOMA08	600.00	5.00	600.00	5.00	SAME
QTOMA09	600.00	5.00	600.00	5.00	SAME
QTOMA10	50.00	0.50	50.00	0.00	CHANGE
QTOMA11	240.00	1.00	240.00	1.00	SAME
QTOMA12	240.00	5.00	240.00	5.00	SAME
QTOMA13	240.00	5.00	0.00	0.00	CHANGE
QTOMA14	240.00	5.00	240.00	5.00	SAME
QTOMA15	480.00	5.00	480.00	5.00	SAME
QTOMA16	240.00	0.00	240.00	1.00	CHANGE
QTOMA17	240.00	5.00	240.00	5.00	SAME
QTOMA18	240.00	5.00	240.00	5.00	SAME
QTOMA19	240.00	5.00	240.00	5.00	SAME
QTOMA20	240.00	1.00	240.00	1.00	SAME
QTOMA21	240.00	1.00	240.00	1.00	SAME
QTOMA22	240.00	1.00	240.00	1.00	SAME
QTOMA23	240.00	1.00	240.00	1.00	SAME
QTOMA24	480.00	5.00	480.00	5.00	SAME
QTOMA25	480.00	5.00	480.00	5.00	SAME
QTOMA26	400.00	5.00	0.00	0.00	CHANGE
QTOMA27	240.00	5.00	240.00	5.00	SAME
QTOMA28	600.00	5.00	600.00	5.00	SAME
QTOMA29	400.00	5.00	0.00	0.00	CHANGE
QTOMA30	400.00	5.00	0.00	0.00	CHANGE
QTOMA31	400.00	5.00	0.00	0.00	CHANGE
QTOMA32	400.00	5.00	0.00	0.00	CHANGE
QTOMB01	1.00	1000.00	1.00	1000.00	SAME
QTOMB02	20.00	400.00	20.00	400.00	SAME
QTOPA01	50.00	100.00	50.00	100.00	SAME
QTOPB01	50.00	50.00	50.00	50.00	SAME
QTOPB02	25.00	100.00	25.00	100.00	SAME
QTOPI01	100.00	100.00	100.00	100.00	SAME
QTOPI02	1.00	1.00	1.00	1.00	SAME
QTOPI03	50.00	100.00	0.00	0.00	CHANGE
QTOPI04	1.00	1.00	1.00	1.00	SAME
QTOPJ01	20.00	1000.00	20.00	1000.00	SAME
QTOPJ02	4.00	5000.00	1.00	1.00	CHANGE
QTOPJ03	1.00	20000.00	1.00	1.00	CHANGE
QTOPN01	50.00	100.00	50.00	100.00	SAME
QTOPN02	20.00	500.00	20.00	500.00	SAME
QTOPS01	100.00	100.00	100.00	100.00	SAME
QTOPS02	20.00	500.00	20.00	500.00	SAME
QTOPS03	20.00	250.00	20.00	250.00	SAME
QTOPS04	24.00	250.00	24.00	250.00	SAME
QTOPS05	20.00	500.00	20.00	500.00	SAME
QTOPS06	20.00	500.00	20.00	500.00	SAME
QTOPS07	20.00	500.00	20.00	500.00	SAME
QTOPS08	30.00	450.00	30.00	450.00	SAME
QTOPS09	30.00	450.00	30.00	450.00	SAME
QTOPS10	20.00	200.00	20.00	200.00	SAME
QTOPZ01	15.00	1000.00	15.00	1000.00	SAME
QTOPZ02	15.00	1000.00	15.00	1000.00	SAME
QTORS01	100.00	100.00	100.00	100.00	SAME
QTORS02	40.00	250.00	40.00	250.00	SAME
QTORS03	20.00	500.00	20.00	500.00	SAME
QTOSB01	50.00	100.00	50.00	100.00	SAME
QTOSB02	50.00	250.00	50.00	250.00	SAME
QTOSB03	30.00	400.00	30.00	400.00	SAME
QTRAN01	20.00	500.00	20.00	500.00	SAME
QTRIA01	20.00	1000.00	20.00	1000.00	SAME
QTRIA02	20.00	500.00	20.00	500.00	SAME
QTRIA03	40.00	200.00	40.00	200.00	SAME
QTRIC01	50.00	100.00	50.00	100.00	SAME
QTRIC02	50.00	250.00	50.00	250.00	SAME
QTRIC03	100.00	100.00	0.00	0.00	CHANGE
QTRIC04	20.00	1000.00	0.00	0.00	CHANGE
QTRID01	10.00	1000.00	10.00	1000.00	SAME
QTRIG01	100.00	50.00	100.00	50.00	SAME
QTRIG02	120.00	25.00	120.00	25.00	SAME
QTRIG03	100.00	5.00	100.00	5.00	SAME
QTRIP01	100.00	50.00	100.00	50.00	SAME
QTRIP02	20.00	1000.00	20.00	1000.00	SAME
QTRIP03	4.00	5000.00	4.00	5000.00	SAME
QTRIP04	20.00	1000.00	20.00	1000.00	SAME
QTRIP06	60.00	50.00	1.00	1.00	CHANGE
QTRIS01	20.00	500.00	20.00	500.00	SAME
QTRIS02	50.00	200.00	50.00	200.00	SAME
QTRIS03	50.00	100.00	50.00	100.00	SAME
QTRIS04	20.00	1000.00	20.00	1000.00	SAME
QTRIV01	200.00	50.00	200.00	50.00	SAME
QTRIV02	50.00	200.00	50.00	200.00	SAME
QTRON01	100.00	100.00	1.00	1.00	CHANGE
QTRON02	50.00	200.00	1.00	1.00	CHANGE
QTSP 01	1.00	25000.00	1.00	25000.00	SAME
QTSP 02	1.00	50000.00	1.00	50000.00	SAME
QTSP 03	1.00	50000.00	1.00	50000.00	SAME
QTUNT01	16.00	1000.00	0.00	0.00	CHANGE
QTUNT02	1.00	20000.00	1.00	20000.00	SAME
QTUNT03	20.00	1000.00	20.00	1000.00	SAME
QTUNT04	4.00	5000.00	4.00	5000.00	SAME
QTUNT05	20.00	500.00	20.00	500.00	SAME
QTURE01	100.00	100.00	100.00	100.00	SAME
QTUTU01	1.00	1.00	1.00	1.00	SAME
QULAT01	50.00	100.00	1.00	1.00	CHANGE
QULTR01	10.00	2000.00	0.00	0.00	CHANGE
QUMBU01	1.00	1.00	1.00	1.00	SAME
QUMBU02	1.00	1.00	1.00	1.00	SAME
QUMBU03	1.00	1.00	1.00	1.00	SAME
QUMBU05	1.00	1000.00	1.00	1000.00	SAME
QUNIB01	20.00	250.00	1.00	1.00	CHANGE
QUNIB02	20.00	500.00	1.00	1.00	CHANGE
QUNIB03	0.00	0.00	0.00	0.00	SAME
QUNIG01	25.00	400.00	0.00	0.00	CHANGE
QUNIG02	10.00	800.00	1.00	1.00	CHANGE
QUNIH01	0.00	0.00	0.00	0.00	SAME
QUNIH02	0.00	0.00	0.00	0.00	SAME
QUNIH03	0.00	0.00	0.00	0.00	SAME
QUNIL01	100.00	100.00	100.00	100.00	SAME
QUNIQ01	10.00	1000.00	10.00	1000.00	SAME
QUNIQ02	2.00	5000.00	2.00	5000.00	SAME
QUNIQ03	1.00	20000.00	1.00	20000.00	SAME
QUNIR01	50.00	100.00	0.00	0.00	CHANGE
QUNIR02	20.00	200.00	0.00	0.00	CHANGE
QUNIR03	20.00	400.00	0.00	0.00	CHANGE
QUNIS01	40.00	250.00	1.00	1.00	CHANGE
QUNIS02	20.00	500.00	1.00	1.00	CHANGE
QUNIS03	10.00	1000.00	1.00	1.00	CHANGE
QUPRI01	50.00	100.00	50.00	100.00	SAME
QUPRI02	20.00	250.00	1.00	1.00	CHANGE
QUREC01	1.00	50000.00	1.00	50000.00	SAME
QUSPA01	10.00	5000.00	10.00	5000.00	SAME
QUSPA02	1.00	25000.00	1.00	25000.00	SAME
QUSPA03	8.00	5000.00	8.00	5000.00	SAME
QUTHA01	10.00	800.00	1.00	1.00	CHANGE
QVALE01	20.00	500.00	20.00	500.00	SAME
QVALE02	50.00	250.00	50.00	250.00	SAME
QVALE03	50.00	100.00	50.00	100.00	SAME
QVALI01	40.00	200.00	40.00	200.00	SAME
QVALI02	160.00	50.00	160.00	50.00	SAME
QVALI03	40.00	250.00	40.00	250.00	SAME
QVALI04	20.00	500.00	20.00	500.00	SAME
QVALL01	10.00	1000.00	1.00	1.00	CHANGE
QVALO01	40.00	50.00	1.00	1.00	CHANGE
QVALO02	10.00	200.00	1.00	1.00	CHANGE
QVAND01	120.00	100.00	120.00	100.00	SAME
QVAYE01	100.00	100.00	0.00	0.00	CHANGE
QVAYE02	100.00	50.00	100.00	50.00	SAME
QVAYE03	50.00	100.00	50.00	100.00	SAME
QVENT01	10.00	2000.00	10.00	2000.00	SAME
QVENT02	18.00	1000.00	18.00	1000.00	SAME
QVERP01	100.00	100.00	1.00	1.00	CHANGE
QVERP02	25.00	400.00	1.00	1.00	CHANGE
QVERT01	100.00	20.00	100.00	20.00	SAME
QVERT02	50.00	100.00	50.00	100.00	SAME
QVERT03	20.00	250.00	20.00	250.00	SAME
QVERT04	10.00	500.00	1.00	1.00	CHANGE
QVETO01	20.00	500.00	1.00	1.00	CHANGE
QVIAR01	10.00	1000.00	10.00	1000.00	SAME
QVIAR02	40.00	250.00	40.00	250.00	SAME
QVICT01	25.00	400.00	25.00	400.00	SAME
QVICT02	20.00	1000.00	20.00	1000.00	SAME
QVICT03	20.00	1000.00	0.00	0.00	CHANGE
QVICT04	20.00	1000.00	0.00	0.00	CHANGE
QVICT05	25.00	400.00	0.00	0.00	CHANGE
QVIRT01	200.00	10.00	200.00	10.00	SAME
QVIRT02	100.00	50.00	100.00	50.00	SAME
QVIRT03	50.00	100.00	50.00	100.00	SAME
QVISH01	20.00	500.00	20.00	500.00	SAME
QVISH02	100.00	100.00	100.00	100.00	SAME
QVIST01	16.00	1000.00	16.00	1000.00	SAME
QVIST02	20.00	500.00	20.00	500.00	SAME
QVIST03	50.00	200.00	50.00	200.00	SAME
QVOLI01	50.00	100.00	50.00	100.00	SAME
QVOLN01	20.00	1000.00	20.00	1000.00	SAME
QWALA01	20.00	400.00	20.00	400.00	SAME
QWALA02	20.00	1000.00	20.00	1000.00	SAME
QWALA03	25.00	400.00	25.00	400.00	SAME
QWALL01	1000.00	1000.00	1000.00	1000.00	SAME
QWALU01	240.00	10.00	240.00	10.00	SAME
QWELC01	40.00	250.00	40.00	250.00	SAME
QWELL01	100.00	100.00	0.00	0.00	CHANGE
QWELL02	0.00	0.00	1.00	1.00	CHANGE
QWELL03	0.00	0.00	1.00	1.00	CHANGE
QWEND01	20.00	500.00	20.00	500.00	SAME
QWEND02	100.00	100.00	100.00	100.00	SAME
QWETC01	24.00	500.00	24.00	500.00	SAME
QWETC02	48.00	250.00	48.00	250.00	SAME
QWIN01	500.00	10.00	500.00	10.00	SAME
QWIND01	50.00	100.00	50.00	100.00	SAME
QWIND02	160.00	25.00	160.00	25.00	SAME
QWIND03	50.00	250.00	50.00	250.00	SAME
QWIND04	110.00	100.00	110.00	100.00	SAME
QWIND05	80.00	100.00	80.00	100.00	SAME
QWIND06	20.00	250.00	20.00	250.00	SAME
QWIND07	50.00	100.00	50.00	100.00	SAME
QWIND08	10.00	500.00	10.00	500.00	SAME
QWINF01	20.00	1000.00	20.00	1000.00	SAME
QWINF02	4.00	5000.00	4.00	5000.00	SAME
QWINF03	1.00	20000.00	1.00	20000.00	SAME
QWOKO01	20.00	250.00	1.00	1.00	CHANGE
QWOKO02	20.00	500.00	1.00	1.00	CHANGE
QXEMC01	48.00	100.00	48.00	100.00	SAME
QXSIL01	20.00	500.00	20.00	500.00	SAME
QXYCO01	100.00	100.00	100.00	100.00	SAME
QXYCO02	20.00	400.00	20.00	400.00	SAME
QXYCO03	20.00	900.00	20.00	900.00	SAME
QXYCO05	50.00	200.00	0.00	0.00	CHANGE
QXZO01	50.00	100.00	50.00	100.00	SAME
QYOKO01	50.00	100.00	50.00	100.00	SAME
QYOTO01	118.00	120.00	118.00	120.00	SAME
QYOUS01	15.00	1000.00	15.00	1000.00	SAME
QYOUS02	20.00	500.00	20.00	500.00	SAME
QZAAL01	20.00	400.00	20.00	400.00	SAME
QZAAL02	20.00	1000.00	20.00	1000.00	SAME
QZACA01	1.00	50000.00	1.00	50000.00	SAME
QZACH01	1.00	50000.00	1.00	50000.00	SAME
QZAKR01	1.00	50000.00	1.00	50000.00	SAME
QZAKU01	1.00	50000.00	1.00	50000.00	SAME
QZAKZ01	1.00	1.00	0.00	0.00	CHANGE
QZALA01	1.00	50000.00	1.00	50000.00	SAME
QZAMA01	1.00	50000.00	1.00	50000.00	SAME
QZAMA02	1.00	50000.00	1.00	50000.00	SAME
QZAMA03	1.00	50000.00	1.00	50000.00	SAME
QZAPA01	1.00	50000.00	1.00	50000.00	SAME
QZAPR01	1.00	50000.00	1.00	50000.00	SAME
QZATA01	1.00	50000.00	1.00	50000.00	SAME
QZEGR01	1.00	50000.00	1.00	50000.00	SAME
QZENC01	60.00	100.00	60.00	100.00	SAME
QZENC02	40.00	250.00	40.00	250.00	SAME
QZENC03	24.00	500.00	24.00	500.00	SAME
QZENP01	60.00	100.00	60.00	100.00	SAME
QZENP02	40.00	250.00	40.00	250.00	SAME
QZENP03	24.00	500.00	24.00	500.00	SAME
QZENP04	15.00	1000.00	60.00	100.00	CHANGE
QZEPH01	80.00	250.00	80.00	250.00	SAME
QZESS01	100.00	100.00	1.00	1.00	CHANGE
QZINC01	1200.00	1.00	1200.00	1.00	SAME
QZNUR01	1.00	50000.00	1.00	1.00	CHANGE
QZORV01	20.00	150.00	20.00	150.00	SAME
QZPTP01	100.00	100.00	100.00	100.00	SAME
QZPTP02	40.00	250.00	40.00	250.00	SAME
QZPTP03	20.00	500.00	20.00	500.00	SAME
STURB01	0.00	0.00	0.00	0.00	SAME
XHANDP01	1.00	1000.00	0.00	0.00	CHANGE
XKOMPO01	1.00	1000.00	0.00	0.00	CHANGE
XKULKA01	1.00	0.00	0.00	0.00	CHANGE
XKUPAS01	1.00	1000.00	0.00	0.00	CHANGE
XMAGIC01	1.00	1000.00	0.00	0.00	CHANGE
XMESIN01	1.00	1000.00	0.00	0.00	CHANGE
XNOTEB01	1.00	1000.00	0.00	0.00	CHANGE
XPCAMD01	1.00	0.00	0.00	0.00	CHANGE
XSEPED01	1.00	1000.00	1.00	1000.00	SAME
XSEPED02	1.00	1000.00	1.00	1000.00	SAME
XSEPED03	1.00	1000.00	1.00	1000.00	SAME
XSEPED04	1.00	1000.00	0.00	0.00	CHANGE
XSETRI01	1.00	1000.00	0.00	0.00	CHANGE
XTVLED01	1.00	0.00	0.00	0.00	CHANGE
XTVLED02	1.00	0.00	0.00	0.00	CHANGE
XTVLED03	1.00	0.00	0.00	0.00	CHANGE
XTVLED04	1.00	0.00	0.00	0.00	CHANGE
XTVLED05	1.00	1000.00	0.00	0.00	CHANGE
XVACUM01	1.00	0.00	0.00	0.00	CHANGE
ZKALW01	0.00	0.00	0.00	0.00	SAME
ZZACL01	1.00	0.00	0.00	0.00	CHANGE
ZZACMI01	1.00	1000.00	0.00	0.00	CHANGE
ZZACMI02	1.00	1000.00	0.00	0.00	CHANGE
ZZAND01	0.00	0.00	0.00	0.00	SAME
ZZANDRO01	0.00	0.00	0.00	0.00	SAME
ZZANTE01	1.00	1000.00	0.00	0.00	CHANGE
ZZBAAL01	1.00	1000.00	0.00	0.00	CHANGE
ZZBAJU01	1.00	1000.00	0.00	0.00	CHANGE
ZZBAJU02	1.00	1000.00	0.00	0.00	CHANGE
ZZBAJU03	1.00	1000.00	0.00	0.00	CHANGE
ZZBAJU04	1.00	1000.00	0.00	0.00	CHANGE
ZZBAJU05	1.00	1000.00	0.00	0.00	CHANGE
ZZBALI01	0.00	0.00	0.00	0.00	SAME
ZZBAND01	1.00	1000.00	0.00	0.00	CHANGE
ZZBANN01	1.00	1000.00	0.00	0.00	CHANGE
ZZBANN02	0.00	0.00	0.00	0.00	SAME
ZZBANN03	1.00	1000.00	0.00	0.00	CHANGE
ZZBANN04	1.00	1000.00	0.00	0.00	CHANGE
ZZBANN05	1.00	1000.00	0.00	0.00	CHANGE
ZZBANN06	0.00	0.00	0.00	0.00	SAME
ZZBANN07	0.00	0.00	0.00	0.00	SAME
ZZBANN08	0.00	0.00	0.00	0.00	SAME
ZZBANN09	0.00	0.00	0.00	0.00	SAME
ZZBANN10	0.00	0.00	0.00	0.00	SAME
ZZBANN11	0.00	0.00	0.00	0.00	SAME
ZZBANN12	0.00	0.00	0.00	0.00	SAME
ZZBANN13	0.00	0.00	0.00	0.00	SAME
ZZBANN14	0.00	0.00	0.00	0.00	SAME
ZZBANN15	0.00	0.00	0.00	0.00	SAME
ZZBANN16	0.00	0.00	0.00	0.00	SAME
ZZBANN17	0.00	0.00	0.00	0.00	SAME
ZZBERA01	1.00	1000.00	0.00	0.00	CHANGE
ZZBERA02	0.00	0.00	0.00	0.00	SAME
ZZBLEN01	1.00	1000.00	0.00	0.00	CHANGE
ZZBOTO01	0.00	0.00	0.00	0.00	SAME
ZZBOTO02	0.00	0.00	0.00	0.00	SAME
ZZBOTO03	0.00	0.00	0.00	0.00	SAME
ZZBOTO04	0.00	0.00	0.00	0.00	SAME
ZZBOXK01	1.00	1000.00	0.00	0.00	CHANGE
ZZBROS01	1.00	1000.00	0.00	0.00	CHANGE
ZZBROS02	1.00	1000.00	0.00	0.00	CHANGE
ZZBROS03	1.00	1000.00	1.00	1000.00	SAME
ZZBROS04	1.00	1000.00	1.00	1000.00	SAME
ZZBROS05	1.00	1000.00	0.00	0.00	CHANGE
ZZBROS06	1.00	1000.00	0.00	0.00	CHANGE
ZZBROS07	0.00	0.00	0.00	0.00	SAME
ZZBROS08	0.00	0.00	0.00	0.00	SAME
ZZBROS09	0.00	0.00	0.00	0.00	SAME
ZZBROS11	0.00	0.00	0.00	0.00	SAME
ZZBUKU01	1.00	1000.00	0.00	0.00	CHANGE
ZZBUKU02	1.00	1000.00	0.00	0.00	CHANGE
ZZBUKU03	1.00	1000.00	0.00	0.00	CHANGE
ZZBUKU04	1.00	1000.00	0.00	0.00	CHANGE
ZZBUKU05	1.00	1000.00	0.00	0.00	CHANGE
ZZBUKU06	1.00	1000.00	0.00	0.00	CHANGE
ZZBUKU07	1.00	1000.00	0.00	0.00	CHANGE
ZZBUKU08	0.00	0.00	0.00	0.00	SAME
ZZCAME01	1.00	1000.00	0.00	0.00	CHANGE
ZZCELA01	1.00	1000.00	0.00	0.00	CHANGE
ZZCELA02	1.00	1000.00	0.00	0.00	CHANGE
ZZCOOK01	1.00	1000.00	0.00	0.00	CHANGE
ZZCUPS01	1.00	1000.00	0.00	0.00	CHANGE
ZZDEMO01	1.00	1000.00	0.00	0.00	CHANGE
ZZDEMO02	1.00	1.00	1.00	1.00	SAME
ZZDEMO03	1.00	1.00	1.00	1.00	SAME
ZZDEMO04	1.00	1.00	1.00	1.00	SAME
ZZDEMO05	1.00	1000.00	0.00	0.00	CHANGE
ZZDEMO06	1.00	1000.00	0.00	0.00	CHANGE
ZZDEMO07	1.00	1000.00	0.00	0.00	CHANGE
ZZDEMO08	0.00	0.00	0.00	0.00	SAME
ZZDEMO09	0.00	0.00	0.00	0.00	SAME
ZZDETE01	0.00	0.00	0.00	0.00	SAME
ZZDETE02	0.00	0.00	0.00	0.00	SAME
ZZDISP01	1.00	1000.00	0.00	0.00	CHANGE
ZZDISP02	1.00	1000.00	0.00	0.00	CHANGE
ZZDISP03	1.00	1000.00	0.00	0.00	CHANGE
ZZDISP04	1.00	1000.00	0.00	0.00	CHANGE
ZZDVD01	1.00	1000.00	0.00	0.00	CHANGE
ZZDVD02	1.00	1000.00	0.00	0.00	CHANGE
ZZDVD03	1.00	1000.00	0.00	0.00	CHANGE
ZZEMBE01	1.00	1000.00	0.00	0.00	CHANGE
ZZEMBER02	0.00	0.00	0.00	0.00	SAME
ZZFLAG01	0.00	0.00	0.00	0.00	SAME
ZZGELA01	1.00	1000.00	0.00	0.00	CHANGE
ZZGELA02	1.00	1000.00	0.00	0.00	CHANGE
ZZGELA03	1.00	1000.00	0.00	0.00	CHANGE
ZZGELA04	1.00	1000.00	0.00	0.00	CHANGE
ZZGELA05	1.00	1000.00	0.00	0.00	CHANGE
ZZGELA06	1.00	1000.00	0.00	0.00	CHANGE
ZZGELA07	1.00	1000.00	0.00	0.00	CHANGE
ZZGRAN01	1.00	1000.00	0.00	0.00	CHANGE
ZZGULA01	1.00	1000.00	0.00	0.00	CHANGE
ZZGULA02	1.00	1000.00	0.00	0.00	CHANGE
ZZGUNT01	1.00	1000.00	0.00	0.00	CHANGE
ZZHAND01	1.00	1000.00	0.00	0.00	CHANGE
ZZHAND02	1.00	1000.00	0.00	0.00	CHANGE
ZZHAND03	1.00	1000.00	0.00	0.00	CHANGE
ZZHAND04	1.00	1000.00	0.00	0.00	CHANGE
ZZHAND05	1.00	1000.00	0.00	0.00	CHANGE
ZZHAND06	1.00	1000.00	0.00	0.00	CHANGE
ZZHAND07	1.00	1000.00	0.00	0.00	CHANGE
ZZHAND08	1.00	1000.00	0.00	0.00	CHANGE
ZZHAND09	1.00	1000.00	0.00	0.00	CHANGE
ZZHAND10	1.00	1000.00	0.00	0.00	CHANGE
ZZHAND11	1.00	1000.00	0.00	0.00	CHANGE
ZZHAND12	1.00	1000.00	0.00	0.00	CHANGE
ZZHAND13	1.00	1000.00	0.00	0.00	CHANGE
ZZHAND14	1.00	1000.00	0.00	0.00	CHANGE
ZZHEM01	1.00	1000.00	0.00	0.00	CHANGE
ZZHOND01	0.00	0.00	0.00	0.00	SAME
ZZHPINF01	1.00	1000.00	0.00	0.00	CHANGE
ZZHPOP01	0.00	0.00	0.00	0.00	SAME
ZZHUAN01	1.00	1000.00	0.00	0.00	CHANGE
ZZINFIN01	1.00	1000.00	0.00	0.00	CHANGE
ZZINT01	1000.00	5.00	0.00	0.00	CHANGE
ZZIPHO01	1.00	1000.00	0.00	0.00	CHANGE
ZZJAKE01	1.00	1000.00	0.00	0.00	CHANGE
ZZJAKE02	1.00	1000.00	0.00	0.00	CHANGE
ZZJAKE03	1.00	1000.00	0.00	0.00	CHANGE
ZZJAKE04	1.00	1000.00	0.00	0.00	CHANGE
ZZJAKE05	1.00	1000.00	0.00	0.00	CHANGE
ZZJAMD01	1.00	1000.00	0.00	0.00	CHANGE
ZZJAMD02	1.00	1000.00	0.00	0.00	CHANGE
ZZJAMD03	1.00	1000.00	0.00	0.00	CHANGE
ZZJAMD04	1.00	1000.00	0.00	0.00	CHANGE
ZZJAMD05	1.00	1000.00	0.00	0.00	CHANGE
ZZJAMD06	1.00	1000.00	0.00	0.00	CHANGE
ZZJAMD07	1.00	1000.00	0.00	0.00	CHANGE
ZZJAMG01	1.00	1000.00	0.00	0.00	CHANGE
ZZKALE01	1.00	1000.00	0.00	0.00	CHANGE
ZZKALE02	1.00	0.00	0.00	0.00	CHANGE
ZZKALE03	1.00	1000.00	0.00	0.00	CHANGE
ZZKALE04	1.00	0.00	0.00	0.00	CHANGE
ZZKALE05	1.00	1000.00	0.00	0.00	CHANGE
ZZKALE06	1.00	1000.00	0.00	0.00	CHANGE
ZZKALE07	1.00	1000.00	0.00	0.00	CHANGE
ZZKALE08	1.00	1000.00	0.00	0.00	CHANGE
ZZKALE09	1.00	1000.00	0.00	0.00	CHANGE
ZZKALE10	1.00	1000.00	0.00	0.00	CHANGE
ZZKALE12	1.00	1000.00	0.00	0.00	CHANGE
ZZKALE13	1.00	1000.00	0.00	0.00	CHANGE
ZZKALE14	1.00	1000.00	0.00	0.00	CHANGE
ZZKALE15	1.00	1000.00	0.00	0.00	CHANGE
ZZKALE16	1.00	1000.00	0.00	0.00	CHANGE
ZZKALE17	1.00	1000.00	0.00	0.00	CHANGE
ZZKALE18	1.00	1000.00	0.00	0.00	CHANGE
ZZKALE20	1.00	1000.00	0.00	0.00	CHANGE
ZZKALE21	1.00	1000.00	0.00	0.00	CHANGE
ZZKALE22	1.00	1000.00	0.00	0.00	CHANGE
ZZKALE23	1.00	1000.00	0.00	0.00	CHANGE
ZZKALE24	1.00	1000.00	0.00	0.00	CHANGE
ZZKALE25	0.00	0.00	0.00	0.00	SAME
ZZKALE35	1.00	1000.00	0.00	0.00	CHANGE
ZZKALE36	1.00	1000.00	0.00	0.00	CHANGE
ZZKALE45	1.00	1000.00	0.00	0.00	CHANGE
ZZKALE46	0.00	0.00	0.00	0.00	SAME
ZZKALE47	0.00	0.00	0.00	0.00	SAME
ZZKALE50	1.00	1000.00	0.00	0.00	CHANGE
ZZKALE51	0.00	0.00	0.00	0.00	SAME
ZZKALE52	0.00	0.00	0.00	0.00	SAME
ZZKALE53	0.00	0.00	0.00	0.00	SAME
ZZKALE54	1.00	1000.00	0.00	0.00	CHANGE
ZZKALE55	0.00	0.00	0.00	0.00	SAME
ZZKALE56	1.00	1000.00	0.00	0.00	CHANGE
ZZKALE57	0.00	0.00	0.00	0.00	SAME
ZZKALK01	1.00	1000.00	0.00	0.00	CHANGE
ZZKALW02	0.00	0.00	0.00	0.00	SAME
ZZKAME01	1.00	1000.00	0.00	0.00	CHANGE
ZZKAO100	1.00	1000.00	0.00	0.00	CHANGE
ZZKAOS01	1.00	1000.00	0.00	0.00	CHANGE
ZZKAOS02	1.00	1000.00	0.00	0.00	CHANGE
ZZKAOS03	1.00	1000.00	0.00	0.00	CHANGE
ZZKAOS04	1.00	1000.00	0.00	0.00	CHANGE
ZZKAOS05	1.00	1000.00	0.00	0.00	CHANGE
ZZKAOS06	1.00	1000.00	0.00	0.00	CHANGE
ZZKAOS07	1.00	1000.00	0.00	0.00	CHANGE
ZZKAOS08	1.00	1000.00	0.00	0.00	CHANGE
ZZKAOS088	0.00	0.00	0.00	0.00	SAME
ZZKAOS09	1.00	1000.00	0.00	0.00	CHANGE
ZZKAOS090	0.00	0.00	0.00	0.00	SAME
ZZKAOS098	0.00	0.00	0.00	0.00	SAME
ZZKAOS099	0.00	0.00	0.00	0.00	SAME
ZZKAOS10	1.00	1000.00	0.00	0.00	CHANGE
ZZKAOS100	1.00	1000.00	0.00	0.00	CHANGE
ZZKAOS101	1.00	1000.00	0.00	0.00	CHANGE
ZZKAOS102	1.00	1000.00	0.00	0.00	CHANGE
ZZKAOS103	1.00	1000.00	0.00	0.00	CHANGE
ZZKAOS104	1.00	1000.00	0.00	0.00	CHANGE
ZZKAOS105	1.00	1000.00	0.00	0.00	CHANGE
ZZKAOS106	1.00	1000.00	0.00	0.00	CHANGE
ZZKAOS107	1.00	1000.00	0.00	0.00	CHANGE
ZZKAOS108	1.00	1000.00	0.00	0.00	CHANGE
ZZKAOS109	1.00	1000.00	0.00	0.00	CHANGE
ZZKAOS11	1.00	1000.00	0.00	0.00	CHANGE
ZZKAOS110	1.00	1000.00	0.00	0.00	CHANGE
ZZKAOS111	1.00	1000.00	0.00	0.00	CHANGE
ZZKAOS112	1.00	1000.00	0.00	0.00	CHANGE
ZZKAOS113	1.00	1000.00	0.00	0.00	CHANGE
ZZKAOS114	1.00	1000.00	0.00	0.00	CHANGE
ZZKAOS115	1.00	1000.00	0.00	0.00	CHANGE
ZZKAOS116	1.00	1000.00	0.00	0.00	CHANGE
ZZKAOS117	1.00	1000.00	0.00	0.00	CHANGE
ZZKAOS118	1.00	1000.00	0.00	0.00	CHANGE
ZZKAOS119	1.00	1000.00	0.00	0.00	CHANGE
ZZKAOS12	1.00	1000.00	0.00	0.00	CHANGE
ZZKAOS120	1.00	1000.00	0.00	0.00	CHANGE
ZZKAOS121	1.00	1000.00	0.00	0.00	CHANGE
ZZKAOS122	1.00	1000.00	0.00	0.00	CHANGE
ZZKAOS123	1.00	1000.00	0.00	0.00	CHANGE
ZZKAOS124	1.00	1000.00	0.00	0.00	CHANGE
ZZKAOS125	1.00	1000.00	0.00	0.00	CHANGE
ZZKAOS126	1.00	1000.00	0.00	0.00	CHANGE
ZZKAOS127	1.00	1000.00	0.00	0.00	CHANGE
ZZKAOS128	1.00	1000.00	0.00	0.00	CHANGE
ZZKAOS129	1.00	1000.00	0.00	0.00	CHANGE
ZZKAOS13	1.00	1000.00	0.00	0.00	CHANGE
ZZKAOS130	1.00	1000.00	0.00	0.00	CHANGE
ZZKAOS131	1.00	1000.00	0.00	0.00	CHANGE
ZZKAOS132	1.00	1000.00	0.00	0.00	CHANGE
ZZKAOS133	1.00	1000.00	0.00	0.00	CHANGE
ZZKAOS134	1.00	1000.00	0.00	0.00	CHANGE
ZZKAOS135	1.00	1000.00	0.00	0.00	CHANGE
ZZKAOS136	1.00	1000.00	0.00	0.00	CHANGE
ZZKAOS137	1.00	1000.00	0.00	0.00	CHANGE
ZZKAOS138	1.00	1000.00	0.00	0.00	CHANGE
ZZKAOS139	1.00	1000.00	0.00	0.00	CHANGE
ZZKAOS14	1.00	1000.00	0.00	0.00	CHANGE
ZZKAOS140	1.00	1000.00	0.00	0.00	CHANGE
ZZKAOS141	1.00	1000.00	0.00	0.00	CHANGE
ZZKAOS142	1.00	1000.00	0.00	0.00	CHANGE
ZZKAOS143	1.00	1000.00	0.00	0.00	CHANGE
ZZKAOS144	1.00	1000.00	0.00	0.00	CHANGE
ZZKAOS145	1.00	1000.00	0.00	0.00	CHANGE
ZZKAOS146	1.00	1000.00	0.00	0.00	CHANGE
ZZKAOS147	1.00	1000.00	0.00	0.00	CHANGE
ZZKAOS148	1.00	1000.00	0.00	0.00	CHANGE
ZZKAOS149	1.00	1000.00	0.00	0.00	CHANGE
ZZKAOS15	1.00	1000.00	0.00	0.00	CHANGE
ZZKAOS150	1.00	1000.00	0.00	0.00	CHANGE
ZZKAOS151	1.00	1000.00	0.00	0.00	CHANGE
ZZKAOS152	1.00	1000.00	0.00	0.00	CHANGE
ZZKAOS153	1.00	1000.00	0.00	0.00	CHANGE
ZZKAOS154	1.00	1000.00	0.00	0.00	CHANGE
ZZKAOS155	1.00	0.00	0.00	0.00	CHANGE
ZZKAOS156	1.00	1000.00	0.00	0.00	CHANGE
ZZKAOS157	1.00	1000.00	0.00	0.00	CHANGE
ZZKAOS158	1.00	1000.00	0.00	0.00	CHANGE
ZZKAOS159	1.00	1000.00	0.00	0.00	CHANGE
ZZKAOS16	1.00	1000.00	0.00	0.00	CHANGE
ZZKAOS160	1.00	1000.00	0.00	0.00	CHANGE
ZZKAOS161	1.00	1000.00	0.00	0.00	CHANGE
ZZKAOS162	1.00	1000.00	0.00	0.00	CHANGE
ZZKAOS163	1.00	1000.00	0.00	0.00	CHANGE
ZZKAOS166	1.00	1000.00	0.00	0.00	CHANGE
ZZKAOS167	1.00	1000.00	0.00	0.00	CHANGE
ZZKAOS168	1.00	1000.00	0.00	0.00	CHANGE
ZZKAOS169	1.00	1000.00	0.00	0.00	CHANGE
ZZKAOS17	1.00	1000.00	0.00	0.00	CHANGE
ZZKAOS170	1.00	1000.00	0.00	0.00	CHANGE
ZZKAOS171	1.00	1000.00	0.00	0.00	CHANGE
ZZKAOS172	1.00	1000.00	0.00	0.00	CHANGE
ZZKAOS173	1.00	1000.00	0.00	0.00	CHANGE
ZZKAOS174	1.00	1000.00	0.00	0.00	CHANGE
ZZKAOS175	1.00	1.00	1.00	1.00	SAME
ZZKAOS176	1.00	1000.00	0.00	0.00	CHANGE
ZZKAOS177	1.00	1000.00	0.00	0.00	CHANGE
ZZKAOS178	1.00	1000.00	0.00	0.00	CHANGE
ZZKAOS179	1.00	1000.00	0.00	0.00	CHANGE
ZZKAOS18	1.00	1000.00	0.00	0.00	CHANGE
ZZKAOS180	1.00	1000.00	0.00	0.00	CHANGE
ZZKAOS181	1.00	1000.00	0.00	0.00	CHANGE
ZZKAOS182	1.00	1000.00	0.00	0.00	CHANGE
ZZKAOS183	1.00	1000.00	0.00	0.00	CHANGE
ZZKAOS184	1.00	1000.00	0.00	0.00	CHANGE
ZZKAOS185	1.00	1000.00	0.00	0.00	CHANGE
ZZKAOS186	1.00	1000.00	0.00	0.00	CHANGE
ZZKAOS187	1.00	1000.00	0.00	0.00	CHANGE
ZZKAOS188	1.00	1000.00	0.00	0.00	CHANGE
ZZKAOS189	1.00	1000.00	0.00	0.00	CHANGE
ZZKAOS19	1.00	1000.00	0.00	0.00	CHANGE
ZZKAOS190	1.00	1000.00	0.00	0.00	CHANGE
ZZKAOS191	1.00	1000.00	0.00	0.00	CHANGE
ZZKAOS192	1.00	1000.00	0.00	0.00	CHANGE
ZZKAOS193	1.00	1000.00	0.00	0.00	CHANGE
ZZKAOS194	1.00	1000.00	0.00	0.00	CHANGE
ZZKAOS195	1.00	1000.00	1.00	1000.00	SAME
ZZKAOS196	1.00	1000.00	0.00	0.00	CHANGE
ZZKAOS197	1.00	1000.00	0.00	0.00	CHANGE
ZZKAOS198	1.00	1000.00	0.00	0.00	CHANGE
ZZKAOS199	1.00	1000.00	0.00	0.00	CHANGE
ZZKAOS20	1.00	1000.00	0.00	0.00	CHANGE
ZZKAOS200	1.00	1000.00	0.00	0.00	CHANGE
ZZKAOS201	1.00	1000.00	0.00	0.00	CHANGE
ZZKAOS202	1.00	0.00	0.00	0.00	CHANGE
ZZKAOS203	1.00	1000.00	0.00	0.00	CHANGE
ZZKAOS204	1.00	1000.00	0.00	0.00	CHANGE
ZZKAOS205	1.00	1000.00	0.00	0.00	CHANGE
ZZKAOS206	1.00	1000.00	0.00	0.00	CHANGE
ZZKAOS207	1.00	1000.00	0.00	0.00	CHANGE
ZZKAOS208	1.00	1000.00	0.00	0.00	CHANGE
ZZKAOS209	1.00	1000.00	0.00	0.00	CHANGE
ZZKAOS21	1.00	1000.00	0.00	0.00	CHANGE
ZZKAOS210	1.00	1000.00	0.00	0.00	CHANGE
ZZKAOS211	1.00	1000.00	0.00	0.00	CHANGE
ZZKAOS212	1.00	1000.00	0.00	0.00	CHANGE
ZZKAOS213	1.00	1000.00	0.00	0.00	CHANGE
ZZKAOS214	1.00	1000.00	0.00	0.00	CHANGE
ZZKAOS215	1.00	1000.00	0.00	0.00	CHANGE
ZZKAOS216	1.00	1000.00	0.00	0.00	CHANGE
ZZKAOS217	1.00	1000.00	0.00	0.00	CHANGE
ZZKAOS218	1.00	1000.00	0.00	0.00	CHANGE
ZZKAOS219	1.00	1000.00	0.00	0.00	CHANGE
ZZKAOS22	1.00	1000.00	0.00	0.00	CHANGE
ZZKAOS220	1.00	1000.00	0.00	0.00	CHANGE
ZZKAOS221	1.00	1000.00	0.00	0.00	CHANGE
ZZKAOS222	1.00	1000.00	0.00	0.00	CHANGE
ZZKAOS223	1.00	1000.00	0.00	0.00	CHANGE
ZZKAOS224	1.00	1000.00	0.00	0.00	CHANGE
ZZKAOS225	1.00	1000.00	0.00	0.00	CHANGE
ZZKAOS226	1.00	0.00	0.00	0.00	CHANGE
ZZKAOS227	1.00	1000.00	0.00	0.00	CHANGE
ZZKAOS228	1.00	1000.00	0.00	0.00	CHANGE
ZZKAOS23	1.00	1000.00	0.00	0.00	CHANGE
ZZKAOS230	1.00	1000.00	0.00	0.00	CHANGE
ZZKAOS231	1.00	1000.00	0.00	0.00	CHANGE
ZZKAOS232	1.00	0.00	0.00	0.00	CHANGE
ZZKAOS235	1.00	1000.00	0.00	0.00	CHANGE
ZZKAOS236	1.00	1.00	0.00	0.00	CHANGE
ZZKAOS237	1.00	1000.00	0.00	0.00	CHANGE
ZZKAOS238	1.00	1.00	0.00	0.00	CHANGE
ZZKAOS24	1.00	1000.00	0.00	0.00	CHANGE
ZZKAOS240	1.00	1000.00	0.00	0.00	CHANGE
ZZKAOS241	1.00	1000.00	0.00	0.00	CHANGE
ZZKAOS242	1.00	1000.00	0.00	0.00	CHANGE
ZZKAOS243	1.00	1000.00	0.00	0.00	CHANGE
ZZKAOS244	1.00	1000.00	0.00	0.00	CHANGE
ZZKAOS245	1.00	1000.00	0.00	0.00	CHANGE
ZZKAOS25	1.00	1000.00	0.00	0.00	CHANGE
ZZKAOS250	1.00	1000.00	0.00	0.00	CHANGE
ZZKAOS251	1.00	1000.00	0.00	0.00	CHANGE
ZZKAOS252	1.00	1000.00	0.00	0.00	CHANGE
ZZKAOS253	0.00	0.00	0.00	0.00	SAME
ZZKAOS254	0.00	0.00	0.00	0.00	SAME
ZZKAOS255	0.00	0.00	0.00	0.00	SAME
ZZKAOS256	1.00	1000.00	0.00	0.00	CHANGE
ZZKAOS257	1.00	1000.00	0.00	0.00	CHANGE
ZZKAOS258	1.00	1000.00	0.00	0.00	CHANGE
ZZKAOS259	1.00	1000.00	0.00	0.00	CHANGE
ZZKAOS26	1.00	1.00	1.00	1.00	SAME
ZZKAOS260	1.00	1000.00	0.00	0.00	CHANGE
ZZKAOS261	0.00	0.00	0.00	0.00	SAME
ZZKAOS262	1.00	1000.00	1.00	1000.00	SAME
ZZKAOS263	1.00	1000.00	0.00	0.00	CHANGE
ZZKAOS264	1.00	1000.00	0.00	0.00	CHANGE
ZZKAOS265	0.00	0.00	0.00	0.00	SAME
ZZKAOS266	1.00	1000.00	0.00	0.00	CHANGE
ZZKAOS267	1.00	1000.00	0.00	0.00	CHANGE
ZZKAOS268	1.00	1000.00	0.00	0.00	CHANGE
ZZKAOS269	1.00	0.00	0.00	0.00	CHANGE
ZZKAOS27	1.00	1000.00	0.00	0.00	CHANGE
ZZKAOS270	1.00	1000.00	0.00	0.00	CHANGE
ZZKAOS271	1.00	1000.00	0.00	0.00	CHANGE
ZZKAOS272	1.00	1000.00	0.00	0.00	CHANGE
ZZKAOS273	1.00	1000.00	0.00	0.00	CHANGE
ZZKAOS274	1.00	1.00	0.00	0.00	CHANGE
ZZKAOS275	0.00	0.00	0.00	0.00	SAME
ZZKAOS276	0.00	0.00	0.00	0.00	SAME
ZZKAOS277	0.00	0.00	0.00	0.00	SAME
ZZKAOS278	1.00	1000.00	0.00	0.00	CHANGE
ZZKAOS279	0.00	0.00	0.00	0.00	SAME
ZZKAOS28	1.00	1000.00	0.00	0.00	CHANGE
ZZKAOS283	0.00	0.00	0.00	0.00	SAME
ZZKAOS284	1.00	1.00	0.00	0.00	CHANGE
ZZKAOS285	0.00	0.00	0.00	0.00	SAME
ZZKAOS286	0.00	0.00	0.00	0.00	SAME
ZZKAOS287	0.00	0.00	0.00	0.00	SAME
ZZKAOS288	0.00	0.00	0.00	0.00	SAME
ZZKAOS289	0.00	0.00	0.00	0.00	SAME
ZZKAOS29	1.00	1000.00	1.00	1000.00	SAME
ZZKAOS290	0.00	0.00	0.00	0.00	SAME
ZZKAOS291	0.00	0.00	0.00	0.00	SAME
ZZKAOS292	0.00	0.00	0.00	0.00	SAME
ZZKAOS293	0.00	0.00	0.00	0.00	SAME
ZZKAOS294	0.00	0.00	0.00	0.00	SAME
ZZKAOS30	1.00	1000.00	0.00	0.00	CHANGE
ZZKAOS31	1.00	1000.00	0.00	0.00	CHANGE
ZZKAOS32	1.00	1000.00	0.00	0.00	CHANGE
ZZKAOS320	0.00	0.00	0.00	0.00	SAME
ZZKAOS33	1.00	1000.00	0.00	0.00	CHANGE
ZZKAOS34	1.00	1000.00	0.00	0.00	CHANGE
ZZKAOS35	1.00	1000.00	0.00	0.00	CHANGE
ZZKAOS36	1.00	1000.00	0.00	0.00	CHANGE
ZZKAOS37	1.00	1000.00	0.00	0.00	CHANGE
ZZKAOS38	1.00	1000.00	0.00	0.00	CHANGE
ZZKAOS39	1.00	1000.00	0.00	0.00	CHANGE
ZZKAOS40	1.00	1000.00	0.00	0.00	CHANGE
ZZKAOS41	1.00	1000.00	0.00	0.00	CHANGE
ZZKAOS42	1.00	1000.00	0.00	0.00	CHANGE
ZZKAOS43	1.00	1000.00	0.00	0.00	CHANGE
ZZKAOS44	1.00	1000.00	0.00	0.00	CHANGE
ZZKAOS45	0.00	0.00	0.00	0.00	SAME
ZZKAOS47	1.00	1000.00	0.00	0.00	CHANGE
ZZKAOS48	1.00	1000.00	0.00	0.00	CHANGE
ZZKAOS49	1.00	1000.00	0.00	0.00	CHANGE
ZZKAOS50	1.00	1000.00	0.00	0.00	CHANGE
ZZKAOS51	1.00	1000.00	0.00	0.00	CHANGE
ZZKAOS52	1.00	1000.00	0.00	0.00	CHANGE
ZZKAOS53	1.00	1000.00	0.00	0.00	CHANGE
ZZKAOS54	1.00	1000.00	0.00	0.00	CHANGE
ZZKAOS55	1.00	1000.00	0.00	0.00	CHANGE
ZZKAOS56	1.00	1000.00	0.00	0.00	CHANGE
ZZKAOS57	1.00	1000.00	0.00	0.00	CHANGE
ZZKAOS58	1.00	1000.00	0.00	0.00	CHANGE
ZZKAOS59	1.00	1000.00	0.00	0.00	CHANGE
ZZKAOS60	1.00	1000.00	0.00	0.00	CHANGE
ZZKAOS61	1.00	1000.00	0.00	0.00	CHANGE
ZZKAOS62	1.00	1000.00	0.00	0.00	CHANGE
ZZKAOS63	1.00	1000.00	0.00	0.00	CHANGE
ZZKAOS64	1.00	1000.00	0.00	0.00	CHANGE
ZZKAOS65	1.00	1000.00	0.00	0.00	CHANGE
ZZKAOS66	1.00	1000.00	0.00	0.00	CHANGE
ZZKAOS67	1.00	1000.00	0.00	0.00	CHANGE
ZZKAOS68	1.00	1000.00	0.00	0.00	CHANGE
ZZKAOS69	1.00	1000.00	0.00	0.00	CHANGE
ZZKAOS70	1.00	1000.00	0.00	0.00	CHANGE
ZZKAOS71	1.00	1000.00	0.00	0.00	CHANGE
ZZKAOS72	1.00	1000.00	0.00	0.00	CHANGE
ZZKAOS73	1.00	1000.00	0.00	0.00	CHANGE
ZZKAOS74	1.00	1000.00	0.00	0.00	CHANGE
ZZKAOS75	1.00	1000.00	0.00	0.00	CHANGE
ZZKAOS76	1.00	1000.00	0.00	0.00	CHANGE
ZZKAOS77	1.00	1000.00	0.00	0.00	CHANGE
ZZKAOS78	1.00	1000.00	0.00	0.00	CHANGE
ZZKAOS79	1.00	1000.00	0.00	0.00	CHANGE
ZZKAOS80	1.00	1000.00	0.00	0.00	CHANGE
ZZKAOS81	1.00	1000.00	0.00	0.00	CHANGE
ZZKAOS82	1.00	1000.00	0.00	0.00	CHANGE
ZZKAOS83	1.00	1000.00	0.00	0.00	CHANGE
ZZKAOS84	1.00	1000.00	0.00	0.00	CHANGE
ZZKAOS85	1.00	1000.00	0.00	0.00	CHANGE
ZZKAOS86	1.00	1000.00	0.00	0.00	CHANGE
ZZKAOS87	1.00	1000.00	0.00	0.00	CHANGE
ZZKAOS88	1.00	1000.00	0.00	0.00	CHANGE
ZZKAOS89	1.00	1000.00	0.00	0.00	CHANGE
ZZKAOS90	1.00	1000.00	0.00	0.00	CHANGE
ZZKAOS91	1.00	1000.00	0.00	0.00	CHANGE
ZZKAOS92	1.00	1000.00	0.00	0.00	CHANGE
ZZKAOS93	1.00	1000.00	0.00	0.00	CHANGE
ZZKAOS94	1.00	1000.00	0.00	0.00	CHANGE
ZZKAOS95	1.00	1000.00	0.00	0.00	CHANGE
ZZKAOS96	1.00	1000.00	0.00	0.00	CHANGE
ZZKAOS97	1.00	1000.00	0.00	0.00	CHANGE
ZZKAOS98	1.00	1000.00	0.00	0.00	CHANGE
ZZKAOS99	1.00	1000.00	0.00	0.00	CHANGE
ZZKARU01	0.00	0.00	0.00	0.00	SAME
ZZKEMEJ01	0.00	0.00	0.00	0.00	SAME
ZZKEMEJ02	1.00	1000.00	1.00	1000.00	SAME
ZZKIPA01	1.00	1000.00	0.00	0.00	CHANGE
ZZKIPAS01	0.00	0.00	0.00	0.00	SAME
ZZKNAP01	1.00	1000.00	0.00	0.00	CHANGE
ZZKOMP01	1.00	1000.00	0.00	0.00	CHANGE
ZZKOMP02	1.00	1000.00	0.00	0.00	CHANGE
ZZKOMP03	1.00	1000.00	0.00	0.00	CHANGE
ZZKOMP04	1.00	1000.00	0.00	0.00	CHANGE
ZZKOMPO04	1.00	1000.00	0.00	0.00	CHANGE
ZZKOMPO05	0.00	0.00	0.00	0.00	SAME
ZZKOPI01	1.00	1000.00	0.00	0.00	CHANGE
ZZKOPI02	1.00	1000.00	0.00	0.00	CHANGE
ZZKOPI03	1.00	1000.00	0.00	0.00	CHANGE
ZZKOPI04	1.00	1000.00	0.00	0.00	CHANGE
ZZKORE01	1.00	1000.00	0.00	0.00	CHANGE
ZZKRE01	1.00	1000.00	0.00	0.00	CHANGE
ZZKULK01	1.00	1000.00	0.00	0.00	CHANGE
ZZKULK02	1.00	1000.00	0.00	0.00	CHANGE
ZZKULK03	1.00	1000.00	0.00	0.00	CHANGE
ZZKULK04	1.00	1000.00	0.00	0.00	CHANGE
ZZKULK05	1.00	1000.00	0.00	0.00	CHANGE
ZZKULK06	1.00	1000.00	0.00	0.00	CHANGE
ZZKULK07	1.00	1000.00	0.00	0.00	CHANGE
ZZKULK08	1.00	1000.00	0.00	0.00	CHANGE
ZZKULK09	1.00	1000.00	0.00	0.00	CHANGE
ZZKULK10	1.00	1000.00	0.00	0.00	CHANGE
ZZKULK11	1.00	1000.00	0.00	0.00	CHANGE
ZZKULK12	1.00	1000.00	0.00	0.00	CHANGE
ZZKULK13	1.00	1000.00	0.00	0.00	CHANGE
ZZKULK14	1.00	1000.00	0.00	0.00	CHANGE
ZZKULK15	1.00	1000.00	0.00	0.00	CHANGE
ZZKULK16	1.00	1000.00	0.00	0.00	CHANGE
ZZKULK17	1.00	1000.00	0.00	0.00	CHANGE
ZZKULK21	0.00	0.00	0.00	0.00	SAME
ZZKULKA01	0.00	0.00	0.00	0.00	SAME
ZZKUNC01	1.00	1000.00	0.00	0.00	CHANGE
ZZLAPT01	1.00	1000.00	0.00	0.00	CHANGE
ZZLAPT02	1.00	1000.00	0.00	0.00	CHANGE
ZZLAPT03	1.00	1000.00	0.00	0.00	CHANGE
ZZLAPT04	1.00	1000.00	0.00	0.00	CHANGE
ZZLCDT01	1.00	1000.00	0.00	0.00	CHANGE
ZZLEDC01	0.00	0.00	0.00	0.00	SAME
ZZLEDL02	0.00	0.00	0.00	0.00	SAME
ZZLEDL03	0.00	0.00	0.00	0.00	SAME
ZZLEDL04	0.00	0.00	0.00	0.00	SAME
ZZLEDP01	0.00	0.00	0.00	0.00	SAME
ZZLEDP02	0.00	0.00	0.00	0.00	SAME
ZZLEDS01	0.00	0.00	0.00	0.00	SAME
ZZLEDS02	0.00	0.00	0.00	0.00	SAME
ZZLEDS03	0.00	0.00	0.00	0.00	SAME
ZZLEDS04	0.00	0.00	0.00	0.00	SAME
ZZLEDS05	0.00	0.00	0.00	0.00	SAME
ZZLEMA01	1.00	1000.00	0.00	0.00	CHANGE
ZZLEMA02	1.00	1000.00	0.00	0.00	CHANGE
ZZLEMAR01	0.00	0.00	0.00	0.00	SAME
ZZLEMAR02	0.00	0.00	0.00	0.00	SAME
ZZMAGI01	1.00	1000.00	0.00	0.00	CHANGE
ZZMAGI02	1.00	1000.00	0.00	0.00	CHANGE
ZZMAGI03	1.00	1000.00	0.00	0.00	CHANGE
ZZMAGI04	1.00	1000.00	0.00	0.00	CHANGE
ZZMAGIC01	0.00	0.00	0.00	0.00	SAME
ZZMANG01	1.00	1000.00	0.00	0.00	CHANGE
ZZMANG02	1.00	1000.00	0.00	0.00	CHANGE
ZZMEJA01	0.00	0.00	0.00	0.00	SAME
ZZMESI01	1.00	1000.00	0.00	0.00	CHANGE
ZZMESIN01	0.00	0.00	0.00	0.00	SAME
ZZMESIN02	0.00	0.00	0.00	0.00	SAME
ZZMESIN03	0.00	0.00	0.00	0.00	SAME
ZZMETA01	1.00	5.00	0.00	0.00	CHANGE
ZZMICR01	1.00	1000.00	0.00	0.00	CHANGE
ZZMIEI01	1.00	1000.00	0.00	0.00	CHANGE
ZZMIEI02	0.00	0.00	0.00	0.00	SAME
ZZMINI01	0.00	0.00	0.00	0.00	SAME
ZZMINY01	1.00	1000.00	0.00	0.00	CHANGE
ZZMINY02	1.00	1000.00	0.00	0.00	CHANGE
ZZMINY03	1.00	1000.00	0.00	0.00	CHANGE
ZZMINY04	1.00	1000.00	0.00	0.00	CHANGE
ZZMINY05	1.00	1000.00	0.00	0.00	CHANGE
ZZMINY06	1.00	1000.00	0.00	0.00	CHANGE
ZZMINY07	1.00	1000.00	0.00	0.00	CHANGE
ZZMINY08	1.00	1000.00	0.00	0.00	CHANGE
ZZMINY09	1.00	1000.00	0.00	0.00	CHANGE
ZZMINY10	1.00	1000.00	0.00	0.00	CHANGE
ZZMINY11	1.00	1000.00	0.00	0.00	CHANGE
ZZMINY12	1.00	1000.00	0.00	0.00	CHANGE
ZZMINY13	1.00	1000.00	0.00	0.00	CHANGE
ZZMINY14	1.00	1000.00	0.00	0.00	CHANGE
ZZMINY15	1.00	1000.00	0.00	0.00	CHANGE
ZZMINY16	1.00	1000.00	0.00	0.00	CHANGE
ZZMINY17	1.00	1000.00	0.00	0.00	CHANGE
ZZMINY18	1.00	1000.00	0.00	0.00	CHANGE
ZZMINY20	0.00	0.00	0.00	0.00	SAME
ZZMINY21	0.00	0.00	0.00	0.00	SAME
ZZMINY22	0.00	0.00	0.00	0.00	SAME
ZZMINY23	0.00	0.00	0.00	0.00	SAME
ZZMINY24	0.00	0.00	0.00	0.00	SAME
ZZMINY25	0.00	0.00	0.00	0.00	SAME
ZZMULS01	1.00	18000.00	1.00	18000.00	SAME
ZZMULS02	1.00	18000.00	1.00	18000.00	SAME
ZZMULS03	1.00	18000.00	1.00	18000.00	SAME
ZZNAMA01	1.00	1000.00	0.00	0.00	CHANGE
ZZNAVA01	1.00	1000.00	0.00	0.00	CHANGE
ZZNAVA02	1.00	1000.00	0.00	0.00	CHANGE
ZZNAVA03	1.00	1000.00	0.00	0.00	CHANGE
ZZNAVA04	1.00	1000.00	0.00	0.00	CHANGE
ZZNAVA05	0.00	0.00	0.00	0.00	SAME
ZZNETB01	1.00	1000.00	0.00	0.00	CHANGE
ZZNMX01	0.00	0.00	0.00	0.00	SAME
ZZNOKI01	1.00	1000.00	0.00	0.00	CHANGE
ZZNOKI02	1.00	1000.00	0.00	0.00	CHANGE
ZZNOKI03	1.00	1000.00	0.00	0.00	CHANGE
ZZNOTE01	1.00	1000.00	0.00	0.00	CHANGE
ZZNOTEB01	0.00	0.00	0.00	0.00	SAME
ZZPAKE01	1.00	1000.00	0.00	0.00	CHANGE
ZZPAKE02	1.00	1000.00	0.00	0.00	CHANGE
ZZPAKE03	1.00	1000.00	0.00	0.00	CHANGE
ZZPAKE04	0.00	0.00	0.00	0.00	SAME
ZZPANC01	1.00	1000.00	0.00	0.00	CHANGE
ZZPARC01	1.00	1000.00	0.00	0.00	CHANGE
ZZPARC02	1.00	1000.00	0.00	0.00	CHANGE
ZZPARC03	1.00	1000.00	0.00	0.00	CHANGE
ZZPARC04	1.00	1000.00	0.00	0.00	CHANGE
ZZPARC05	1.00	1000.00	0.00	0.00	CHANGE
ZZPARC06	1.00	1000.00	0.00	0.00	CHANGE
ZZPARC07	1.00	1000.00	0.00	0.00	CHANGE
ZZPARC08	0.00	0.00	0.00	0.00	SAME
ZZPAYU01	1.00	1000.00	0.00	0.00	CHANGE
ZZPAYU02	1.00	1000.00	0.00	0.00	CHANGE
ZZPAYU03	1.00	1000.00	0.00	0.00	CHANGE
ZZPAYU04	1.00	1000.00	0.00	0.00	CHANGE
ZZPENU01	1.00	1000.00	0.00	0.00	CHANGE
ZZPIRI01	1.00	1000.00	0.00	0.00	CHANGE
ZZPISA01	1.00	1000.00	0.00	0.00	CHANGE
ZZPISA02	1.00	1000.00	0.00	0.00	CHANGE
ZZPLOT01	0.00	0.00	0.00	0.00	SAME
ZZPOLO01	1.00	0.00	0.00	0.00	CHANGE
ZZPOS01	1.00	1000.00	0.00	0.00	CHANGE
ZZPOS02	1.00	1000.00	0.00	0.00	CHANGE
ZZPOS03	1.00	1000.00	0.00	0.00	CHANGE
ZZPOS04	1.00	1000.00	0.00	0.00	CHANGE
ZZPOS05	1.00	1000.00	0.00	0.00	CHANGE
ZZPOS06	1.00	1000.00	0.00	0.00	CHANGE
ZZPOS07	0.00	0.00	0.00	0.00	SAME
ZZPOST01	0.00	0.00	0.00	0.00	SAME
ZZPROL01	0.00	0.00	0.00	0.00	SAME
ZZPROM01	1.00	1000.00	0.00	0.00	CHANGE
ZZPURE01	1.00	1000.00	0.00	0.00	CHANGE
ZZRAKM01	1.00	1000.00	0.00	0.00	CHANGE
ZZRICE01	1.00	1000.00	0.00	0.00	CHANGE
ZZRICE02	1.00	1000.00	0.00	0.00	CHANGE
ZZROLL01	0.00	0.00	0.00	0.00	SAME
ZZROLL02	0.00	0.00	0.00	0.00	SAME
ZZSABU01	1.00	1000.00	0.00	0.00	CHANGE
ZZSABU02	1.00	1000.00	0.00	0.00	CHANGE
ZZSAJA01	1.00	1000.00	0.00	0.00	CHANGE
ZZSAJA02	1.00	1000.00	0.00	0.00	CHANGE
ZZSAMS01	1.00	1000.00	0.00	0.00	CHANGE
ZZSAMS02	1.00	1000.00	0.00	0.00	CHANGE
ZZSAMS03	1.00	1000.00	0.00	0.00	CHANGE
ZZSAMS04	1.00	1000.00	0.00	0.00	CHANGE
ZZSARU01	1.00	1000.00	0.00	0.00	CHANGE
ZZSARU02	1.00	1000.00	0.00	0.00	CHANGE
ZZSARU03	1.00	1000.00	0.00	0.00	CHANGE
ZZSARU04	1.00	1000.00	0.00	0.00	CHANGE
ZZSARU05	1.00	1000.00	0.00	0.00	CHANGE
ZZSARU06	1.00	1000.00	0.00	0.00	CHANGE
ZZSARU07	1.00	1000.00	0.00	0.00	CHANGE
ZZSARU08	1.00	1000.00	0.00	0.00	CHANGE
ZZSARU09	1.00	1000.00	0.00	0.00	CHANGE
ZZSARU10	1.00	1000.00	0.00	0.00	CHANGE
ZZSARU11	1.00	1000.00	0.00	0.00	CHANGE
ZZSARU12	1.00	1000.00	0.00	0.00	CHANGE
ZZSARU13	1.00	1000.00	0.00	0.00	CHANGE
ZZSARU14	1.00	1000.00	0.00	0.00	CHANGE
ZZSARU15	1.00	1000.00	0.00	0.00	CHANGE
ZZSARU16	1.00	1000.00	0.00	0.00	CHANGE
ZZSARU17	1.00	1000.00	0.00	0.00	CHANGE
ZZSARU18	1.00	1000.00	0.00	0.00	CHANGE
ZZSARU19	1.00	1000.00	0.00	0.00	CHANGE
ZZSARU20	1.00	1.00	0.00	0.00	CHANGE
ZZSARU21	1.00	1000.00	0.00	0.00	CHANGE
ZZSARU22	1.00	1000.00	0.00	0.00	CHANGE
ZZSARU23	1.00	1000.00	0.00	0.00	CHANGE
ZZSARU24	0.00	0.00	0.00	0.00	SAME
ZZSARU25	1.00	1000.00	0.00	0.00	CHANGE
ZZSARU26	1.00	1000.00	0.00	0.00	CHANGE
ZZSARU27	1.00	1000.00	0.00	0.00	CHANGE
ZZSARU28	1.00	1000.00	0.00	0.00	CHANGE
ZZSARU29	1.00	1000.00	0.00	0.00	CHANGE
ZZSARU30	0.00	0.00	0.00	0.00	SAME
ZZSARU31	0.00	0.00	0.00	0.00	SAME
ZZSEPA01	0.00	0.00	0.00	0.00	SAME
ZZSEPA02	0.00	0.00	0.00	0.00	SAME
ZZSEPA03	0.00	0.00	0.00	0.00	SAME
ZZSEPA04	0.00	0.00	0.00	0.00	SAME
ZZSEPA05	0.00	0.00	0.00	0.00	SAME
ZZSEPE01	1.00	1000.00	0.00	0.00	CHANGE
ZZSEPE02	1.00	1000.00	0.00	0.00	CHANGE
ZZSEPE03	1.00	1000.00	0.00	0.00	CHANGE
ZZSEPE04	1.00	1000.00	0.00	0.00	CHANGE
ZZSEPE05	1.00	1000.00	0.00	0.00	CHANGE
ZZSEPE06	1.00	1000.00	0.00	0.00	CHANGE
ZZSEPE07	1.00	1000.00	0.00	0.00	CHANGE
ZZSEPE08	1.00	1000.00	1.00	1000.00	SAME
ZZSEPE09	1.00	1000.00	0.00	0.00	CHANGE
ZZSEPE10	1.00	1000.00	0.00	0.00	CHANGE
ZZSEPE11	1.00	1000.00	0.00	0.00	CHANGE
ZZSEPE12	1.00	1000.00	0.00	0.00	CHANGE
ZZSEPE13	1.00	1000.00	0.00	0.00	CHANGE
ZZSEPE14	1.00	1000.00	0.00	0.00	CHANGE
ZZSEPE15	1.00	1000.00	1.00	1000.00	SAME
ZZSEPE16	1.00	1000.00	0.00	0.00	CHANGE
ZZSEPE17	1.00	1000.00	0.00	0.00	CHANGE
ZZSEPE18	1.00	1000.00	0.00	0.00	CHANGE
ZZSEPE19	1.00	1000.00	0.00	0.00	CHANGE
ZZSEPE20	1.00	1000.00	0.00	0.00	CHANGE
ZZSEPE21	1.00	1000.00	0.00	0.00	CHANGE
ZZSEPE22	1.00	1000.00	0.00	0.00	CHANGE
ZZSEPE23	1.00	1000.00	0.00	0.00	CHANGE
ZZSEPE24	1.00	1000.00	0.00	0.00	CHANGE
ZZSEPE25	1.00	1000.00	0.00	0.00	CHANGE
ZZSEPE26	1.00	1000.00	0.00	0.00	CHANGE
ZZSEPE27	1.00	1000.00	0.00	0.00	CHANGE
ZZSEPE28	1.00	1000.00	0.00	0.00	CHANGE
ZZSEPE29	1.00	1000.00	0.00	0.00	CHANGE
ZZSEPE30	1.00	1000.00	0.00	0.00	CHANGE
ZZSEPE31	1.00	1000.00	0.00	0.00	CHANGE
ZZSEPE32	1.00	1000.00	0.00	0.00	CHANGE
ZZSEPE33	1.00	1000.00	0.00	0.00	CHANGE
ZZSEPE34	1.00	1000.00	1.00	1000.00	SAME
ZZSEPE38	0.00	0.00	0.00	0.00	SAME
ZZSEPE40	0.00	0.00	0.00	0.00	SAME
ZZSEPE41	0.00	0.00	0.00	0.00	SAME
ZZSEPE42	0.00	0.00	0.00	0.00	SAME
ZZSEPE43	0.00	0.00	0.00	0.00	SAME
ZZSEPE44	0.00	0.00	0.00	0.00	SAME
ZZSEPE45	0.00	0.00	0.00	0.00	SAME
ZZSEPE46	0.00	0.00	0.00	0.00	SAME
ZZSEPE47	0.00	0.00	0.00	0.00	SAME
ZZSEPE48	0.00	0.00	0.00	0.00	SAME
ZZSEPE49	0.00	0.00	0.00	0.00	SAME
ZZSEPE50	0.00	0.00	0.00	0.00	SAME
ZZSEPE51	0.00	0.00	0.00	0.00	SAME
ZZSEPE52	0.00	0.00	0.00	0.00	SAME
ZZSEPE53	0.00	0.00	0.00	0.00	SAME
ZZSEPE54	0.00	0.00	0.00	0.00	SAME
ZZSEPE55	0.00	0.00	0.00	0.00	SAME
ZZSEPE56	0.00	0.00	0.00	0.00	SAME
ZZSEPE57	0.00	0.00	0.00	0.00	SAME
ZZSEPE58	0.00	0.00	0.00	0.00	SAME
ZZSEPE59	0.00	0.00	0.00	0.00	SAME
ZZSEPE60	0.00	0.00	0.00	0.00	SAME
ZZSEPE63	0.00	0.00	0.00	0.00	SAME
ZZSEPE64	0.00	0.00	0.00	0.00	SAME
ZZSERA01	1.00	1000.00	0.00	0.00	CHANGE
ZZSETR01	1.00	1000.00	0.00	0.00	CHANGE
ZZSETR02	1.00	1000.00	0.00	0.00	CHANGE
ZZSETRI01	1.00	1000.00	0.00	0.00	CHANGE
ZZSIRU01	1.00	1000.00	0.00	0.00	CHANGE
ZZSIRU02	1.00	1000.00	0.00	0.00	CHANGE
ZZSIRU03	1.00	1000.00	0.00	0.00	CHANGE
ZZSKIE01	1.00	20000.00	1.00	20000.00	SAME
ZZSKIE02	4.00	5000.00	4.00	5000.00	SAME
ZZSMAR01	0.00	0.00	0.00	0.00	SAME
ZZSPA08	1.00	1000.00	0.00	0.00	CHANGE
ZZSPAN01	1.00	1000.00	0.00	0.00	CHANGE
ZZSPAN02	1.00	1000.00	0.00	0.00	CHANGE
ZZSPAN03	1.00	1000.00	0.00	0.00	CHANGE
ZZSPAN04	1.00	1000.00	0.00	0.00	CHANGE
ZZSPAN05	1.00	1000.00	0.00	0.00	CHANGE
ZZSPAN06	1.00	1000.00	0.00	0.00	CHANGE
ZZSPAN07	1.00	1000.00	0.00	0.00	CHANGE
ZZSPAN08	1.00	1000.00	0.00	0.00	CHANGE
ZZSPAN09	1.00	1000.00	0.00	0.00	CHANGE
ZZSPAN10	1.00	1000.00	0.00	0.00	CHANGE
ZZSPAN11	1.00	1000.00	0.00	0.00	CHANGE
ZZSPAN12	1.00	1000.00	0.00	0.00	CHANGE
ZZSPAN13	0.00	0.00	0.00	0.00	SAME
ZZSPAN14	0.00	0.00	0.00	0.00	SAME
ZZSPAN15	0.00	0.00	0.00	0.00	SAME
ZZSPAN16	0.00	0.00	0.00	0.00	SAME
ZZSPRA01	1.00	5000.00	0.00	0.00	CHANGE
ZZSPRAY01	1.00	1.00	1.00	1.00	SAME
ZZSPRAY02	0.00	0.00	0.00	0.00	SAME
ZZSTAN01	1.00	1000.00	0.00	0.00	CHANGE
ZZSTAN02	1.00	1000.00	0.00	0.00	CHANGE
ZZSTAN03	1.00	1000.00	0.00	0.00	CHANGE
ZZSTAN04	1.00	1000.00	0.00	0.00	CHANGE
ZZSTIK01	0.00	0.00	0.00	0.00	SAME
ZZSTIK02	0.00	0.00	0.00	0.00	SAME
ZZSTIK03	0.00	0.00	0.00	0.00	SAME
ZZSUSU01	1.00	1000.00	0.00	0.00	CHANGE
ZZSUTE01	1.00	1000.00	0.00	0.00	CHANGE
ZZT-SH01	1.00	1000.00	0.00	0.00	CHANGE
ZZT-SH02	1.00	1000.00	0.00	0.00	CHANGE
ZZT-SH03	0.00	0.00	0.00	0.00	SAME
ZZT-SH04	0.00	0.00	0.00	0.00	SAME
ZZT-SH05	0.00	0.00	0.00	0.00	SAME
ZZT-SH06	0.00	0.00	0.00	0.00	SAME
ZZT-SH07	0.00	0.00	0.00	0.00	SAME
ZZTABL01	1.00	1000.00	0.00	0.00	CHANGE
ZZTANG01	1.00	1000.00	0.00	0.00	CHANGE
ZZTANG02	1.00	0.00	1.00	1.00	CHANGE
ZZTANG03	1.00	1000.00	0.00	0.00	CHANGE
ZZTANG04	1.00	0.00	1.00	1.00	CHANGE
ZZTANG05	1.00	0.00	1.00	1.00	CHANGE
ZZTANG06	1.00	0.00	1.00	1.00	CHANGE
ZZTAPE01	1.00	1000.00	0.00	0.00	CHANGE
ZZTAS01	0.00	0.00	0.00	0.00	SAME
ZZTEFL01	1.00	1000.00	0.00	0.00	CHANGE
ZZTEKO01	1.00	1000.00	0.00	0.00	CHANGE
ZZTEKO02	1.00	1000.00	0.00	0.00	CHANGE
ZZTEND01	0.00	0.00	0.00	0.00	SAME
ZZTOPI01	1.00	1000.00	0.00	0.00	CHANGE
ZZTOPI02	1.00	1000.00	0.00	0.00	CHANGE
ZZTOPI03	1.00	1000.00	0.00	0.00	CHANGE
ZZTOPI04	1.00	1000.00	0.00	0.00	CHANGE
ZZTOPI05	1.00	1000.00	0.00	0.00	CHANGE
ZZTOPI06	1.00	1000.00	0.00	0.00	CHANGE
ZZTOPI07	1.00	1000.00	0.00	0.00	CHANGE
ZZTOPI08	1.00	1000.00	0.00	0.00	CHANGE
ZZTOPI09	1.00	1000.00	0.00	0.00	CHANGE
ZZTOPI10	1.00	1000.00	0.00	0.00	CHANGE
ZZTOPI11	1.00	1000.00	0.00	0.00	CHANGE
ZZTOPI12	1.00	1000.00	0.00	0.00	CHANGE
ZZTOPI13	1.00	1000.00	0.00	0.00	CHANGE
ZZTOPI14	1.00	1000.00	0.00	0.00	CHANGE
ZZTOPI15	1.00	1000.00	0.00	0.00	CHANGE
ZZTOPI16	1.00	1000.00	0.00	0.00	CHANGE
ZZTOPI17	1.00	1000.00	0.00	0.00	CHANGE
ZZTOPI18	1.00	1000.00	0.00	0.00	CHANGE
ZZTOPI19	0.00	0.00	0.00	0.00	SAME
ZZTVAK01	0.00	0.00	0.00	0.00	SAME
ZZTVL01	0.00	0.00	0.00	0.00	SAME
ZZTVL02	0.00	0.00	0.00	0.00	SAME
ZZTVL03	0.00	0.00	0.00	0.00	SAME
ZZTVL04	0.00	0.00	0.00	0.00	SAME
ZZTVL05	0.00	0.00	0.00	0.00	SAME
ZZTVL06	0.00	0.00	0.00	0.00	SAME
ZZTVLE01	0.00	0.00	0.00	0.00	SAME
ZZTVLE02	0.00	0.00	0.00	0.00	SAME
ZZTVLE05	0.00	0.00	0.00	0.00	SAME
ZZTVLE06	0.00	0.00	0.00	0.00	SAME
ZZTVLE08	0.00	0.00	0.00	0.00	SAME
ZZTVLE09	0.00	0.00	0.00	0.00	SAME
ZZTVLE10	0.00	0.00	0.00	0.00	SAME
ZZTVLE11	0.00	0.00	0.00	0.00	SAME
ZZTVLG01	0.00	0.00	0.00	0.00	SAME
ZZTVLG02	0.00	0.00	0.00	0.00	SAME
ZZTVS01	0.00	0.00	0.00	0.00	SAME
ZZTVS02	0.00	0.00	0.00	0.00	SAME
ZZTVSA01	0.00	0.00	0.00	0.00	SAME
ZZUMBU01	1.00	1000.00	0.00	0.00	CHANGE
ZZUMBU02	1.00	1.00	1.00	1.00	SAME
ZZUMBU03	1.00	1.00	1.00	1.00	SAME
ZZUMBU04	1.00	1000.00	0.00	0.00	CHANGE
ZZUMBU05	1.00	1000.00	1.00	1000.00	SAME
ZZUMBU06	1.00	1000.00	0.00	0.00	CHANGE
ZZUMBU07	0.00	0.00	0.00	0.00	SAME
ZZUMBU09	0.00	0.00	0.00	0.00	SAME
ZZUMBU10	0.00	0.00	0.00	0.00	SAME
ZZUMBU15	0.00	0.00	0.00	0.00	SAME
ZZUMBU16	0.00	0.00	0.00	0.00	SAME
ZZWAJA01	1.00	1000.00	0.00	0.00	CHANGE
ZZXBAN01	0.00	0.00	0.00	0.00	SAME
ZZYUPI01	1.00	1000.00	0.00	0.00	CHANGE
ZZZENT01	1.00	1000.00	0.00	0.00	CHANGE
QPUPU160	1.00	10000.00	1.00	1.00	CHANGE
QCHAM04	14.00	1000.00	1.00	1.00	CHANGE
QSPON081	10.00	1000.00	10.00	1000.00	SAME
QROUN011	12.00	1000.00	12.00	1000.00	SAME
